stdntid,gkschid,Z,D,gkclasssize,g1classsize,gender,race,gkfreelunch,age_kentry,gkrepeat,gkspeced,gksurban,gktreadss,gktmathss,gkreadmath,g1treadss,g1tmathss,g1readmath
10133,169280,0,0,22,25,1,0,0,5.308333397,0,0,2,427,478,905,487,549,1036
10246,218562,0,0,17,24,0,1,0,5.794444561,0,0,4,450,494,944,579,572,1151
10263,205492,1,1,17,18,0,0,1,6.991666794,0,0,2,483,513,996,512,562,1074
10275,161176,0,0,24,26,1,1,0,6.811110973,0,0,3,411,468,879,450,486,936
10281,189382,1,1,13,17,1,1,0,6.991666794,0,0,2,443,473,916,495,526,1021
10282,189382,0,0,24,22,1,1,1,7.050000191,0,0,2,448,449,897,544,523,1067
10285,201449,1,1,14,17,0,1,1,7.061110973,0,0,3,463,520,983,533,549,1082
10286,230612,0,0,23,20,1,1,0,6.955555439,0,0,3,472,536,1008,509,526,1035
10291,169229,0,0,24,21,1,1,0,7.027777672,0,0,2,422,439,861,468,518,986
10295,161176,1,0,17,26,0,1,1,5.824999809,0,0,3,437,463,900,629,520,1149
10299,168211,0,1,24,17,0,1,0,5.088889122,0,0,3,450,484,934,NA,510,NA
10300,173312,0,0,22,20,0,1,0,5.699999809,0,0,3,497,547,1044,558,572,1130
10303,244831,0,1,22,15,1,1,0,5.502777576,0,0,2,408,449,857,456,484,940
10306,244728,1,1,17,13,1,0,0,5.263888836,0,0,1,NA,NA,NA,519,523,1042
10312,244755,0,0,20,23,1,0,0,5.508333206,0,0,1,411,444,855,516,493,1009
10313,218562,1,1,14,13,1,1,1,5.525000095,0,0,4,490,559,1049,590,592,1182
10316,262937,1,1,14,15,0,1,0,5.569444656,0,0,2,503,576,1079,579,627,1206
10318,161183,0,0,23,22,0,1,0,5.611111164,0,0,3,NA,NA,NA,604,572,1176
10322,212522,0,1,21,16,0,1,0,5.736111164,0,0,4,403,459,862,459,472,931
10329,262937,0,0,19,23,0,1,0,5.127777576,0,0,2,495,576,1071,579,562,1141
10330,262937,0,1,22,16,0,1,1,5.563889027,0,0,2,451,528,979,564,545,1109
10331,221571,0,0,23,22,0,0,1,5.719444275,0,0,3,413,468,881,536,535,1071
10333,205491,0,0,23,22,0,1,0,5.183333397,0,1,2,398,444,842,487,481,968
10334,218562,1,1,13,14,0,1,1,5.541666508,0,0,4,483,506,989,629,578,1207
10379,162184,1,1,12,14,0,1,0,6.927777767,0,0,3,431,500,931,604,553,1157
10384,244736,0,0,19,22,0,0,1,5.661110878,0,0,1,472,536,1008,471,500,971
10389,244796,1,1,12,17,1,0,1,5.766666889,0,0,1,NA,NA,NA,431,474,905
10391,244796,1,0,12,17,0,0,1,7.063889027,0,0,1,416,439,855,527,535,1062
10395,162184,1,1,12,13,0,1,1,5.608333111,0,0,3,445,468,913,590,538,1128
10396,244796,1,0,12,17,0,0,1,6.930555344,0,0,1,428,489,917,516,532,1048
10399,244776,1,1,17,17,0,0,1,5.830555439,0,0,1,NA,NA,NA,442,439,881
10425,159171,0,0,27,23,0,0,1,5.261111259,0,0,3,467,489,956,475,515,990
10432,169229,1,1,17,17,1,1,0,5.708333492,0,0,2,461,559,1020,521,512,1033
10473,244723,0,1,25,15,1,0,1,8,0,0,1,414,463,877,487,497,984
10481,215533,1,1,14,16,1,1,0,6.486111164,1,0,3,433,489,922,490,523,1013
10486,169229,0,0,22,21,1,1,1,5.805555344,0,0,2,451,506,957,558,538,1096
10491,244806,0,0,25,23,1,0,1,5.680555344,0,0,1,485,536,1021,524,523,1047
10764,169280,0,1,21,16,1,1,0,6.824999809,0,0,2,461,536,997,604,567,1171
10766,180344,0,0,27,22,1,1,1,5.797222137,0,0,4,414,454,868,428,425,853
10767,201449,0,0,21,25,1,1,1,7.033333302,0,0,3,451,547,998,553,557,1110
10783,257905,0,0,21,22,1,1,0,5.425000191,0,0,4,448,494,942,590,592,1182
10805,215533,0,0,24,22,0,1,1,7.327777863,0,0,3,NA,NA,NA,NA,NA,NA
10817,244755,0,0,22,21,1,0,1,6.677777767,0,0,1,440,439,879,519,477,996
10845,244708,0,0,21,24,0,0,1,8.069444656,0,0,1,NA,NA,NA,483,532,1015
10857,201449,0,1,21,17,0,1,1,7.461111069,1,0,3,419,434,853,483,486,969
10923,193423,1,1,17,14,0,1,1,7.872222424,0,0,3,NA,NA,NA,421,436,857
10935,169229,0,0,22,21,1,1,0,7.997222424,1,0,2,440,484,924,428,488,916
10960,112038,0,0,19,28,1,1,1,8.002778053,0,0,4,390,444,834,419,446,865
10961,112038,0,0,19,28,1,1,1,8.024999619,0,0,4,402,478,880,456,495,951
10975,112038,0,0,19,28,1,1,1,8.033333778,0,0,4,408,429,837,468,463,931
10984,189378,0,0,20,23,0,1,0,7.938889027,1,0,3,436,459,895,524,505,1029
10987,205488,0,1,24,15,0,1,1,8.011111259,1,1,2,428,459,887,475,481,956
10998,221571,0,0,23,23,0,0,1,7.030555725,0,0,3,398,384,782,425,444,869
11004,215533,0,0,23,23,0,0,1,8.016666412,1,0,3,382,405,787,NA,428,NA
11018,225585,0,0,22,26,1,1,0,7.988888741,1,0,3,421,500,921,441,495,936
11025,189382,0,0,24,22,0,1,1,8.06111145,1,1,2,424,444,868,472,465,937
11040,244764,0,0,21,19,0,0,1,8.002778053,0,0,1,413,468,881,431,444,875
11046,112038,0,0,19,28,0,1,1,8.080555916,1,0,4,405,429,834,431,479,910
11049,257905,0,0,21,23,1,1,1,7.516666889,1,1,4,418,434,852,441,NA,NA
11069,244774,0,0,26,26,1,0,1,7.136111259,0,0,1,428,439,867,NA,NA,NA
11077,169229,0,0,25,22,1,1,0,6.963889122,0,0,2,447,528,975,514,572,1086
11079,169229,0,0,25,22,0,1,0,6.961111069,0,0,2,NA,NA,NA,505,567,1072
11086,244697,0,0,27,22,0,0,1,6.947222233,0,0,1,443,494,937,533,592,1125
11089,201449,0,0,22,25,1,1,1,6.636111259,1,0,3,428,489,917,477,520,997
11094,244801,1,1,15,17,0,1,0,6.997222424,0,0,2,436,506,942,530,532,1062
11099,191411,0,0,17,22,1,1,1,6.13055563,1,0,3,414,449,863,NA,479,NA
11106,244780,0,0,23,25,0,0,1,7.072222233,0,0,1,440,559,999,465,490,955
11117,208501,0,1,22,17,1,1,1,6.150000095,1,0,3,407,473,880,468,510,978
11124,215533,0,0,24,22,1,0,1,6.158333302,1,0,3,437,506,943,492,549,1041
11128,201449,0,0,21,25,1,0,0,6.111111164,1,0,3,398,434,832,NA,422,NA
11132,244708,0,0,21,22,0,0,NA,6.263888836,NA,0,1,NA,NA,NA,505,502,1007
11140,244745,0,1,27,18,1,1,1,5.969444275,0,0,2,456,602,1058,579,553,1132
11144,218562,0,0,17,24,1,1,1,6.191666603,1,0,4,436,468,904,469,481,950
11147,257899,0,0,23,22,1,1,0,7.022222042,0,0,3,NA,NA,NA,544,538,1082
11151,203452,0,0,19,23,1,1,0,6.727777958,1,0,3,461,559,1020,604,572,1176
11152,205490,1,1,15,17,0,0,1,6.988888741,0,0,1,419,439,858,477,507,984
11156,205488,0,0,24,19,1,1,1,6.788888931,1,1,2,433,444,877,NA,454,NA
11157,252885,0,0,20,27,0,1,0,6.127777576,1,0,3,485,513,998,494,520,1014
11160,244755,1,0,15,23,1,0,1,6.388888836,0,0,1,458,602,1060,428,470,898
11162,257899,0,0,24,22,1,1,1,6.091666698,1,1,3,405,429,834,NA,479,NA
11170,112038,0,0,19,28,1,1,1,6.177777767,1,0,4,410,468,878,444,479,923
11171,112038,0,0,19,28,0,0,1,6.163888931,1,0,4,408,449,857,441,458,899
11177,205490,0,0,24,24,1,0,1,6.952777863,0,0,1,433,494,927,527,653,1180
11178,205490,0,0,24,24,1,0,1,6.958333492,0,0,1,433,463,896,533,545,1078
11179,244776,0,0,23,22,1,0,1,6.413888931,1,0,1,450,468,918,475,479,954
11184,234628,0,0,22,22,1,1,0,6.219444275,1,0,3,456,439,895,453,497,950
11187,205492,1,1,17,18,0,0,0,6.980555534,0,0,2,436,484,920,483,510,993
11188,205490,0,0,24,24,1,0,1,5.983333111,0,0,1,NA,NA,NA,651,601,1252
11193,205492,0,0,23,29,0,0,1,7.002777576,0,0,2,436,473,909,474,542,1016
11197,205488,0,1,24,15,0,1,0,7.00555563,0,0,2,458,576,1034,629,627,1256
11202,205490,0,0,24,24,0,0,1,7.013888836,0,0,1,410,439,849,536,584,1120
11203,205492,1,0,16,24,0,0,1,7.019444466,0,0,2,485,506,991,512,500,1012
11206,203452,0,0,19,24,1,1,0,7.033333302,0,0,3,460,602,1062,553,612,1165
11208,161183,0,0,21,20,0,1,1,7.036110878,0,0,3,453,528,981,629,578,1207
11210,128079,1,1,16,16,0,1,0,7.058333397,0,0,3,580,500,1080,629,529,1158
11211,161183,0,0,22,21,0,1,0,7.074999809,0,0,3,443,506,949,533,592,1125
11213,205490,0,0,24,24,0,0,1,7.027777672,0,0,1,403,418,821,463,584,1047
11214,203452,0,0,23,22,1,1,0,6.150000095,0,0,3,439,449,888,540,510,1050
11217,180344,0,0,24,20,1,1,0,7.002777576,0,0,4,431,463,894,512,553,1065
11219,205491,0,0,23,22,0,1,1,7.061110973,0,1,2,431,429,860,477,484,961
11220,161176,0,0,24,26,0,1,0,6.991666794,0,0,3,414,412,826,509,474,983
11234,231616,1,1,14,15,1,1,1,5.138888836,1,0,3,434,528,962,533,557,1090
11235,180344,0,0,24,22,1,1,0,6.211111069,0,0,4,NA,NA,NA,564,512,1076
11236,244806,0,0,25,22,1,0,1,7.522222042,0,0,1,428,463,891,417,441,858
11255,205491,1,1,14,17,1,1,1,6.24444437,1,0,2,447,500,947,512,545,1057
11261,209510,1,1,14,14,1,1,0,6.199999809,1,0,3,407,412,819,NA,477,NA
11267,193423,1,1,16,14,1,1,1,6.24444437,0,0,3,434,528,962,495,507,1002
11275,221571,0,0,23,24,1,1,1,6.230555534,1,0,3,388,412,800,NA,NA,NA
11300,244780,1,1,17,17,0,0,1,6.216666698,0,0,1,485,559,1044,460,481,941
11301,244799,0,0,21,20,0,0,1,6.680555344,1,1,2,NA,NA,NA,NA,529,NA
11303,168211,0,0,23,30,0,1,0,7.038888931,0,0,3,442,454,896,NA,529,NA
11305,252885,1,1,14,17,0,1,1,6.186110973,1,0,3,453,559,1012,463,488,951
11311,112038,1,1,16,17,1,1,1,6.297222137,1,0,4,413,454,867,456,512,968
11321,164198,0,0,21,23,1,1,0,6.263888836,1,1,3,390,429,819,NA,477,NA
11323,234628,0,0,22,21,1,1,0,6.266666889,1,0,3,416,506,922,507,578,1085
11324,168211,1,1,16,19,1,1,0,6.286110878,1,0,3,403,444,847,NA,NA,NA
11328,169229,0,0,24,21,1,1,0,6.25555563,0,0,2,453,473,926,488,495,983
11332,244745,1,0,15,18,0,1,0,6.75555563,0,0,2,434,489,923,468,497,965
11334,244780,0,0,23,25,0,0,1,6.777777672,0,0,1,478,547,1025,472,515,987
11352,189382,0,0,24,22,0,1,0,6.280555725,1,1,2,436,459,895,499,518,1017
11354,244776,0,0,23,22,1,0,1,5.838889122,1,0,1,433,463,896,462,465,927
11363,244801,0,0,24,25,1,0,1,6.861111164,1,0,2,421,506,927,NA,NA,NA
11369,193423,1,1,16,14,0,1,0,6.322222233,0,0,3,450,513,963,499,477,976
11379,244801,0,0,24,25,0,1,0,6.913888931,0,0,2,422,547,969,485,510,995
11382,228606,1,0,16,21,0,1,0,6.358333111,1,0,3,437,463,900,514,529,1043
11388,244727,0,1,21,13,0,0,0,6.927777767,0,0,2,421,506,927,519,515,1034
11389,244796,1,1,13,17,1,0,1,6.927777767,0,0,1,460,500,960,540,529,1069
11391,244776,1,1,15,17,1,0,1,6.866666794,1,0,1,421,506,927,448,505,953
11393,244746,1,1,16,15,1,0,1,6.933333397,0,0,1,463,536,999,536,553,1089
11394,244774,1,1,16,17,1,0,1,6.933333397,0,0,1,414,478,892,519,488,1007
11397,244727,1,1,17,18,0,0,0,6.922222137,0,0,2,450,536,986,579,592,1171
11398,244697,0,0,27,21,1,0,1,6.936110973,0,0,1,424,429,853,499,486,985
11400,244727,0,1,21,18,0,0,0,6.922222137,0,0,2,448,473,921,524,557,1081
11401,244755,1,1,15,15,0,0,1,6.936110973,0,0,1,503,576,1079,488,535,1023
11402,244774,0,0,26,24,1,0,1,6.936110973,0,0,1,440,536,976,516,532,1048
11403,244806,0,0,25,23,0,0,1,6.936110973,0,0,1,470,463,933,463,535,998
11404,244697,0,0,27,19,1,0,1,6.941666603,0,0,1,433,468,901,459,488,947
11405,244697,0,0,27,21,0,0,1,6.941666603,0,0,1,431,468,899,472,507,979
11406,244755,0,0,22,21,0,0,1,6.941666603,0,0,1,424,459,883,536,505,1041
11407,244755,0,0,22,22,0,0,1,6.944444656,0,0,1,436,459,895,471,472,943
11408,244746,0,1,19,15,1,0,1,6.944444656,0,0,1,442,444,886,438,449,887
11410,244755,1,1,16,12,1,0,1,5.949999809,0,0,1,434,506,940,499,553,1052
11411,244708,0,0,22,22,0,0,1,6.949999809,0,0,1,421,454,875,494,490,984
11413,244839,0,0,21,26,0,0,0,6.961111069,0,0,2,442,528,970,NA,NA,NA
11415,244697,1,1,16,17,1,0,1,6.958333492,0,0,1,419,463,882,492,542,1034
11417,244697,0,0,27,20,0,0,1,6.961111069,0,0,1,410,459,869,512,526,1038
11418,244806,0,0,26,21,1,0,1,6.963889122,0,0,1,461,478,939,499,518,1017
11420,244796,1,0,12,17,1,0,1,6.305555344,0,0,1,431,423,854,507,515,1022
11421,244839,0,0,23,24,0,0,0,6.977777958,0,0,2,490,602,1092,590,584,1174
11422,244708,0,0,22,25,1,0,1,6.986111164,0,0,1,388,405,793,553,567,1120
11423,244697,1,1,16,16,1,0,1,6.988888741,0,0,1,428,468,896,494,542,1036
11424,244697,0,0,27,19,1,0,1,6.961111069,0,0,1,416,439,855,463,461,924
11425,244697,0,0,27,21,0,0,1,6.986111164,0,0,1,414,484,898,469,502,971
11427,244806,0,0,25,23,0,0,1,6.972222328,0,0,1,NA,NA,NA,NA,627,NA
11428,244796,0,0,19,24,0,0,1,6.972222328,0,0,1,430,489,919,487,510,997
11430,244799,1,0,14,19,0,0,0,6.977777958,0,0,2,433,506,939,590,535,1125
11432,244806,1,1,14,15,1,0,1,6.977777958,0,0,1,425,468,893,492,512,1004
11433,244796,0,0,19,24,1,0,1,6.972222328,0,0,1,419,468,887,490,495,985
11435,244839,1,1,16,16,1,0,0,7,0,0,2,NA,NA,NA,571,578,1149
11436,244806,0,0,25,22,0,0,1,6.988888741,0,0,1,461,494,955,478,507,985
11437,244755,0,0,20,21,1,0,1,6.991666794,0,0,1,434,500,934,571,535,1106
11438,244697,0,0,27,21,0,0,1,6.99444437,0,1,1,430,513,943,530,567,1097
11439,244708,1,1,16,16,1,0,1,6.99444437,0,0,1,442,506,948,509,578,1087
11440,244799,1,1,14,16,1,0,1,6.997222424,0,0,2,422,468,890,516,529,1045
11441,244723,0,0,26,23,1,0,1,7.038888931,0,0,1,400,429,829,441,463,904
11442,244746,0,0,21,23,0,0,0,6.969444275,0,0,1,427,576,1003,564,627,1191
11443,244697,0,0,26,19,1,0,1,7.013888836,0,0,1,408,449,857,472,538,1010
11445,244755,0,0,20,23,1,0,1,6.961111069,0,0,1,458,478,936,483,523,1006
11446,244831,0,0,22,24,0,1,0,6.99444437,0,0,2,NA,444,NA,450,444,894
11447,244745,0,0,23,24,1,1,NA,6.941666603,NA,0,2,467,528,995,548,518,1066
11452,244839,0,0,23,22,0,0,0,7.022222042,0,0,2,480,602,1082,509,526,1035
11457,244776,0,0,22,25,0,0,1,7.002777576,0,0,1,467,520,987,434,493,927
11458,244801,1,1,15,17,0,1,0,7.00555563,0,0,2,445,500,945,571,538,1109
11463,244776,0,0,24,22,0,0,1,6.008333206,0,0,1,NA,NA,NA,471,474,945
11464,244746,0,0,19,23,0,0,1,7.011111259,0,0,1,447,459,906,527,584,1111
11466,244774,0,0,22,23,0,0,1,7.019444466,0,0,1,NA,NA,NA,471,486,957
11470,257899,1,1,17,15,1,1,1,6.313889027,1,1,3,405,484,889,NA,NA,NA
11471,244774,1,1,16,17,0,0,1,7.025000095,0,0,1,439,602,1041,604,584,1188
11476,244796,1,0,13,17,1,0,1,7.036110878,0,0,1,403,459,862,NA,NA,NA
11477,244727,0,0,21,21,0,0,1,7.036110878,0,0,2,433,500,933,530,549,1079
11478,244723,0,0,26,26,1,0,1,7.036110878,0,0,1,424,439,863,488,495,983
11483,123056,0,0,23,25,1,1,1,6.322222233,1,0,3,NA,NA,NA,462,490,952
11484,244780,0,0,23,25,1,0,1,7.047222137,0,0,1,470,602,1072,503,572,1075
11491,244728,0,0,17,22,0,0,1,7.055555344,0,0,1,424,473,897,501,520,1021
11492,244776,0,0,23,25,0,0,1,7.058333397,0,0,1,474,478,952,501,505,1006
11493,244708,0,0,22,25,1,0,1,7.061110973,0,0,1,414,444,858,468,468,936
11494,244774,0,0,26,26,1,0,1,7.061110973,0,0,1,395,434,829,434,484,918
11496,244697,1,1,15,17,0,0,1,7.066666603,0,0,1,461,454,915,540,526,1066
11497,244708,0,0,21,25,1,0,1,7.069444656,0,0,1,358,384,742,463,495,958
11499,161176,0,0,24,26,1,1,1,6.377777576,0,0,3,414,449,863,457,468,925
11503,244780,1,1,17,17,0,0,0,7.058333397,0,0,1,465,626,1091,439,472,911
11504,244727,1,1,17,18,1,0,1,7.061110973,0,0,2,476,513,989,579,584,1163
11505,244708,1,1,16,16,1,0,1,7.061110973,0,0,1,411,439,850,466,481,947
11506,123056,0,0,24,25,1,1,0,6.344444275,0,1,3,419,484,903,497,538,1035
11508,168214,0,0,22,25,1,1,0,6.383333206,1,0,3,439,500,939,NA,490,NA
11513,244745,0,0,28,24,0,1,1,7.066666603,0,0,2,450,478,928,439,470,909
11514,244806,0,0,25,23,0,0,1,7.072222233,0,0,1,450,576,1026,485,526,1011
11515,244697,0,0,27,21,0,0,1,7.066666603,0,0,1,397,423,820,457,465,922
11517,193422,0,0,22,25,0,1,1,6.827777863,1,0,3,424,473,897,462,512,974
11520,244799,0,0,21,20,0,0,1,7.086111069,0,0,2,430,468,898,571,532,1103
11522,244776,1,1,15,17,0,0,0,7.030555725,0,0,1,NA,NA,NA,495,510,1005
11526,244799,0,0,18,22,0,0,1,7.002777576,0,0,2,439,484,923,558,542,1100
11527,244799,0,0,21,22,1,0,1,7.041666508,0,0,2,410,489,899,483,515,998
11530,244839,0,0,21,24,0,0,0,7.016666889,1,0,2,450,536,986,590,572,1162
11536,169219,1,1,13,17,0,1,1,6.411110878,1,0,2,418,473,891,495,495,990
11537,201449,0,0,21,24,1,1,0,6.319444656,0,0,3,433,547,980,488,545,1033
11539,112038,1,1,16,17,1,0,1,6.408333302,1,0,4,402,439,841,423,458,881
11540,180344,1,1,16,16,1,1,0,6.383333206,1,0,4,407,454,861,495,520,1015
11545,189378,1,1,15,15,1,1,1,6.313889027,1,0,3,422,459,881,482,518,1000
11557,215533,1,1,17,15,1,1,1,6.413888931,1,0,3,405,473,878,425,488,913
11559,216536,0,0,24,22,0,1,0,6.36944437,1,0,3,411,454,865,457,490,947
11561,159171,0,0,24,23,1,1,1,6.308333397,1,0,3,467,489,956,465,538,1003
11573,257899,0,0,23,22,1,1,1,6.336111069,0,0,3,414,484,898,459,497,956
11577,130085,0,0,20,23,1,1,1,6.422222137,1,0,2,430,468,898,536,545,1081
11583,168214,0,0,22,23,1,1,1,6.502777576,1,0,3,NA,NA,NA,544,502,1046
11587,264945,0,0,23,26,1,1,0,6.436110973,1,0,2,408,439,847,NA,463,NA
11589,201449,1,1,15,15,1,0,1,6.452777863,1,0,3,421,449,870,NA,481,NA
11591,264945,1,1,15,17,1,1,0,6.472222328,0,0,2,439,489,928,503,490,993
11595,165199,0,0,22,22,1,1,0,6.458333492,0,0,4,507,559,1066,651,627,1278
11607,218562,0,0,17,24,1,1,0,6.341666698,0,0,4,455,576,1031,629,653,1282
11613,203452,1,1,16,17,0,1,0,6.480555534,1,0,3,391,444,835,495,481,976
11617,189382,0,0,23,22,1,1,1,6.483333111,1,1,2,405,418,823,495,512,1007
11628,215533,0,0,23,22,1,0,1,6.466666698,1,0,3,395,489,884,514,535,1049
11630,215533,0,0,23,23,0,1,1,7.074999809,0,0,3,428,500,928,483,526,1009
11633,221574,1,1,13,13,1,1,0,6.488888741,1,0,3,424,463,887,487,512,999
11634,228606,1,1,16,14,1,1,0,6.455555439,0,0,3,503,602,1105,651,612,1263
11640,228606,0,0,25,20,0,1,0,6.622222424,0,0,3,445,547,992,579,567,1146
11646,216536,0,0,22,21,0,1,1,6.452777863,1,0,3,433,463,896,480,515,995
11647,253888,1,1,13,13,0,1,1,6.469444275,1,1,3,411,444,855,NA,449,NA
11649,257899,0,0,25,23,1,1,1,6.488888741,1,0,3,408,473,881,445,479,924
11651,228606,1,0,16,21,0,1,0,6.452777863,0,0,3,447,536,983,564,612,1176
11656,112038,0,0,19,28,1,0,1,6.511111259,1,0,4,400,444,844,453,472,925
11664,166203,1,1,15,13,1,1,0,6.572222233,0,0,4,414,454,868,492,518,1010
11666,165199,0,0,22,22,0,1,0,6.552777767,1,0,4,418,459,877,507,512,1019
11669,234628,1,1,16,13,1,1,1,6.563889027,0,0,3,413,454,867,475,465,940
11672,168214,0,0,22,23,0,1,0,6.580555439,1,0,3,439,520,959,521,526,1047
11673,168214,1,1,14,17,1,1,0,6.580555439,0,0,3,NA,NA,NA,558,653,1211
11674,259915,0,0,26,24,1,1,0,6.538888931,1,0,3,451,536,987,540,532,1072
11678,264945,0,0,22,27,1,1,0,6.552777767,0,0,2,485,576,1061,558,612,1170
11681,262937,1,1,13,16,1,1,0,5.580555439,0,0,2,458,559,1017,553,545,1098
11698,193423,1,1,16,14,0,1,1,6.558333397,1,0,3,439,547,986,441,518,959
11704,221571,1,1,15,14,1,1,0,6.583333492,1,0,3,402,412,814,430,444,874
11705,225585,0,0,23,26,1,1,0,6.519444466,1,0,3,439,536,975,NA,472,NA
11708,234628,0,0,23,21,1,1,1,6.563889027,0,0,3,403,444,847,536,529,1065
11722,112038,0,0,19,28,1,0,0,6.644444466,1,0,4,407,463,870,436,461,897
11725,128079,0,0,21,20,1,1,1,6.633333206,1,1,3,416,484,900,NA,532,NA
11733,123056,1,1,17,19,1,1,1,6.61944437,0,0,3,413,444,857,469,510,979
11739,169229,0,0,22,21,1,0,1,6.61944437,1,0,2,413,423,836,417,449,866
11742,169229,0,0,22,21,1,1,0,6.658333302,1,0,2,451,473,924,474,502,976
11744,169229,0,0,24,20,1,1,0,6.666666508,1,0,2,436,468,904,490,505,995
11750,189378,1,1,15,15,1,1,0,6.511111259,1,1,3,405,434,839,456,441,897
11763,215533,0,0,23,23,1,1,0,6.658333302,0,0,3,400,439,839,499,557,1056
11769,221574,0,0,20,21,1,1,0,6.63055563,1,0,3,410,423,833,465,477,942
11784,193422,0,0,22,26,1,1,0,6.658333302,1,0,3,461,513,974,548,542,1090
11787,168211,0,0,24,29,0,0,1,7,0,0,3,433,478,911,NA,507,NA
11790,123056,1,1,17,19,1,1,1,6.719444275,1,1,3,NA,NA,NA,471,526,997
11793,128076,0,0,23,21,1,1,0,6.730555534,0,0,2,413,399,812,426,446,872
11795,164198,0,0,21,23,1,1,0,6.666666508,0,0,3,447,520,967,505,553,1058
11804,168211,1,1,16,19,1,1,1,6.611111164,1,1,3,NA,NA,NA,NA,NA,NA
11815,216536,1,1,17,14,1,1,0,6.705555439,0,0,3,425,500,925,530,545,1075
11817,169219,0,1,22,17,0,1,0,6.719444275,0,0,2,476,536,1012,604,653,1257
11820,221574,1,1,13,13,0,1,0,6.736111164,0,0,3,428,459,887,492,520,1012
11829,203452,0,0,21,24,1,1,0,6.730555534,1,0,3,580,576,1156,651,627,1278
11831,189382,0,0,23,22,1,1,0,6.669444561,1,1,2,461,489,950,544,535,1079
11832,205491,0,0,23,18,1,1,0,6.697222233,1,0,2,418,520,938,507,567,1074
11833,201449,0,0,22,25,0,0,1,6.680555344,1,0,3,407,405,812,NA,449,NA
11843,203452,1,1,16,17,1,1,1,6.741666794,1,0,3,410,454,864,548,553,1101
11848,208501,0,1,22,17,0,1,0,6.644444466,0,0,3,NA,NA,NA,485,529,1014
11856,215533,0,0,24,23,0,1,0,6.680555344,0,0,3,492,559,1051,553,572,1125
11865,193422,1,1,16,18,1,1,0,6.74444437,0,0,3,483,559,1042,590,584,1174
11869,221571,1,1,15,15,1,0,1,6.705555439,0,0,3,397,439,836,454,456,910
11870,209510,1,1,14,14,1,1,0,6.711111069,0,0,3,430,489,919,590,529,1119
11871,221571,0,0,21,24,0,1,1,6.74444437,1,0,3,405,399,804,474,490,964
11875,228606,0,0,24,22,0,1,0,6.691666603,1,0,3,427,478,905,530,584,1114
11876,162184,1,1,12,14,1,1,1,6.711111069,1,0,3,405,513,918,494,572,1066
11883,244799,0,1,18,16,1,0,0,5.666666508,0,0,2,425,463,888,571,545,1116
11886,244776,1,1,17,17,1,0,1,6.666666508,0,0,1,453,528,981,NA,526,NA
11891,257899,0,0,25,22,0,1,1,6.716666698,1,0,3,439,506,945,477,465,942
11892,257899,1,1,17,13,1,1,0,6.719444275,0,1,3,419,478,897,524,553,1077
11899,221574,0,0,19,21,1,0,0,6.724999905,1,0,3,428,468,896,468,497,965
11901,221574,0,0,20,22,1,1,1,6.775000095,1,0,3,419,468,887,509,523,1032
11902,166203,0,0,25,21,1,1,1,6.797222137,0,0,4,439,454,893,469,502,971
11907,130085,1,1,13,17,1,1,0,6.786110878,0,0,2,483,602,1085,590,653,1243
11910,164198,0,0,21,23,1,1,1,6.738888741,1,1,3,398,439,837,NA,481,NA
11914,164198,1,1,13,13,0,1,0,6.786110878,0,0,3,470,576,1046,564,553,1117
11916,165199,0,0,22,22,0,1,0,6.788888931,0,0,4,443,547,990,527,567,1094
11917,164198,0,0,21,23,1,0,1,6.758333206,0,1,3,421,449,870,NA,502,NA
11919,165199,1,1,13,14,1,1,0,6.797222137,0,0,4,476,576,1052,564,601,1165
11920,165199,1,1,13,14,1,1,0,6.802777767,0,0,4,474,536,1010,558,612,1170
11926,169219,0,0,22,22,1,1,0,6.758333206,0,0,2,490,528,1018,571,572,1143
11927,262937,1,1,14,16,1,1,0,6.758333206,0,0,2,497,602,1099,629,592,1221
11934,169219,1,1,13,17,0,1,1,6.777777672,1,0,2,453,602,1055,507,612,1119
11937,169229,0,0,22,20,1,1,0,6.786110878,0,0,2,465,559,1024,604,653,1257
11938,169231,1,1,15,14,1,1,1,6.788888931,0,0,1,395,418,813,428,477,905
11939,244839,1,1,15,16,1,1,0,6.991666794,0,0,2,448,528,976,604,627,1231
11940,264945,1,1,15,17,1,1,0,6.791666508,0,0,2,468,528,996,651,578,1229
11944,169229,0,0,24,20,1,0,1,6.794444561,0,0,2,405,494,899,487,500,987
11946,221574,0,0,20,22,0,1,0,6.797222137,0,0,3,456,489,945,540,538,1078
11948,169219,0,0,22,22,0,1,0,6.802777767,0,0,2,476,520,996,553,601,1154
11949,216536,0,0,22,24,1,1,0,6.805555344,0,0,3,439,500,939,501,578,1079
11952,201449,0,0,22,25,1,1,0,6.816666603,0,0,3,437,528,965,553,572,1125
11956,169280,0,0,22,25,0,1,0,6.669444561,0,0,2,440,484,924,651,572,1223
11957,169229,1,1,17,17,1,1,1,5.733333111,1,0,2,430,473,903,456,449,905
11959,201449,0,0,22,24,1,1,0,6.797222137,0,0,3,422,506,928,530,557,1087
11961,180344,1,1,16,16,0,1,0,6.802777767,0,0,4,453,528,981,629,592,1221
11967,218562,1,1,13,13,0,1,0,6.813889027,0,0,4,440,468,908,530,526,1056
11970,189396,1,1,17,17,0,1,0,6.741666794,0,0,3,408,412,820,457,488,945
11973,201449,0,0,22,26,0,1,0,6.752777576,0,0,3,425,429,854,521,512,1033
11974,201449,1,1,14,15,1,1,0,6.808333397,0,0,3,460,547,1007,579,676,1255
11976,205488,0,0,24,19,1,1,0,6.808333397,1,0,2,421,484,905,447,502,949
11979,128076,1,1,13,15,1,1,0,6.791666508,0,0,2,451,506,957,571,627,1198
11980,205491,0,0,23,22,0,1,0,6.747222424,1,0,2,416,494,910,536,535,1071
11987,193423,1,1,17,15,1,1,1,6.766666889,0,0,3,400,405,805,433,441,874
11988,215533,0,0,23,23,0,1,0,6.769444466,0,0,3,463,576,1039,558,542,1100
11989,215533,0,0,24,23,1,0,1,6.802777767,1,0,3,419,506,925,519,557,1076
11990,215533,0,0,24,23,0,1,0,6.805555344,0,0,3,439,484,923,530,549,1079
11991,193422,1,1,16,18,1,1,0,6.819444656,0,0,3,416,468,884,490,538,1028
11992,259915,1,1,14,14,1,1,0,6.936110973,0,0,3,437,473,910,490,545,1035
11994,215533,0,0,24,23,1,1,1,6.822222233,1,0,3,NA,NA,NA,477,535,1012
11995,193422,0,0,20,26,1,1,0,6.824999809,0,0,3,458,484,942,503,515,1018
11998,259915,0,0,24,24,1,1,1,6.980555534,0,0,3,430,528,958,548,567,1115
11999,215533,0,0,24,23,0,1,0,5.777777672,0,0,3,463,528,991,548,553,1101
12000,159171,0,0,22,23,1,1,1,6.805555344,1,0,3,445,500,945,485,542,1027
12001,170295,1,0,15,23,1,1,1,6.805555344,1,0,3,416,468,884,428,NA,NA
12002,215533,1,1,17,15,1,1,0,6.805555344,1,1,3,400,423,823,NA,439,NA
12003,159171,0,0,27,23,1,0,1,6.816666603,1,0,3,424,444,868,472,500,972
12005,209510,0,0,24,23,0,1,0,6.75555563,1,0,3,413,439,852,485,495,980
12007,221571,0,0,23,23,1,1,0,6.800000191,0,0,3,437,444,881,501,584,1085
12008,221571,0,0,23,24,0,1,0,6.805555344,0,0,3,410,500,910,503,529,1032
12010,209510,0,0,24,23,0,1,0,6.819444656,0,0,3,411,418,829,497,481,978
12014,228606,1,0,16,22,1,1,0,6.752777576,0,0,3,437,513,950,514,612,1126
12015,228606,0,0,25,21,0,1,0,6.788888931,0,0,3,424,547,971,527,592,1119
12016,231616,0,0,21,21,0,1,1,6.811110973,0,0,3,455,506,961,NA,NA,NA
12023,180344,0,0,24,22,0,1,1,6.769444466,1,0,4,427,459,886,477,495,972
12024,244776,0,0,22,25,1,0,1,6.772222042,0,0,1,408,429,837,431,458,889
12036,130085,1,1,17,17,1,1,0,6.800000191,0,0,2,465,576,1041,558,627,1185
12038,216536,0,0,24,24,1,1,1,6.763888836,1,0,3,410,439,849,512,542,1054
12040,252885,0,0,20,27,0,1,1,6.822222233,0,0,3,391,429,820,487,472,959
12045,257905,0,0,22,22,0,1,1,6.794444561,1,0,4,437,454,891,509,545,1054
12046,253888,0,0,17,20,1,1,0,6.816666603,1,0,3,428,494,922,NA,553,NA
12047,257905,0,0,22,22,0,1,0,7.016666889,0,0,4,522,559,1081,651,627,1278
12048,257905,1,1,12,15,1,1,1,6.75,1,0,4,403,434,837,439,449,888
12050,180344,0,0,25,22,1,1,0,6.672222137,0,0,4,425,484,909,501,562,1063
12051,261927,0,0,24,21,0,1,0,6.794444561,0,0,3,443,489,932,533,490,1023
12055,112038,0,0,19,28,1,1,0,6.891666889,1,0,4,419,463,882,468,520,988
12056,261927,0,0,22,21,1,1,0,6.916666508,0,0,3,472,513,985,629,627,1256
12057,130085,1,1,13,17,1,1,1,6.838889122,1,1,2,391,439,830,428,444,872
12062,161183,0,0,23,23,1,1,1,6.852777958,0,0,3,453,559,1012,564,535,1099
12063,161176,0,0,24,26,1,1,1,6.855555534,0,0,3,402,449,851,462,490,952
12066,168214,0,0,23,23,0,1,0,6.838889122,0,0,3,443,520,963,516,542,1058
12067,123056,0,0,24,25,0,1,0,6.838889122,0,0,3,443,500,943,527,557,1084
12068,168214,0,0,23,25,0,1,0,6.858333111,1,0,3,437,547,984,548,572,1120
12069,168214,0,0,22,23,0,1,0,6.861111164,0,0,3,427,454,881,NA,472,NA
12070,168211,0,0,23,29,1,1,0,6.877777576,0,0,3,434,536,970,NA,553,NA
12072,168211,0,0,24,30,0,1,1,6.886111259,0,0,3,408,494,902,NA,518,NA
12073,168211,0,0,23,29,1,1,1,6.886111259,0,0,3,430,468,898,NA,538,NA
12079,168211,1,1,16,19,0,1,1,6.916666508,0,0,3,450,528,978,NA,NA,NA
12081,261927,0,1,23,17,1,1,0,6.783333302,1,0,3,419,489,908,512,567,1079
12085,169229,0,0,25,21,1,1,0,6.838889122,0,0,2,427,494,921,460,500,960
12087,234628,1,1,16,13,0,1,0,6.927777767,0,0,3,460,576,1036,651,627,1278
12091,130085,1,1,13,17,0,1,0,6.863888741,0,0,2,418,459,877,487,484,971
12092,261927,1,1,16,17,1,1,0,7.033333302,0,0,3,461,602,1063,579,592,1171
12093,262937,1,1,13,16,0,1,0,6.866666794,0,0,2,437,513,950,553,553,1106
12094,169229,0,0,25,20,0,0,1,6.86944437,1,0,2,428,478,906,485,502,987
12097,201449,1,1,15,15,1,1,0,6.875,0,0,3,503,513,1016,564,601,1165
12099,262937,1,1,13,15,1,1,0,6.877777576,0,0,2,467,576,1043,604,653,1257
12107,261927,0,0,24,21,0,1,0,6.894444466,0,0,3,442,547,989,590,572,1162
12108,221574,1,1,13,13,1,0,1,6.894444466,1,0,3,419,454,873,490,520,1010
12114,262937,0,0,22,24,1,1,0,6.902777672,0,0,2,518,520,1038,604,532,1136
12117,259915,0,0,24,24,0,1,0,6.911110878,0,0,3,440,513,953,604,545,1149
12124,257899,0,0,24,22,1,1,1,6.844444275,1,0,3,397,434,831,414,441,855
12125,216536,0,0,23,21,0,1,0,7.086111069,0,0,3,460,559,1019,530,549,1079
12126,208503,1,1,14,13,1,1,0,6.941666603,0,0,3,443,500,943,629,578,1207
12127,259915,0,1,26,14,1,1,0,7.008333206,0,0,3,445,473,918,490,538,1028
12128,259915,0,0,24,24,1,1,1,7.011111259,0,0,3,424,506,930,492,526,1018
12130,189378,0,0,19,23,0,1,0,6.802777767,0,0,3,431,506,937,524,542,1066
12135,189378,1,1,15,15,0,1,1,6.883333206,1,0,3,448,494,942,488,549,1037
12136,191411,0,0,19,22,0,1,1,6.841666698,1,0,3,418,434,852,NA,470,NA
12137,203452,1,1,17,17,1,1,0,6.883333206,0,0,3,448,513,961,604,601,1205
12138,212522,0,1,21,17,1,1,0,6.855555534,0,0,4,428,463,891,604,572,1176
12143,205491,1,1,15,17,1,1,0,6.883333206,1,0,2,NA,NA,NA,441,472,913
12144,218562,0,0,17,24,0,1,0,6.905555725,0,0,4,463,547,1010,553,592,1145
12145,212522,1,1,13,16,0,1,1,6.916666508,1,0,4,424,478,902,462,481,943
12148,205488,1,1,17,14,1,1,0,6.855555534,1,0,2,NA,NA,NA,450,463,913
12149,205491,0,0,22,22,0,1,0,6.872222424,1,0,2,474,536,1010,651,567,1218
12154,208501,0,0,22,24,1,1,1,6.877777576,1,0,3,434,478,912,NA,463,NA
12156,180344,1,1,16,16,1,1,0,6.861111164,0,0,4,447,528,975,590,592,1182
12159,215533,0,0,24,22,1,1,0,6.800000191,1,0,3,421,449,870,501,549,1050
12161,221574,0,0,20,21,1,1,0,6.883333206,1,0,3,425,478,903,509,518,1027
12165,225585,0,0,23,26,0,1,0,6.858333111,1,0,3,410,468,878,NA,502,NA
12167,228606,0,0,24,21,1,1,1,6.849999905,1,0,3,437,463,900,629,592,1221
12168,228606,1,0,16,21,1,1,0,6.855555534,0,0,3,402,449,851,NA,502,NA
12169,228606,0,0,25,21,0,1,0,6.863888741,1,0,3,430,559,989,544,567,1111
12170,228606,1,0,16,22,1,1,0,6.88055563,0,1,3,468,602,1070,651,584,1235
12171,228606,0,0,24,22,0,1,0,6.897222042,1,0,3,443,459,902,509,562,1071
12172,162184,1,1,12,13,0,1,1,6.872222424,0,1,3,405,484,889,442,481,923
12178,234628,0,0,23,21,1,0,0,6.847222328,0,0,3,467,506,973,651,676,1327
12179,165199,1,1,13,14,1,1,0,6.838889122,0,0,4,514,559,1073,604,653,1257
12180,165199,0,0,22,22,0,1,0,6.847222328,0,0,4,480,576,1056,604,653,1257
12185,165199,0,0,19,22,1,1,0,6.883333206,0,0,4,483,559,1042,629,601,1230
12188,216536,0,0,23,21,0,1,0,6.852777958,0,0,3,545,520,1065,629,592,1221
12191,252885,0,0,20,28,1,1,1,6.830555439,0,0,3,403,444,847,480,500,980
12192,169229,1,1,17,16,1,1,0,7.022222042,0,0,2,527,547,1074,651,592,1243
12193,252885,0,0,20,28,0,1,1,6.86944437,1,0,3,447,478,925,480,490,970
12198,253888,1,1,13,13,1,1,1,6.841666698,1,0,3,433,513,946,629,549,1178
12199,257899,0,0,25,22,1,1,0,6.844444275,0,0,3,425,444,869,514,505,1019
12202,259915,0,0,24,24,1,1,0,6.99444437,0,0,3,424,506,930,497,523,1020
12203,259915,0,1,26,14,0,1,0,6.955555439,0,0,3,407,463,870,571,567,1138
12205,261927,0,0,22,21,1,1,0,6.883333206,0,0,3,456,547,1003,604,567,1171
12206,221574,1,1,13,13,1,1,1,6.888888836,1,0,3,455,536,991,505,542,1047
12208,234628,0,0,22,21,1,0,0,6.969444275,0,0,3,448,459,907,558,553,1111
12214,130085,0,0,22,23,0,1,0,6.936110973,0,0,2,425,484,909,558,572,1130
12216,128076,0,0,24,21,1,1,0,6.944444656,0,0,2,416,468,884,482,535,1017
12217,128076,0,0,24,21,1,1,0,6.947222233,0,0,2,393,454,847,471,481,952
12221,130085,0,0,20,24,0,1,0,6.988888741,0,0,2,421,484,905,544,567,1111
12223,128076,0,0,24,21,0,1,0,6.991666794,0,0,2,428,484,912,524,526,1050
12225,130085,1,0,13,24,1,1,0,6.916666508,1,1,2,NA,444,NA,NA,NA,NA
12226,257899,0,0,25,22,1,1,0,6.911110878,0,0,3,437,463,900,553,532,1085
12227,161183,1,1,14,14,1,1,0,6.927777767,0,0,3,461,536,997,571,584,1155
12228,161176,0,0,24,26,1,1,0,6.944444656,0,0,3,416,513,929,533,553,1086
12229,161183,1,1,14,14,1,1,0,6.952777863,0,0,3,447,489,936,540,572,1112
12235,164198,1,1,13,13,1,1,1,6.927777767,0,0,3,428,520,948,516,532,1048
12236,165199,0,0,22,22,0,1,1,6.930555344,0,0,4,414,473,887,527,567,1094
12237,166203,1,0,16,24,0,1,0,6.936110973,0,0,4,437,484,921,536,510,1046
12238,166203,0,0,25,23,1,1,1,6.952777863,0,0,4,NA,NA,NA,519,493,1012
12239,165199,0,1,19,14,0,1,0,6.955555439,0,0,4,503,559,1062,579,612,1191
12240,166203,1,1,16,13,1,1,0,6.908333302,0,0,4,416,473,889,501,532,1033
12241,168211,0,0,24,29,0,1,1,6.922222137,0,0,3,416,473,889,NA,NA,NA
12242,168214,1,1,14,17,1,1,0,6.930555344,0,0,3,442,536,978,527,549,1076
12244,264945,1,1,15,17,1,1,0,6.922222137,0,0,2,451,576,1027,548,592,1140
12245,169229,0,0,24,21,0,1,0,6.925000191,0,0,2,443,520,963,469,535,1004
12247,169280,0,0,22,25,1,1,0,6.927777767,0,0,2,458,520,978,505,567,1072
12249,169280,0,0,22,25,1,1,0,6.933333397,0,0,2,468,559,1027,579,612,1191
12250,169229,1,1,16,16,1,1,0,6.933333397,0,0,2,527,547,1074,629,676,1305
12252,264945,0,0,24,27,1,1,0,6.936110973,0,0,2,456,547,1003,514,557,1071
12253,169280,0,0,21,25,0,1,0,6.941666603,0,0,2,419,439,858,451,493,944
12254,264945,0,0,22,26,0,0,1,6.941666603,0,0,2,431,500,931,463,510,973
12256,201449,1,1,14,17,1,1,0,6.947222233,0,0,3,503,559,1062,629,627,1256
12257,169229,0,0,25,22,1,1,0,6.947222233,0,0,2,450,528,978,521,549,1070
12258,169229,0,0,25,22,1,1,0,6.949999809,0,0,2,405,494,899,501,502,1003
12259,201449,0,1,21,17,0,1,0,6.949999809,0,0,3,NA,NA,NA,553,535,1088
12260,264945,0,0,23,26,1,1,0,6.955555439,0,0,2,450,520,970,544,542,1086
12261,257899,0,1,23,13,1,1,0,6.955555439,0,0,3,428,513,941,530,567,1097
12262,264945,0,0,22,26,1,1,0,6.961111069,0,0,2,448,513,961,490,545,1035
12264,262937,0,1,19,16,1,1,0,6.969444275,0,0,2,461,576,1037,564,553,1117
12265,169231,1,1,15,14,0,0,0,6.969444275,0,0,1,411,484,895,453,507,960
12266,262937,1,1,14,15,0,1,0,6.972222328,0,0,2,NA,NA,NA,651,653,1304
12267,169229,0,0,24,22,0,1,0,6.974999905,0,0,2,532,576,1108,651,612,1263
12268,264945,1,1,15,17,1,1,0,6.977777958,0,0,2,453,536,989,519,567,1086
12269,169229,1,1,17,16,1,1,0,6.980555534,0,0,2,467,520,987,604,592,1196
12271,201449,1,1,14,17,0,1,0,6.983333111,0,0,3,507,576,1083,629,592,1221
12273,264945,0,0,22,26,1,1,0,6.988888741,0,0,2,451,559,1010,571,567,1138
12274,262937,0,0,22,24,1,1,0,6.991666794,0,0,2,445,536,981,499,518,1017
12275,169219,0,1,22,17,1,1,0,6.997222424,0,0,2,451,520,971,490,584,1074
12276,169219,0,0,22,21,0,1,0,7,0,0,2,474,520,994,579,557,1136
12281,261927,0,0,22,21,1,1,0,6.961111069,0,0,3,439,478,917,507,502,1009
12282,201449,0,0,21,24,1,1,0,6.955555439,0,0,3,461,500,961,540,512,1052
12283,201449,0,0,22,26,1,1,0,6.972222328,0,0,3,422,463,885,629,567,1196
12286,201449,0,1,22,15,1,1,0,6.991666794,0,0,3,427,520,947,579,627,1206
12287,123056,1,1,17,19,1,1,0,6.927777767,0,0,3,422,473,895,451,500,951
12290,173312,0,0,22,21,0,1,0,6.936110973,0,0,3,518,506,1024,604,627,1231
12291,173312,0,0,22,22,0,1,1,6.952777863,0,0,3,492,513,1005,540,557,1097
12292,209510,1,1,14,14,1,1,0,6.952777863,0,0,3,437,468,905,516,518,1034
12294,173312,0,0,22,22,1,1,0,6.891666889,0,0,3,NA,NA,NA,475,542,1017
12296,231616,0,0,23,25,0,1,1,6.972222328,0,0,3,458,513,971,536,562,1098
12297,180344,0,0,27,20,1,0,1,6.936110973,0,0,4,433,454,887,454,458,912
12298,180344,0,0,24,20,1,1,0,6.952777863,0,0,4,428,478,906,494,526,1020
12299,180344,1,1,16,16,0,1,1,6.991666794,0,0,4,413,473,886,571,567,1138
12300,257899,0,0,25,22,1,1,0,6.861111164,1,0,3,453,494,947,564,515,1079
12301,203457,1,1,12,15,0,1,0,6.927777767,0,0,3,NA,NA,NA,629,538,1167
12303,203452,1,1,17,17,0,1,0,6.949999809,0,0,3,450,500,950,590,592,1182
12304,191411,0,0,17,21,0,1,1,6.949999809,0,0,3,465,484,949,521,505,1026
12305,191411,1,1,13,16,0,1,1,6.949999809,0,0,3,456,494,950,492,535,1027
12307,203457,0,0,16,24,0,1,0,6.972222328,0,1,3,510,513,1023,629,584,1213
12308,191411,1,1,13,16,0,1,0,6.980555534,0,0,3,458,506,964,536,523,1059
12310,189382,1,1,13,17,0,1,0,6.941666603,0,0,2,NA,NA,NA,564,567,1131
12312,189382,1,1,14,17,0,1,0,6.966666698,0,0,2,554,536,1090,629,601,1230
12313,189382,0,0,24,22,0,1,0,6.966666698,0,1,2,518,494,1012,564,535,1099
12314,189396,1,1,17,15,1,1,0,6.836111069,0,0,3,472,547,1019,590,553,1143
12320,189396,0,0,24,21,0,1,0,6.891666889,0,0,3,430,520,950,604,529,1133
12321,189382,0,0,23,22,1,1,0,6.752777576,1,0,2,410,444,854,488,497,985
12324,189382,0,0,23,22,0,1,0,6.949999809,0,0,2,472,478,950,571,562,1133
12325,191411,0,0,17,21,0,1,1,6.922222137,0,0,3,434,NA,NA,474,477,951
12326,191411,0,0,17,22,0,1,1,6.972222328,0,0,3,427,463,890,465,515,980
12327,191411,0,1,17,16,1,1,1,6.986111164,0,0,3,434,429,863,439,484,923
12328,191411,0,0,19,22,1,1,1,6.872222424,1,0,3,443,423,866,442,486,928
12330,170295,0,0,22,23,0,1,1,6.949999809,0,0,3,456,454,910,629,562,1191
12331,170295,0,0,22,23,1,1,1,6.988888741,0,0,3,428,463,891,590,584,1174
12332,159171,0,0,22,23,0,1,0,6.991666794,0,0,3,468,536,1004,487,549,1036
12333,203452,0,0,23,22,0,1,0,6.986111164,0,0,3,445,506,951,564,578,1142
12334,201449,0,0,21,24,0,1,1,6.922222137,0,0,3,472,536,1008,590,557,1147
12335,201449,0,1,22,17,0,1,1,6.922222137,0,0,3,472,536,1008,579,578,1157
12336,201449,0,0,22,25,1,1,1,6.949999809,0,0,3,424,506,930,553,553,1106
12337,201449,0,1,22,17,1,1,0,6.949999809,0,0,3,439,489,928,604,584,1188
12338,201449,0,0,22,25,1,1,0,6.972222328,0,0,3,425,463,888,571,557,1128
12339,201449,1,1,15,17,1,1,0,6.988888741,0,0,3,476,520,996,604,567,1171
12343,201449,0,1,22,17,1,0,0,6.908333302,1,0,3,439,459,898,564,542,1106
12345,203452,0,0,23,23,1,1,0,6.972222328,0,0,3,421,494,915,579,557,1136
12347,205491,0,0,22,22,0,1,0,6.936110973,0,0,2,495,602,1097,590,584,1174
12349,205491,1,1,15,17,1,1,1,6.949999809,0,0,2,437,576,1013,497,627,1124
12350,205492,1,1,16,18,1,0,1,6.952777863,0,0,2,443,489,932,483,520,1003
12353,128076,0,0,23,21,0,1,0,6.974999905,0,0,2,414,489,903,468,545,1013
12355,212522,0,0,21,26,0,1,1,7,0,0,4,434,478,912,471,507,978
12356,212522,0,0,23,27,0,1,0,7,0,0,4,478,536,1014,571,549,1120
12358,212522,0,0,22,26,1,1,0,6.922222137,0,0,4,480,536,1016,629,578,1207
12359,161176,0,0,24,26,1,1,0,6.930555344,0,0,3,418,500,918,558,557,1115
12360,205488,0,0,24,23,0,1,0,6.933333397,0,0,2,507,547,1054,590,612,1202
12363,205492,0,0,23,29,0,1,1,6.936110973,0,0,2,421,506,927,490,535,1025
12364,161176,0,0,24,26,1,1,0,6.941666603,0,0,3,450,559,1009,651,578,1229
12365,205491,1,1,15,17,1,1,0,6.941666603,0,0,2,510,520,1030,590,578,1168
12367,203452,1,1,17,17,1,1,1,6.961111069,0,1,3,443,513,956,524,562,1086
12368,212522,0,0,21,26,0,1,1,6.977777958,0,0,4,428,500,928,521,538,1059
12369,234628,0,0,24,21,0,1,0,6.986111164,0,0,3,532,513,1045,651,676,1327
12372,203452,0,0,19,22,1,1,1,6.877777576,0,0,3,358,384,742,NA,497,NA
12373,208501,1,1,15,17,1,1,1,6.933333397,0,0,3,398,418,816,495,526,1021
12375,208503,1,1,14,13,1,1,1,6.955555439,0,0,3,416,494,910,524,545,1069
12376,208501,0,0,22,24,1,1,0,6.980555534,0,0,3,414,463,877,516,512,1028
12377,208503,0,0,23,20,1,1,1,6.988888741,0,0,3,411,463,874,540,572,1112
12380,208501,0,0,22,23,1,1,0,6.952777863,0,0,3,428,489,917,527,549,1076
12382,208501,0,0,22,23,0,1,0,6.983333111,0,0,3,456,513,969,590,578,1168
12383,208503,0,0,23,20,1,1,0,6.986111164,0,0,3,403,473,876,579,553,1132
12385,209510,1,1,14,14,1,1,0,6.919444561,0,0,3,427,473,900,590,520,1110
12386,230612,0,0,22,23,0,1,0,6.963889122,0,0,3,427,468,895,454,500,954
12387,209510,0,0,24,25,1,1,0,6.991666794,0,0,3,448,520,968,629,553,1182
12388,221571,0,0,23,22,0,0,1,6.916666508,1,0,3,398,405,803,NA,444,NA
12390,212522,1,1,12,16,1,0,1,6.966666698,0,0,4,440,484,924,488,468,956
12391,193423,1,1,16,15,0,1,0,6.919444561,0,0,3,NA,NA,NA,651,601,1252
12392,193423,0,0,22,21,0,0,1,6.925000191,0,0,3,427,513,940,530,505,1035
12393,215533,0,0,23,23,0,1,0,6.925000191,0,0,3,507,602,1109,579,592,1171
12395,215533,0,0,23,23,1,1,0,6.958333492,0,0,3,443,520,963,544,529,1073
12396,215533,0,0,24,23,1,1,0,6.961111069,0,0,3,460,528,988,571,627,1198
12398,193422,0,0,22,26,1,0,1,6.980555534,0,0,3,478,484,962,530,490,1020
12399,193422,0,0,20,26,0,1,0,6.986111164,0,0,3,427,468,895,475,470,945
12401,193423,0,0,22,22,0,1,1,6.99444437,0,0,3,419,547,966,495,549,1044
12402,215533,0,0,23,23,1,1,1,6.836111069,0,0,3,431,559,990,544,653,1197
12403,193423,0,0,24,21,1,1,1,6.838889122,0,0,3,422,473,895,NA,474,NA
12405,215533,0,0,24,22,1,0,1,6.841666698,0,0,3,428,513,941,564,567,1131
12407,215533,0,0,24,23,1,1,0,6.905555725,0,0,3,468,576,1044,590,592,1182
12409,159171,1,1,17,16,1,1,0,6.922222137,0,0,3,470,576,1046,544,601,1145
12410,215533,1,1,17,16,0,1,1,6.930555344,0,0,3,467,559,1026,571,567,1138
12411,215533,1,1,17,16,0,1,1,6.930555344,0,0,3,463,536,999,590,553,1143
12412,230612,0,0,23,23,0,1,0,6.933333397,0,0,3,495,576,1071,604,592,1196
12413,193423,1,1,16,15,0,1,0,6.933333397,0,0,3,439,602,1041,558,538,1096
12414,159171,1,1,16,15,0,1,1,6.936110973,0,0,3,480,528,1008,604,627,1231
12415,159171,1,1,16,15,0,1,0,6.936110973,0,0,3,485,528,1013,579,578,1157
12416,193422,1,1,16,18,1,1,0,6.941666603,0,0,3,453,506,959,512,553,1065
12417,159171,0,0,24,26,1,0,1,6.944444656,0,0,3,470,484,954,514,529,1043
12418,193423,1,1,16,14,1,1,1,6.947222233,0,0,3,421,506,927,430,425,855
12419,215533,0,0,24,23,0,1,0,6.947222233,0,0,3,474,626,1100,590,627,1217
12420,193423,0,0,22,19,0,1,0,6.949999809,0,0,3,468,559,1027,590,627,1217
12421,159171,0,0,24,23,1,1,0,6.952777863,0,0,3,427,520,947,456,562,1018
12422,170295,0,0,22,23,0,1,0,6.966666698,0,0,3,487,576,1063,629,627,1256
12423,159171,0,0,27,23,0,1,0,6.969444275,0,0,3,433,468,901,507,542,1049
12424,170295,0,0,22,23,1,1,1,6.972222328,0,0,3,447,520,967,490,584,1074
12425,193422,0,0,22,25,1,1,0,6.977777958,0,0,3,467,536,1003,548,567,1115
12426,159171,0,0,27,26,1,1,1,6.983333111,0,0,3,490,489,979,579,572,1151
12429,215533,1,1,14,15,1,1,0,6.99444437,0,0,3,421,506,927,492,523,1015
12431,215533,0,0,23,23,0,1,0,6.905555725,0,0,3,483,559,1042,544,545,1089
12432,170295,0,0,22,22,0,1,0,6.911110878,0,0,3,514,626,1140,629,653,1282
12433,170295,0,0,22,23,1,1,0,6.911110878,0,0,3,434,500,934,497,572,1069
12434,221574,0,0,19,22,0,1,0,6.930555344,0,0,3,442,500,942,519,553,1072
12436,221571,0,0,23,22,1,1,0,7,0,0,3,440,444,884,544,562,1106
12437,259915,0,1,24,14,0,1,0,6.963889122,0,0,3,422,500,922,514,584,1098
12438,221571,0,0,21,21,1,1,0,6.974999905,0,0,3,393,429,822,462,542,1004
12439,221571,0,0,21,23,1,0,0,6.980555534,0,0,3,391,423,814,423,463,886
12443,225585,0,0,21,26,1,1,0,6.952777863,0,0,3,461,536,997,571,567,1138
12444,228606,1,1,16,14,0,1,0,6.925000191,0,0,3,456,528,984,553,601,1154
12445,173312,0,0,22,22,1,1,1,7,0,0,3,467,478,945,492,549,1041
12447,228606,0,0,25,22,1,1,0,6.938889027,0,0,3,476,494,970,651,578,1229
12448,228606,0,0,24,22,0,0,0,6.944444656,0,0,3,411,494,905,544,549,1093
12449,228606,0,0,25,20,1,1,0,6.977777958,0,0,3,421,528,949,533,562,1095
12450,162184,0,0,19,21,0,1,1,6.938889027,0,0,3,451,468,919,604,523,1127
12451,231616,1,1,14,15,0,1,1,6.991666794,0,0,3,428,536,964,503,562,1065
12452,231616,0,0,23,25,0,1,0,6.997222424,0,0,3,430,484,914,536,529,1065
12453,193422,1,1,16,18,0,0,1,6.938889027,0,0,3,395,405,800,441,444,885
12454,230612,1,1,16,15,1,1,1,6.872222424,0,0,3,439,494,933,501,553,1054
12455,261927,0,0,23,21,0,1,0,6.919444561,0,0,3,422,478,900,533,520,1053
12457,261927,0,0,22,21,1,1,0,6.927777767,0,0,3,458,602,1060,629,572,1201
12459,261927,0,0,23,21,0,1,0,6.958333492,0,0,3,424,484,908,512,529,1041
12460,261927,0,1,23,17,0,1,0,4.958333492,0,0,3,554,626,1180,629,584,1213
12461,231616,0,0,21,21,1,1,1,6.883333206,0,0,3,434,489,923,579,557,1136
12462,261927,0,0,22,21,1,1,0,6.908333302,0,0,3,458,559,1017,571,535,1106
12464,234628,0,0,24,21,1,1,0,6.872222424,0,0,3,461,528,989,536,562,1098
12465,221571,1,1,16,15,0,1,0,6.922222137,0,0,3,483,559,1042,590,612,1202
12468,244755,0,0,20,21,0,0,1,6.938889027,0,0,1,439,500,939,558,567,1125
12472,244774,0,0,26,26,0,0,1,6.961111069,0,0,1,411,423,834,459,461,920
12474,244780,0,0,23,25,0,0,0,6.969444275,0,0,1,427,494,921,469,486,955
12475,244736,0,0,19,22,0,0,1,6.977777958,0,0,1,448,506,954,448,515,963
12476,244799,1,0,14,19,0,0,0,5.980555534,0,0,2,442,494,936,530,538,1068
12477,244776,0,0,24,22,1,0,1,6.983333111,0,0,1,430,463,893,NA,465,NA
12479,244801,0,0,24,24,0,0,1,6.983333111,0,0,2,442,559,1001,553,523,1076
12484,244736,0,0,21,24,1,0,1,6.986111164,0,0,1,450,576,1026,475,520,995
12485,244806,0,0,25,22,1,0,1,6.991666794,0,0,1,483,520,1003,482,481,963
12486,244801,0,0,24,25,0,0,1,6.991666794,0,0,2,483,576,1059,530,523,1053
12489,244708,0,0,24,24,1,0,1,6.991666794,0,0,1,NA,NA,NA,480,493,973
12494,257899,0,0,25,22,1,1,0,6.911110878,1,0,3,458,494,952,519,562,1081
12495,216536,1,1,17,14,1,1,0,6.955555439,0,0,3,425,484,909,558,557,1115
12496,216536,0,0,23,21,1,1,0,6.930555344,0,0,3,474,576,1050,558,592,1150
12498,216536,0,0,24,24,0,1,0,6.958333492,0,0,3,467,576,1043,604,578,1182
12499,216536,0,0,24,23,0,1,0,6.974999905,0,0,3,428,536,964,548,584,1132
12500,216536,0,0,22,23,1,1,0,6.980555534,0,0,3,427,547,974,530,553,1083
12501,216536,0,0,24,21,0,1,0,6.99444437,0,0,3,455,520,975,571,545,1116
12503,257899,1,1,16,13,0,1,1,6.919444561,0,0,3,421,468,889,564,545,1109
12504,257899,1,1,16,13,1,1,1,6.919444561,0,0,3,413,459,872,505,518,1023
12506,257905,0,0,21,22,1,1,0,6.933333397,0,0,4,460,494,954,494,562,1056
12508,257899,0,0,24,22,0,1,0,6.958333492,0,0,3,419,500,919,475,529,1004
12509,257905,1,1,13,15,1,1,0,6.958333492,0,0,4,458,520,978,553,535,1088
12510,257899,0,0,24,22,0,1,1,6.958333492,0,0,3,421,463,884,501,515,1016
12511,257905,0,0,22,23,1,1,0,6.961111069,0,0,4,NA,NA,NA,571,584,1155
12513,257905,0,0,22,23,0,1,0,6.966666698,0,0,4,460,528,988,604,578,1182
12514,257905,0,0,21,22,1,1,0,6.974999905,0,0,4,408,423,831,442,463,905
12515,253888,1,1,13,13,0,1,1,6.974999905,0,0,3,474,547,1021,564,578,1142
12516,257905,1,1,13,15,1,1,1,6.977777958,0,1,4,398,392,790,472,507,979
12522,228606,0,0,24,22,1,1,0,6.99444437,0,0,3,422,473,895,507,557,1064
12524,228606,0,0,24,20,1,1,1,6.86944437,1,0,3,422,444,866,604,529,1133
12526,261927,1,1,16,17,1,1,0,6.966666698,0,0,3,443,576,1019,579,553,1132
12527,261927,0,1,22,17,0,1,0,7,0,0,3,443,536,979,503,505,1008
12528,221574,0,0,19,22,1,1,0,6.941666603,0,0,3,436,602,1038,544,601,1145
12529,221574,0,0,20,22,1,1,0,6.983333111,0,0,3,431,500,931,509,529,1038
12531,252885,1,1,14,17,0,1,0,6.966666698,0,0,3,487,559,1046,579,584,1163
12532,123056,0,0,24,25,1,1,1,6.863888741,1,1,3,405,429,834,444,472,916
12533,123056,0,0,23,27,1,1,1,6.916666508,0,0,3,433,494,927,495,542,1037
12534,130085,1,1,13,17,0,1,0,7.008333206,0,0,2,431,463,894,527,500,1027
12535,130085,0,0,22,23,0,1,0,7.008333206,0,0,2,442,528,970,536,601,1137
12536,130085,1,1,17,17,0,1,0,7.008333206,0,0,2,427,463,890,497,523,1020
12537,130085,0,0,20,23,1,1,0,7.016666889,0,0,2,445,528,973,604,592,1196
12540,128079,1,1,16,16,1,1,1,7.027777672,0,0,3,413,489,902,492,477,969
12541,130085,0,0,22,23,1,1,0,7.036110878,0,0,2,410,478,888,553,526,1079
12542,128079,1,1,16,16,0,1,0,7.038888931,0,0,3,518,576,1094,651,584,1235
12544,128079,0,0,24,23,1,1,0,7.044444561,0,0,3,402,439,841,469,497,966
12545,128076,0,0,24,21,0,1,0,7.072222233,0,0,2,431,500,931,533,542,1075
12547,128076,0,1,23,14,0,1,0,7.080555439,0,0,2,425,444,869,530,567,1097
12549,170295,1,1,13,18,1,1,1,7.036110878,0,0,3,455,454,909,590,578,1168
12550,257905,1,1,13,15,0,1,1,7.013888836,0,0,4,460,484,944,497,529,1026
12551,161183,0,0,21,22,1,1,1,7.019444466,0,0,3,465,528,993,604,549,1153
12552,161176,1,1,17,17,1,1,1,7.022222042,0,0,3,455,536,991,540,567,1107
12553,165199,0,0,19,22,0,1,0,7.036110878,0,0,4,565,559,1124,604,578,1182
12554,165199,0,0,19,22,1,1,0,6.919444561,0,0,4,476,528,1004,590,572,1162
12555,165199,0,0,19,22,0,1,0,6.919444561,0,0,4,443,489,932,564,557,1121
12556,165199,0,0,19,22,1,1,1,6.930555344,0,0,4,443,500,943,530,549,1079
12558,166203,0,0,21,21,1,1,0,6.949999809,0,0,4,413,468,881,439,493,932
12559,112038,0,0,19,28,0,0,1,6.961111069,0,0,4,398,463,861,463,484,947
12560,164198,0,0,21,24,1,1,0,6.983333111,0,0,3,437,478,915,527,562,1089
12565,164198,0,0,21,24,0,0,1,7.030555725,0,0,3,414,439,853,448,497,945
12566,261927,0,0,22,21,1,1,0,7.058333397,0,0,3,447,528,975,579,553,1132
12567,166203,0,0,21,21,0,1,1,7.063889027,0,0,4,422,506,928,483,526,1009
12568,168214,0,0,23,23,0,1,0,7.008333206,0,0,3,472,559,1031,553,592,1145
12570,168214,0,0,23,23,1,1,0,7.019444466,0,0,3,436,513,949,548,549,1097
12571,123056,1,1,17,19,1,1,1,7.019444466,0,0,3,422,484,906,NA,NA,NA
12572,168214,1,1,14,17,0,1,0,7.033333302,0,0,3,497,559,1056,629,612,1241
12573,123056,0,0,23,25,1,1,0,7.044444561,0,0,3,NA,NA,NA,540,523,1063
12574,168211,0,1,23,19,0,1,1,7.058333397,0,0,3,463,506,969,NA,538,NA
12575,168211,0,0,24,29,1,1,1,7.074999809,0,0,3,431,459,890,NA,553,NA
12576,168211,0,1,24,17,0,1,1,7.077777863,0,0,3,422,459,881,NA,549,NA
12577,168211,1,1,16,19,0,1,1,7.077777863,0,0,3,440,463,903,NA,529,NA
12584,264945,0,0,23,26,0,1,0,7.00555563,0,0,2,437,513,950,521,562,1083
12585,216536,1,1,17,14,0,1,0,7.008333206,0,0,3,414,478,892,490,532,1022
12588,262937,0,1,19,16,1,1,0,7.016666889,0,0,2,514,602,1116,629,578,1207
12590,264945,0,0,22,26,1,1,0,7.019444466,0,0,2,433,484,917,564,549,1113
12592,169219,1,1,13,17,0,1,0,7.022222042,0,0,2,443,528,971,629,592,1221
12593,216536,1,1,17,14,1,1,0,7.025000095,0,0,3,428,500,928,579,653,1232
12594,230612,1,1,16,15,0,1,1,7.027777672,0,0,3,448,494,942,540,523,1063
12597,216536,0,0,24,23,0,1,0,7.041666508,0,0,3,422,468,890,558,545,1103
12598,201449,0,0,21,26,1,1,0,7.041666508,0,0,3,503,559,1062,604,549,1153
12599,252885,1,1,14,17,1,1,1,7.047222137,0,0,3,NA,NA,NA,524,584,1108
12600,201449,0,1,22,17,0,1,0,7.050000191,0,0,3,450,500,950,651,601,1252
12601,165199,0,0,22,22,1,1,0,7.050000191,0,0,4,456,576,1032,571,572,1143
12603,169229,0,0,25,21,0,1,1,7.050000191,0,0,2,422,449,871,494,493,987
12604,169231,0,1,22,14,0,1,0,7.050000191,0,0,1,407,484,891,495,553,1048
12611,169229,0,0,22,20,0,1,0,7.077777863,0,0,2,474,506,980,604,578,1182
12614,169229,0,0,25,20,1,1,0,6.936110973,0,0,2,447,494,941,533,601,1134
12616,170295,0,0,22,23,0,1,0,5.697222233,0,0,3,468,536,1004,604,612,1216
12617,261927,0,0,22,21,1,1,0,7.038888931,0,0,3,402,494,896,436,497,933
12618,201449,0,0,22,25,0,1,1,7.00555563,0,0,3,430,454,884,536,523,1059
12619,201449,1,1,15,15,1,1,0,7.019444466,0,0,3,490,536,1026,651,676,1327
12620,201449,0,1,21,17,1,1,1,7.080555439,0,0,3,421,478,899,465,490,955
12622,173312,1,1,14,16,0,1,0,7.011111259,0,0,3,522,626,1148,590,592,1182
12623,173312,0,0,22,22,1,1,0,7.019444466,0,0,3,497,602,1099,590,653,1243
12624,173312,0,0,22,21,1,1,0,7.055555344,0,0,3,478,626,1104,558,542,1100
12625,173312,0,0,22,22,0,1,0,7.055555344,0,0,3,518,602,1120,651,572,1223
12626,173312,1,1,14,16,0,1,0,7.083333492,0,0,3,522,547,1069,564,549,1113
12627,173312,0,0,22,20,1,1,0,6.961111069,0,0,3,490,520,1010,519,542,1061
12630,173312,0,0,22,20,1,0,0,6.997222424,0,0,3,430,434,864,451,474,925
12632,168211,0,0,24,29,1,1,0,7.052777767,0,0,3,437,547,984,NA,584,NA
12633,123056,0,0,24,25,0,1,1,7.083333492,0,0,3,408,454,862,490,532,1022
12634,180344,1,1,16,16,1,1,1,7.058333397,0,0,4,418,489,907,530,497,1027
12636,257899,0,0,25,22,0,1,0,7.044444561,0,0,3,419,478,897,497,500,997
12637,203457,1,1,12,15,1,1,0,7.008333206,0,0,3,NA,NA,NA,629,676,1305
12638,203457,0,0,19,24,1,1,0,7.038888931,0,0,3,474,484,958,579,520,1099
12640,161183,0,0,23,20,1,1,0,7.050000191,0,0,3,451,513,964,579,612,1191
12642,203452,1,1,16,17,0,1,0,7.058333397,0,0,3,453,449,902,544,523,1067
12643,191411,0,1,19,16,1,1,0,7.077777863,0,0,3,554,602,1156,651,584,1235
12644,234628,1,1,16,13,0,1,0,7.011111259,0,0,3,439,489,928,521,538,1059
12646,218562,1,1,13,13,0,1,0,7.025000095,0,0,4,474,513,987,629,584,1213
12649,189396,0,0,24,21,1,1,1,6.930555344,0,0,3,411,444,855,536,512,1048
12650,259915,0,0,26,24,0,1,0,6.930555344,0,0,3,580,559,1139,629,601,1230
12654,123056,0,0,24,25,0,1,1,6.955555439,0,1,3,413,459,872,NA,NA,NA
12655,189382,1,1,13,17,1,1,0,6.963889122,0,0,2,NA,NA,NA,527,520,1047
12658,189378,0,0,20,23,1,1,0,6.980555534,0,1,3,453,478,931,558,549,1107
12659,169231,0,0,22,21,0,1,1,6.988888741,0,0,1,421,468,889,482,515,997
12662,189396,0,1,25,17,0,1,0,6.852777958,0,0,3,416,478,894,485,553,1038
12665,191411,1,1,13,16,0,1,0,7.013888836,0,0,3,478,506,984,505,532,1037
12666,159171,0,0,24,26,1,1,0,7.072222233,0,0,3,NA,NA,NA,553,601,1154
12667,170295,0,0,22,23,1,1,0,7.002777576,0,0,3,424,559,983,519,545,1064
12668,215533,0,0,24,22,0,0,1,7.00555563,0,0,3,416,454,870,487,538,1025
12670,230612,1,1,16,15,1,1,0,7.077777863,0,0,3,580,626,1206,651,601,1252
12671,201449,0,0,22,24,1,1,0,7.013888836,0,0,3,421,494,915,482,520,1002
12672,201449,1,1,14,17,0,1,0,7.036110878,0,0,3,492,576,1068,540,567,1107
12675,201449,0,0,22,25,0,0,0,7.077777863,0,0,3,455,547,1002,579,592,1171
12676,162184,1,1,12,14,0,1,0,7.072222233,0,0,3,460,513,973,604,584,1188
12677,203452,0,0,19,23,0,1,0,7.011111259,0,0,3,425,489,914,521,505,1026
12678,203457,0,0,16,23,0,1,0,7.019444466,0,0,3,500,559,1059,590,562,1152
12679,203452,1,1,16,17,0,1,1,7.036110878,0,1,3,445,494,939,488,523,1011
12681,161183,1,1,14,15,0,1,0,7.00555563,0,0,3,492,576,1068,604,584,1188
12682,161183,0,0,23,23,0,1,0,7.00555563,0,0,3,492,576,1068,590,538,1128
12683,128079,0,0,24,23,0,1,0,7.011111259,0,0,3,416,412,828,507,488,995
12684,212522,0,0,23,26,0,1,0,7.013888836,0,0,4,434,449,883,533,477,1010
12685,205488,0,1,23,15,0,1,0,7.019444466,0,0,2,458,489,947,548,562,1110
12688,212522,0,1,22,17,0,1,0,7.083333492,0,0,4,425,494,919,571,557,1128
12692,212522,0,0,23,27,0,1,0,7.047222137,0,0,4,433,489,922,460,486,946
12695,205488,0,0,23,23,1,1,0,7.061110973,0,0,2,436,478,914,509,535,1044
12696,212522,0,0,21,26,0,1,1,7.063889027,0,0,4,427,489,916,482,535,1017
12697,205490,0,0,24,29,1,0,1,7.069444656,0,0,1,374,399,773,445,449,894
12698,205492,0,0,23,29,0,1,1,7.083333492,0,1,2,413,434,847,456,477,933
12699,205488,1,1,17,14,0,1,0,7.083333492,0,0,2,470,506,976,485,507,992
12701,259915,0,0,26,24,0,1,1,7.016666889,0,0,3,NA,NA,NA,604,572,1176
12702,208501,0,0,22,24,1,1,0,7.066666603,0,0,3,427,484,911,483,553,1036
12703,209510,0,0,21,24,1,1,0,7.041666508,0,0,3,398,439,837,448,465,913
12704,208501,0,0,22,23,1,1,0,7.066666603,0,0,3,447,500,947,558,572,1130
12705,208501,0,1,22,17,1,1,1,6.969444275,0,0,3,424,559,983,501,545,1046
12706,209510,0,0,24,24,0,1,0,7.025000095,0,0,3,402,418,820,497,507,1004
12707,209510,0,0,22,25,0,1,1,7.030555725,0,0,3,430,478,908,544,510,1054
12708,230612,0,0,22,23,1,1,1,7.030555725,0,0,3,NA,NA,NA,540,592,1132
12709,221571,0,0,21,23,1,0,1,6.055555344,0,0,3,431,506,937,438,474,912
12712,212522,1,1,12,17,1,1,0,7.011111259,0,0,4,427,468,895,466,456,922
12714,193422,1,1,16,18,1,1,1,7.00555563,0,0,3,461,536,997,571,523,1094
12715,215533,0,0,23,23,0,1,0,7.011111259,0,0,3,461,626,1087,558,592,1150
12716,193422,0,0,20,25,0,1,1,7.013888836,0,0,3,428,468,896,490,532,1022
12717,215533,0,0,24,23,0,1,0,7.013888836,0,0,3,453,468,921,604,567,1171
12718,193423,0,0,24,21,1,1,1,7.019444466,0,0,3,427,459,886,445,495,940
12720,193423,0,0,24,19,1,1,1,7.061110973,0,0,3,458,576,1034,579,578,1157
12721,215533,0,0,23,22,0,1,0,7.00555563,0,0,3,478,536,1014,604,572,1176
12723,170295,0,0,22,23,0,1,0,7.011111259,0,0,3,460,506,966,651,612,1263
12724,170295,0,0,22,23,1,1,0,7.013888836,0,0,3,451,494,945,558,584,1142
12725,193423,0,0,24,21,1,1,1,7.016666889,0,0,3,436,506,942,NA,553,NA
12726,170295,0,0,22,23,0,1,0,7.019444466,0,0,3,478,559,1037,651,601,1252
12728,180344,0,0,27,21,0,0,0,7.036110878,0,0,4,418,463,881,533,518,1051
12729,170295,1,1,15,18,0,1,0,7.036110878,0,0,3,605,528,1133,651,627,1278
12730,215533,1,1,17,15,1,1,0,7.041666508,0,0,3,470,547,1017,579,592,1171
12731,159171,0,0,24,23,0,1,1,6.988888741,0,0,3,419,489,908,485,497,982
12732,221574,1,1,13,13,1,1,0,7.016666889,0,0,3,418,449,867,521,520,1041
12734,221571,0,0,21,22,1,1,0,7.019444466,0,0,3,419,484,903,519,553,1072
12735,221571,1,1,16,14,1,1,1,7.019444466,0,0,3,427,528,955,456,490,946
12736,221571,1,1,15,15,1,1,1,7.019444466,0,0,3,388,434,822,472,495,967
12739,221574,0,0,20,21,0,1,0,7.036110878,0,0,3,545,626,1171,651,612,1263
12741,209510,1,1,14,14,1,1,0,7.041666508,0,0,3,425,468,893,544,545,1089
12742,221571,0,0,23,24,1,1,0,7.044444561,0,0,3,418,429,847,590,578,1168
12743,221571,0,0,23,24,0,1,0,7.050000191,0,0,3,418,439,857,516,520,1036
12746,209510,0,0,21,23,0,1,0,7.066666603,0,0,3,468,484,952,629,562,1191
12747,208501,0,1,22,17,1,1,0,7.072222233,0,0,3,NA,NA,NA,501,526,1027
12748,209510,1,1,14,14,1,1,0,7.074999809,0,0,3,465,547,1012,629,584,1213
12749,128076,0,1,24,15,1,1,0,7.011111259,0,0,2,408,494,902,509,553,1062
12752,212522,0,0,23,26,0,1,1,7.058333397,0,0,4,414,473,887,521,481,1002
12754,225585,0,0,23,26,1,1,0,7.050000191,0,0,3,403,489,892,451,518,969
12756,225585,0,0,22,26,1,1,0,6.966666698,0,0,3,419,500,919,NA,557,NA
12758,228606,1,1,16,14,1,1,0,7.016666889,0,0,3,507,626,1133,604,627,1231
12759,228606,0,0,24,20,1,1,0,7.033333302,0,0,3,422,484,906,514,578,1092
12760,173312,0,0,22,20,0,0,1,7.050000191,0,0,3,407,444,851,579,502,1081
12763,180344,1,1,16,16,0,0,1,6.930555344,0,0,4,NA,463,NA,514,535,1049
12764,228606,0,0,25,22,0,1,1,6.952777863,0,0,3,418,459,877,521,557,1078
12765,162184,1,1,12,14,0,1,0,7.033333302,0,0,3,450,520,970,629,601,1230
12768,230612,0,0,22,20,1,1,0,6.961111069,0,0,3,397,484,881,NA,477,NA
12769,231616,0,0,23,21,1,1,1,7.00555563,0,0,3,458,547,1005,436,477,913
12770,261927,1,1,16,17,1,1,0,7.013888836,0,0,3,455,559,1014,590,584,1174
12771,261927,0,0,22,21,0,1,0,7.030555725,0,0,3,442,576,1018,604,553,1157
12772,176329,1,1,12,15,1,1,0,7.041666508,0,0,3,450,576,1026,629,584,1213
12773,261927,0,0,24,21,1,1,0,7.052777767,0,0,3,427,429,856,524,510,1034
12774,162184,0,0,20,20,0,1,1,7.077777863,0,0,3,439,520,959,629,572,1201
12775,231616,0,0,23,25,0,1,0,7.083333492,0,0,3,433,489,922,553,545,1098
12776,169280,0,1,22,16,1,1,0,6.961111069,0,0,2,453,500,953,604,572,1176
12777,123056,0,0,24,27,0,1,0,7.00555563,0,0,3,430,520,950,579,567,1146
12778,234628,0,0,23,22,1,1,0,7.025000095,0,0,3,428,513,941,494,545,1039
12779,234628,1,1,15,13,1,1,0,7.052777767,0,0,3,425,449,874,548,529,1077
12784,165199,0,0,19,22,0,1,0,7.030555725,0,0,4,445,484,929,540,553,1093
12785,112038,0,1,19,17,1,0,1,7.074999809,0,0,4,411,513,924,472,507,979
12786,123056,0,0,24,25,1,1,1,7.002777576,0,0,3,410,478,888,472,538,1010
12788,244764,1,1,13,12,1,0,1,7.002777576,0,0,1,437,468,905,488,538,1026
12790,244776,0,0,23,22,1,0,1,7.002777576,0,0,1,419,423,842,412,430,842
12791,244776,0,0,23,25,0,0,1,7.00555563,0,0,1,416,434,850,454,510,964
12793,244831,0,0,27,24,0,0,1,7.00555563,0,0,2,447,473,920,483,493,976
12794,244776,0,0,24,21,0,0,1,7.00555563,0,0,1,NA,NA,NA,445,468,913
12798,244839,0,0,21,26,0,0,0,6.844444275,1,0,2,434,494,928,548,520,1068
12799,170295,1,1,13,18,1,1,1,7.011111259,0,0,3,NA,NA,NA,494,601,1095
12800,244736,0,0,21,22,0,0,1,7.011111259,0,0,1,456,528,984,540,572,1112
12801,244774,1,1,16,17,0,0,1,7.016666889,0,0,1,431,489,920,544,567,1111
12802,244697,0,0,27,21,1,0,1,7.016666889,0,0,1,447,484,931,488,523,1011
12803,244806,1,1,14,17,0,0,1,7.016666889,0,0,1,461,559,1020,516,562,1078
12805,244839,1,1,15,16,1,0,0,7.022222042,0,0,2,411,468,879,604,572,1176
12806,244727,1,1,17,13,1,0,1,7.030555725,0,0,2,468,478,946,590,518,1108
12808,244764,0,0,21,19,0,0,1,7.030555725,0,0,1,450,478,928,503,520,1023
12809,244697,0,0,27,21,0,0,1,7.036110878,0,0,1,437,459,896,524,512,1036
12810,244806,1,1,14,15,0,0,1,7.036110878,0,0,1,408,473,881,478,500,978
12814,244799,1,1,14,16,1,0,0,7.047222137,0,0,2,430,520,950,553,627,1180
12815,244774,0,0,26,20,1,0,1,7.050000191,0,0,1,419,484,903,428,470,898
12816,244697,1,1,15,17,1,0,0,7.050000191,0,0,1,NA,NA,NA,490,538,1028
12818,244780,1,1,17,17,1,0,1,7.058333397,0,0,1,461,547,1008,448,477,925
12820,244780,0,0,23,25,0,0,1,7.066666603,0,0,1,503,576,1079,483,505,988
12821,244697,0,0,26,22,0,0,1,7.072222233,0,0,1,380,405,785,469,490,959
12825,244839,1,1,16,17,1,0,0,6.974999905,0,0,2,448,559,1007,533,545,1078
12832,173312,0,0,22,22,1,1,1,6.977777958,0,0,3,453,478,931,519,535,1054
12833,216536,0,0,22,21,1,1,1,7.00555563,0,0,3,445,484,929,512,562,1074
12835,252885,0,0,20,27,1,1,0,7.074999809,0,0,3,455,478,933,505,545,1050
12836,216536,1,1,17,14,1,1,0,6.925000191,0,0,3,425,513,938,651,612,1263
12837,216536,0,0,23,22,0,1,0,6.927777767,0,0,3,433,520,953,478,505,983
12838,252885,0,0,20,27,1,1,0,6.930555344,0,0,3,460,478,938,514,553,1067
12839,216536,0,0,24,22,1,1,0,6.955555439,0,0,3,474,559,1033,604,653,1257
12840,216536,1,1,17,14,1,1,0,6.966666698,0,0,3,425,489,914,501,520,1021
12841,216536,1,1,17,14,0,1,0,6.969444275,0,0,3,467,559,1026,629,653,1282
12842,216536,1,1,17,14,0,1,1,6.991666794,0,0,3,439,528,967,558,612,1170
12844,244728,0,0,17,22,0,0,1,7.077777863,0,0,1,443,463,906,501,518,1019
12845,253888,0,0,17,20,1,1,0,6.963889122,0,0,3,437,536,973,501,532,1033
12846,169229,0,0,25,21,1,1,0,7.080555439,0,0,2,439,473,912,548,542,1090
12848,216536,0,0,22,23,1,1,0,7.030555725,0,0,3,408,463,871,477,515,992
12849,257905,0,0,21,22,1,1,1,7.002777576,0,0,4,405,439,844,NA,NA,NA
12851,257899,0,0,25,23,1,1,1,7.083333492,0,0,3,431,449,880,558,495,1053
12852,257899,1,1,17,15,1,1,0,7.016666889,0,0,3,439,484,923,629,553,1182
12853,257905,0,0,21,22,0,1,0,7.022222042,0,0,4,474,576,1050,629,612,1241
12854,257905,1,1,12,15,0,1,0,7.033333302,0,0,4,474,513,987,571,578,1149
12858,257905,0,0,21,23,0,1,NA,6.061110973,NA,0,4,445,454,899,533,526,1059
12859,257899,0,0,25,22,0,1,1,7.066666603,0,0,3,437,478,915,509,523,1032
12860,253888,0,0,17,23,0,1,0,7.072222233,0,0,3,458,559,1017,558,584,1142
12862,253888,1,1,13,13,0,1,0,7.080555439,0,0,3,419,439,858,465,490,955
12864,257905,1,1,12,15,0,1,0,6.969444275,0,0,4,470,468,938,579,518,1097
12865,261927,0,0,24,21,0,1,1,7.027777672,0,0,3,437,559,996,519,542,1061
12868,252885,0,0,20,27,1,0,1,7.008333206,0,0,3,419,454,873,536,518,1054
12869,252885,0,0,20,27,0,0,1,7.008333206,0,0,3,419,444,863,494,472,966
12870,216536,0,0,23,24,1,1,0,7.016666889,0,0,3,416,506,922,521,562,1083
12871,216536,1,1,17,14,0,1,0,7.041666508,0,0,3,393,444,837,465,472,937
12872,252885,0,0,20,28,0,1,0,7.072222233,0,0,3,465,528,993,548,553,1101
12873,216536,0,0,22,22,1,1,0,7.077777863,0,0,3,443,528,971,553,572,1125
12875,123056,0,0,23,27,1,1,0,7.044444561,0,0,3,434,484,918,505,520,1025
12876,123056,0,0,24,27,0,1,1,6.949999809,0,0,3,393,439,832,472,497,969
12877,128079,1,1,16,15,1,1,0,7.008333206,0,0,3,532,520,1052,571,542,1113
12878,130085,0,0,20,24,1,1,0,7.063889027,0,0,2,431,489,920,503,538,1041
12879,253888,0,0,17,23,0,1,0,7.052777767,0,1,3,545,626,1171,629,592,1221
12881,165199,0,0,19,22,1,1,0,7.022222042,0,0,4,450,473,923,503,512,1015
12883,164198,0,0,21,23,0,1,0,7.055555344,0,0,3,492,602,1094,590,572,1162
12884,166203,0,0,21,21,1,1,1,7.038888931,0,0,4,413,494,907,454,468,922
12886,164198,0,0,21,23,0,1,1,6.958333492,0,0,3,450,468,918,533,532,1065
12887,212522,0,0,21,27,0,1,0,7.008333206,0,0,4,458,513,971,540,567,1107
12889,169231,0,0,22,21,0,1,0,7.066666603,0,0,1,NA,NA,NA,604,578,1182
12890,169219,0,0,20,21,0,1,0,7.069444656,0,0,2,554,602,1156,629,592,1221
12891,169231,1,1,15,15,1,1,0,7.086111069,0,1,1,538,500,1038,629,572,1201
12899,264945,0,0,24,27,1,1,0,7.036110878,0,0,2,428,506,934,590,567,1157
12900,218562,0,0,17,24,1,1,0,7.041666508,0,0,4,514,547,1061,629,572,1201
12901,218562,1,1,14,14,1,1,0,7.041666508,0,0,4,458,528,986,629,601,1230
12905,234628,1,1,16,13,0,1,0,7.061110973,0,0,3,461,536,997,629,584,1213
12906,189396,0,0,24,21,1,1,0,7.077777863,0,0,3,428,454,882,507,500,1007
12908,189396,0,0,25,20,0,0,1,6.941666603,0,0,3,393,468,861,472,486,958
12909,203457,0,0,19,24,1,1,0,6.969444275,0,0,3,605,576,1181,629,572,1201
12910,189396,0,0,25,21,1,1,0,6.983333111,0,1,3,436,494,930,629,520,1149
12911,189396,1,1,17,17,1,1,0,7,0,0,3,470,536,1006,651,592,1243
12913,189382,1,1,14,17,1,1,0,7.022222042,0,1,2,421,439,860,497,477,974
12914,218562,1,1,14,14,0,1,0,7.047222137,0,0,4,500,528,1028,579,572,1151
12917,209510,1,1,14,14,0,1,1,7.033333302,0,0,3,437,463,900,548,520,1068
12918,170295,0,0,22,23,0,1,0,7.019444466,0,0,3,456,547,1003,604,592,1196
12924,193423,1,1,17,15,0,1,1,7.055555344,0,0,3,425,528,953,499,515,1014
12925,180344,0,0,24,22,0,1,0,7.055555344,0,0,4,522,536,1058,651,653,1304
12926,159171,0,0,22,26,0,1,1,7.066666603,0,0,3,492,536,1028,564,592,1156
12927,193423,1,1,17,15,1,1,0,7.069444656,0,0,3,413,494,907,527,532,1059
12928,221571,1,1,15,14,0,0,0,7.077777863,0,0,3,418,423,841,507,493,1000
12929,225585,1,1,13,18,1,1,1,7.008333206,0,0,3,433,454,887,495,523,1018
12930,225585,0,1,23,19,0,1,0,7.019444466,0,0,3,403,478,881,478,515,993
12933,225585,0,1,23,19,0,1,0,7.086111069,0,0,3,451,520,971,604,572,1176
12937,244780,0,0,23,25,1,0,1,7.050000191,0,0,1,514,528,1042,514,493,1007
12938,244708,0,0,22,25,0,0,1,7.061110973,0,0,1,NA,NA,NA,521,510,1031
12939,244727,1,1,17,18,0,0,0,7.069444656,0,0,2,492,559,1051,571,545,1116
12940,244839,0,0,23,24,1,0,0,7.086111069,0,0,2,NA,547,NA,544,584,1128
12941,244774,0,0,26,26,0,0,1,7.086111069,0,0,1,447,489,936,503,488,991
12946,191411,0,0,19,22,1,1,1,7.027777672,0,0,3,510,520,1030,579,572,1151
12953,208501,0,0,22,23,1,1,0,7.083333492,0,0,3,503,576,1079,604,592,1196
12954,180344,1,1,16,16,0,0,0,6.927777767,0,0,4,487,506,993,590,584,1174
12955,234628,1,1,16,13,0,1,0,7.013888836,0,0,3,445,520,965,651,612,1263
12964,244780,1,1,17,17,1,0,1,7.086111069,0,0,1,490,536,1026,457,512,969
12965,244728,1,1,17,13,1,0,0,6.969444275,0,0,1,425,454,879,469,477,946
12967,244806,0,0,25,23,0,0,1,6.927777767,0,0,1,439,489,928,521,578,1099
12968,123056,0,0,23,27,1,1,1,6.952777863,0,0,3,NA,NA,NA,456,490,946
12969,193423,1,1,17,15,0,1,1,6.977777958,0,0,3,414,489,903,474,500,974
12971,244728,0,1,17,13,1,0,1,7.038888931,0,0,1,408,423,831,466,500,966
12975,244755,0,1,20,14,0,0,1,6.925000191,0,0,1,421,528,949,512,538,1050
12976,205490,0,0,24,24,1,0,1,6.047222137,0,0,1,430,484,914,544,545,1089
12977,244708,0,0,22,24,0,0,1,6.977777958,0,0,1,442,489,931,516,461,977
12978,218562,1,1,13,13,1,1,1,6.691666603,0,1,4,472,528,1000,NA,NA,NA
12980,166203,0,0,21,23,1,1,1,6.958333492,0,0,4,430,434,864,459,479,938
12981,180344,0,0,25,22,0,0,1,6.958333492,0,0,4,447,459,906,536,507,1043
12983,253888,1,1,13,13,1,1,1,6.711111069,1,1,3,436,454,890,463,470,933
12988,205492,0,0,23,29,1,0,1,6.936110973,0,1,2,443,576,1019,448,507,955
12989,244839,1,1,15,17,1,1,0,7.016666889,0,0,2,468,602,1070,544,572,1116
12990,205491,1,1,14,17,1,1,0,7.038888931,0,0,2,527,602,1129,629,592,1221
12991,244745,0,0,27,24,1,1,1,7.074999809,0,0,2,410,484,894,499,518,1017
12993,257905,1,1,13,15,0,1,0,7.008333206,0,0,4,453,500,953,548,495,1043
12996,215533,0,0,23,23,0,1,0,7.008333206,0,0,3,580,626,1206,651,627,1278
12997,191411,0,0,17,22,1,1,1,6.397222042,1,0,3,467,576,1043,436,488,924
12998,244839,0,0,21,24,0,0,1,7.069444656,0,0,2,422,513,935,466,526,992
12999,244776,1,1,17,17,0,0,1,6.936110973,0,0,1,443,520,963,558,538,1096
13011,244708,0,0,22,22,1,0,1,6.930555344,0,0,1,411,478,889,462,488,950
13014,244708,0,0,24,25,0,0,1,6.936110973,0,0,1,418,449,867,490,520,1010
13017,244708,0,0,24,25,0,0,1,7.022222042,0,0,1,416,434,850,492,526,1018
13020,169229,0,0,25,22,1,0,0,6.847222328,1,0,2,453,528,981,651,601,1252
13026,257899,1,1,17,15,1,1,0,6.394444466,1,0,3,405,429,834,463,526,989
13027,244727,0,0,21,21,0,0,1,7.044444561,0,0,2,414,463,877,462,472,934
13029,244776,0,1,23,17,0,0,1,6.938889027,0,0,1,522,626,1148,590,601,1191
13032,203452,1,1,17,17,1,1,NA,6.724999905,NA,0,3,436,459,895,497,545,1042
13034,221574,1,1,12,13,1,1,0,7.033333302,0,0,3,418,459,877,553,532,1085
13035,165199,1,1,13,17,1,1,0,6.86944437,0,0,4,497,506,1003,NA,538,NA
13037,180344,0,0,25,21,0,1,1,6.988888741,0,0,4,437,459,896,536,532,1068
13042,244697,0,0,26,20,0,0,1,7.016666889,0,0,1,NA,454,NA,516,542,1058
13043,165199,0,0,19,22,1,1,0,6.805555344,0,0,4,487,547,1034,629,578,1207
13044,128076,0,0,23,21,1,1,1,6.616666794,1,0,2,407,449,856,436,449,885
13046,128079,0,1,24,15,1,1,1,7.033333302,0,0,3,408,423,831,434,477,911
13048,128076,0,0,24,21,1,1,1,7.066666603,0,0,2,407,439,846,445,500,945
13049,230612,1,1,16,15,0,1,0,7.058333397,0,0,3,448,494,942,492,505,997
13050,128079,0,0,21,23,0,1,1,6.974999905,0,0,3,408,463,871,475,505,980
13051,264945,0,0,22,26,0,1,0,6.952777863,0,0,2,447,454,901,492,497,989
13054,169229,1,1,17,17,1,0,1,6.849999905,1,0,2,474,478,952,514,470,984
13056,244745,0,0,23,24,1,0,0,6.966666698,0,0,2,453,520,973,564,493,1057
13057,244774,0,0,22,20,0,0,1,6.794444561,1,0,1,418,444,862,448,518,966
13058,159171,1,1,17,15,1,0,1,6.927777767,0,0,3,461,500,961,590,535,1125
13059,159171,1,1,16,16,0,0,1,6.927777767,0,0,3,470,484,954,579,529,1108
13060,244806,0,0,25,23,0,0,1,7.077777863,0,0,1,476,520,996,521,505,1026
13061,168211,0,1,23,19,1,1,0,7.002777576,0,0,3,437,444,881,NA,538,NA
13062,225585,0,0,22,26,0,1,0,7.019444466,0,0,3,436,484,920,472,510,982
13064,244723,1,1,17,15,0,0,1,6.050000191,0,0,1,436,513,949,533,518,1051
13065,244774,1,1,17,17,0,0,1,6.919444561,0,0,1,465,559,1024,579,584,1163
13067,228606,0,0,25,20,1,0,1,6.866666794,1,0,3,437,489,926,516,529,1045
13074,244774,1,1,17,17,1,0,1,6.847222328,0,0,1,414,454,868,497,557,1054
13075,244755,0,0,20,21,1,0,1,7.002777576,0,0,1,407,449,856,469,479,948
13082,169280,0,1,22,16,0,1,0,5.927777767,0,0,2,402,434,836,421,474,895
13083,244708,0,0,22,22,1,0,1,7.002777576,0,0,1,411,439,850,459,502,961
13103,244774,0,0,26,23,1,0,1,7.061110973,0,0,1,428,506,934,465,484,949
13113,216536,1,0,17,28,1,1,0,6.769444466,0,0,3,425,520,945,571,567,1138
13114,189382,0,0,23,22,0,1,0,6.963889122,0,0,2,448,484,932,536,557,1093
13116,244745,0,0,28,24,1,1,1,6.969444275,0,0,2,461,602,1063,NA,NA,NA
13117,244774,1,1,16,17,1,0,1,6.941666603,0,0,1,427,494,921,492,526,1018
13118,169229,0,0,25,20,1,0,1,6.655555725,0,0,2,418,478,896,497,529,1026
13119,169229,1,1,16,17,0,0,0,7.027777672,0,0,2,461,484,945,524,490,1014
13120,231616,0,0,21,25,1,1,1,6.394444466,1,0,3,NA,NA,NA,414,451,865
13122,205488,0,0,23,19,1,1,0,6.847222328,0,0,2,NA,NA,NA,480,515,995
13125,205490,0,0,24,24,1,0,1,5.622222424,1,1,1,391,444,835,503,507,1010
13127,244801,1,1,16,17,0,0,0,7.058333397,0,0,2,430,494,924,478,493,971
13128,244801,1,0,15,25,1,1,0,6.944444656,0,0,2,428,473,901,442,470,912
13130,130085,1,0,17,21,0,1,1,6.236111164,1,0,2,400,500,900,NA,NA,NA
13133,244799,0,0,18,20,1,0,0,6.952777863,0,0,2,419,449,868,514,535,1049
13136,212522,1,1,13,17,0,1,1,5.105555534,0,0,4,465,528,993,629,627,1256
13137,244727,0,0,21,21,0,0,1,5.099999905,0,0,2,448,494,942,514,545,1059
13138,130085,1,1,17,17,0,1,1,5.097222328,0,0,2,442,484,926,540,557,1097
13139,128079,0,1,21,15,0,1,0,5.097222328,0,0,3,428,489,917,524,535,1059
13143,244806,0,0,25,22,0,0,1,5.086111069,0,0,1,456,513,969,475,479,954
13144,244780,1,1,17,17,0,0,0,5.086111069,0,0,1,480,536,1016,471,500,971
13146,244728,1,1,17,13,0,0,1,5.086111069,0,0,1,397,423,820,436,456,892
13148,123056,0,0,24,27,1,1,1,5.133333206,0,1,3,NA,NA,NA,451,497,948
13149,244755,0,0,22,21,1,0,1,5.086111069,0,0,1,437,506,943,499,518,1017
13151,205490,1,1,15,17,1,0,1,5.102777958,0,0,1,386,423,809,456,520,976
13153,130085,0,0,20,23,1,1,0,5.116666794,0,0,2,439,463,902,540,535,1075
13155,128079,1,1,16,15,0,1,0,5.116666794,0,0,3,456,473,929,558,497,1055
13157,169229,1,1,16,16,1,1,0,5.227777958,0,0,2,440,520,960,509,553,1062
13158,244774,1,1,17,17,1,0,1,5.094444275,0,0,1,400,444,844,466,488,954
13159,130085,0,0,20,24,1,1,0,5.147222042,0,0,2,442,520,962,629,612,1241
13160,128079,1,1,16,16,1,1,0,5.155555725,0,0,3,467,506,973,604,529,1133
13161,128079,0,1,21,15,1,1,0,5.158333302,0,0,3,419,506,925,494,529,1023
13162,244755,0,0,20,21,1,0,1,5.102777958,0,0,1,422,494,916,480,526,1006
13163,170295,1,0,15,23,1,1,1,5.163888931,0,0,3,428,463,891,533,567,1100
13164,205488,0,0,24,23,1,1,0,5.699999809,0,0,2,431,500,931,463,520,983
13166,244764,1,1,13,12,0,0,1,5.108333111,0,0,1,538,626,1164,651,592,1243
13168,244780,0,0,23,25,1,0,1,5.108333111,0,0,1,495,559,1054,465,495,960
13169,205492,0,0,23,24,0,0,1,5.13055563,0,0,2,442,547,989,499,562,1061
13171,164198,1,1,13,13,0,1,0,5.088889122,0,1,3,545,576,1121,629,592,1221
13173,161183,0,0,22,23,0,1,1,5.097222328,0,0,3,422,494,916,564,538,1102
13174,161176,0,0,24,26,0,1,0,5.111111164,0,0,3,461,473,934,629,553,1182
13175,161183,0,0,23,22,0,1,1,5.11944437,0,0,3,425,478,903,482,515,997
13176,161183,0,0,23,23,1,1,0,5.122222424,0,0,3,468,559,1027,571,601,1172
13177,161183,0,0,21,23,1,1,1,5.13055563,0,0,3,442,506,948,544,572,1116
13178,244799,1,1,14,16,0,0,1,5.136111259,0,0,2,428,520,948,553,601,1154
13179,161183,0,0,21,21,0,1,1,5.152777672,0,0,3,470,536,1006,629,612,1241
13180,244776,1,1,17,17,1,0,1,5.111111164,0,0,1,443,473,916,629,601,1230
13184,164198,0,0,21,24,0,1,0,5.955555439,0,0,3,467,484,951,604,567,1171
13185,164198,1,1,13,13,1,1,0,5.136111259,0,1,3,500,602,1102,629,627,1256
13186,244799,1,1,14,16,1,0,0,5.13055563,0,0,2,456,500,956,564,572,1136
13187,165199,0,0,19,22,0,1,0,5.102777958,0,0,4,451,506,957,571,562,1133
13188,164198,1,1,13,13,1,1,1,5.11944437,0,1,3,407,459,866,463,523,986
13189,164198,0,0,21,23,0,1,0,5.161110878,0,0,3,434,468,902,495,532,1027
13192,123056,1,1,17,19,1,1,1,5.088889122,0,0,3,414,459,873,NA,493,NA
13193,123056,0,0,24,27,1,1,0,5.094444275,0,0,3,442,536,978,530,584,1114
13194,168211,1,1,16,19,1,1,1,5.116666794,0,0,3,456,559,1015,NA,572,NA
13195,168211,0,0,24,30,0,1,1,5.122222424,0,0,3,421,459,880,NA,542,NA
13196,205490,0,0,24,24,1,0,1,5.163888931,0,0,1,418,423,841,516,507,1023
13197,244806,0,0,25,23,1,0,0,5.091666698,0,0,1,474,536,1010,521,592,1113
13198,244776,1,1,15,17,0,0,1,5.091666698,0,0,1,413,459,872,629,584,1213
13199,169231,1,1,15,14,1,1,1,5.086111069,0,0,1,445,463,908,492,557,1049
13204,244728,0,0,20,22,1,0,1,5.105555534,0,0,1,NA,444,NA,439,465,904
13205,205491,1,1,14,17,1,1,0,5.169444561,0,0,2,474,547,1021,553,592,1145
13206,169229,0,0,24,22,1,1,1,5.088889122,0,0,2,467,489,956,544,562,1106
13207,169229,0,0,25,21,0,1,1,5.502777576,0,0,2,431,449,880,501,553,1054
13211,244799,0,0,18,22,1,0,1,5.108333111,0,0,2,425,473,898,544,518,1062
13213,205490,0,0,24,24,1,0,1,5.175000191,0,0,1,380,439,819,524,542,1066
13215,165199,1,1,13,14,1,1,0,5.091666698,0,0,4,480,602,1082,564,612,1176
13218,244697,0,0,27,21,1,0,1,5.113888741,0,0,1,419,463,882,465,523,988
13221,244736,1,1,15,15,1,0,1,5.113888741,0,0,1,443,513,956,NA,NA,NA
13222,201449,1,1,15,17,0,0,0,5.094444275,0,0,3,456,528,984,604,557,1161
13224,244755,0,1,20,12,0,0,1,5.474999905,0,0,1,433,473,906,558,557,1115
13225,244708,1,1,16,15,1,0,1,5.116666794,0,0,1,440,468,908,438,477,915
13228,169231,0,0,22,21,1,1,0,5.097222328,0,0,1,425,484,909,629,526,1155
13229,244780,1,0,17,17,1,0,1,5.11944437,0,0,1,NA,NA,NA,480,454,934
13234,244799,1,1,14,16,1,0,0,5.094444275,0,0,2,445,500,945,571,578,1149
13235,169280,0,0,22,25,1,1,0,5.102777958,0,0,2,458,528,986,629,627,1256
13237,169280,0,0,22,25,1,1,0,5.105555534,0,0,2,440,459,899,482,572,1054
13238,165199,0,0,22,22,0,0,0,5.105555534,0,0,4,554,547,1101,629,592,1221
13240,244839,0,1,21,17,1,0,0,5.147222042,0,0,2,433,500,933,571,512,1083
13241,244727,0,0,21,23,1,0,0,5.502777576,0,0,2,398,439,837,490,502,992
13243,169219,0,0,20,22,0,1,0,5.105555534,0,0,2,461,576,1037,590,627,1217
13244,262937,0,0,22,23,0,1,0,5.108333111,0,0,2,465,626,1091,579,567,1146
13245,218562,1,1,14,14,1,1,0,5.358333111,0,0,4,485,559,1044,604,601,1205
13246,128076,0,0,24,21,1,1,0,5.208333492,0,0,2,416,459,875,487,474,961
13247,169219,1,1,13,17,1,1,0,5.111111164,0,0,2,NA,NA,NA,501,553,1054
13248,244806,0,0,26,23,1,0,1,5.127777576,0,0,1,440,434,874,521,532,1053
13249,169229,1,1,17,16,0,1,0,5.113888741,0,0,2,467,468,935,579,567,1146
13250,169231,1,1,15,15,0,0,1,5.947222233,0,0,1,411,429,840,482,NA,NA
13251,201449,0,0,22,25,0,1,0,5.116666794,0,0,3,472,513,985,629,557,1186
13253,244755,0,0,20,23,0,0,1,5.136111259,0,0,1,419,439,858,474,468,942
13261,244776,0,0,22,22,1,0,1,5.102777958,0,0,1,424,459,883,495,512,1007
13262,264945,0,0,24,27,1,1,0,5.11944437,0,0,2,439,478,917,579,553,1132
13263,259915,0,0,26,24,1,1,1,5.097222328,0,0,3,NA,NA,NA,434,500,934
13265,244776,0,0,23,22,1,0,1,5.144444466,0,0,1,439,506,945,453,486,939
13266,244764,0,1,21,17,0,0,1,5.144444466,0,0,1,427,473,900,499,520,1019
13267,244755,0,0,22,21,0,0,1,5.144444466,0,0,1,431,478,909,475,486,961
13268,264945,1,1,15,17,0,1,0,5.125,0,0,2,480,528,1008,590,562,1152
13269,193423,0,0,22,19,0,1,1,5.125,0,0,3,427,506,933,564,502,1066
13270,205490,1,1,15,17,1,0,1,5.605555534,0,1,1,397,412,809,439,477,916
13272,205490,1,1,15,17,0,0,1,5.233333111,0,0,1,395,405,800,495,512,1007
13273,244774,0,0,22,24,0,0,1,5.147222042,0,0,1,507,459,966,457,474,931
13275,244755,0,0,22,21,0,0,0,5.150000095,0,0,1,448,463,911,514,512,1026
13277,161176,1,1,17,17,1,1,0,5.24444437,0,0,3,424,494,918,519,512,1031
13280,112038,0,1,19,17,1,0,0,5.133333206,0,0,4,419,500,919,544,520,1064
13281,169231,0,0,22,19,1,0,0,5.133333206,0,0,1,467,506,973,571,545,1116
13282,244774,0,0,22,24,1,0,1,5.138888836,0,0,1,500,513,1013,465,505,970
13284,244727,0,0,21,23,0,0,0,5.150000095,0,0,2,430,439,869,548,523,1071
13285,189382,1,1,14,17,1,1,0,5.694444656,0,0,2,450,478,928,509,562,1071
13287,169219,0,1,20,17,1,1,0,5.138888836,0,0,2,474,484,958,564,592,1156
13288,159171,0,0,22,23,0,0,0,5.558333397,0,0,3,451,500,951,536,538,1074
13289,244708,1,1,16,15,1,0,1,5.161110878,0,0,1,456,468,924,590,553,1143
13291,169229,0,0,25,21,1,1,0,5.141666889,0,0,2,492,559,1051,579,567,1146
13294,244839,1,1,16,17,0,0,0,5.166666508,0,0,2,NA,NA,NA,651,627,1278
13295,244776,0,0,23,22,1,0,1,5.724999905,0,0,1,397,392,789,448,486,934
13296,244780,0,0,23,25,0,0,1,5.141666889,0,0,1,545,602,1147,519,523,1042
13297,244799,1,1,14,16,1,0,1,5.722222328,0,0,2,437,454,891,536,518,1054
13299,244831,0,0,27,24,0,0,1,5.105555534,0,0,2,NA,NA,NA,530,529,1059
13300,205492,1,1,16,18,0,0,1,5.275000095,0,0,2,510,520,1030,519,549,1068
13301,244736,1,1,15,15,1,0,1,5.133333206,0,0,1,NA,NA,NA,483,545,1028
13302,244746,0,0,19,23,1,0,1,5.141666889,0,1,1,425,473,898,475,542,1017
13304,205490,0,0,24,24,1,0,1,5.283333302,0,0,1,397,423,820,482,538,1020
13306,244745,1,0,15,18,0,1,0,5.163888931,0,0,2,460,489,949,471,486,957
13307,244728,0,0,20,22,1,0,0,5.105555534,0,0,1,419,473,892,472,515,987
13312,205490,1,1,15,17,0,0,1,5.291666508,0,0,1,407,444,851,459,512,971
13314,244839,0,0,23,24,0,0,0,5.175000191,0,0,2,NA,478,NA,468,515,983
13315,193423,1,1,17,14,1,1,0,5.488888741,0,0,3,437,494,931,548,518,1066
13317,201449,0,0,21,26,1,1,0,5.163888931,0,0,3,447,536,983,579,567,1146
13318,169229,0,0,22,21,1,0,0,5.166666508,0,0,2,453,478,931,590,526,1116
13319,244801,0,0,24,25,1,1,0,5.772222042,0,0,2,408,444,852,503,507,1010
13320,212522,0,0,23,27,1,1,0,5.305555344,0,0,4,450,602,1052,524,567,1091
13321,205491,0,0,23,18,0,1,0,5.305555344,0,0,2,451,513,964,590,578,1168
13323,264945,1,1,15,17,0,1,0,5.169444561,0,0,2,463,473,936,544,520,1064
13324,170295,0,0,22,22,0,1,0,5.163888931,0,0,3,474,473,947,571,538,1109
13325,201449,1,1,15,15,0,1,0,5.113888741,0,0,3,472,576,1048,571,592,1163
13326,244723,1,1,17,15,1,0,1,5.180555344,0,0,1,422,444,866,497,497,994
13329,244831,1,1,17,15,1,1,1,5.158333302,0,0,2,422,484,906,482,562,1044
13330,201449,1,1,15,15,0,1,0,5.163888931,0,0,3,447,473,920,507,538,1045
13333,161176,0,0,24,26,0,1,0,5.319444656,0,0,3,398,444,842,494,526,1020
13334,173312,0,0,22,22,0,1,0,5.111111164,0,0,3,580,626,1206,651,676,1327
13335,244755,1,1,15,12,0,0,1,5.161110878,0,0,1,527,626,1153,604,601,1205
13336,244728,0,0,20,22,1,0,1,5.163888931,0,0,1,403,449,852,490,493,983
13338,180344,0,0,25,21,1,1,0,5.086111069,0,0,4,433,478,911,558,549,1107
13339,244727,0,0,21,23,0,0,1,5.177777767,0,0,2,456,506,962,544,572,1116
13340,173312,1,1,14,16,1,1,0,5.161110878,0,0,3,492,520,1012,604,572,1176
13342,244774,0,0,26,26,0,0,1,5.824999809,0,0,1,NA,NA,NA,492,495,987
13343,244755,1,1,15,15,0,0,1,5.169444561,0,0,1,470,576,1046,454,458,912
13344,244727,0,0,21,21,1,0,0,5.197222233,0,0,2,451,559,1010,579,572,1151
13346,212522,1,1,13,16,1,1,1,5.336111069,0,0,4,430,459,889,460,500,960
13348,244806,0,0,25,24,0,0,0,5.166666508,0,0,1,487,602,1089,499,553,1052
13349,180344,0,0,27,22,0,1,0,5.138888836,0,0,4,460,559,1019,604,578,1182
13350,180344,1,1,16,16,0,1,0,5.11944437,0,0,4,453,513,966,590,584,1174
13352,203452,0,0,23,23,1,1,0,5.341666698,0,0,3,397,429,826,483,545,1028
13354,180344,1,1,16,16,1,0,1,5.158333302,0,0,4,422,434,856,536,515,1051
13356,205491,0,0,23,22,1,1,0,5.341666698,0,0,2,474,528,1002,579,601,1180
13357,244755,0,0,22,21,0,0,1,5.169444561,0,0,1,442,489,931,505,523,1028
13361,244774,0,0,22,24,0,0,1,5.172222137,0,0,1,411,459,870,451,486,937
13364,205488,1,0,17,23,1,1,1,5.347222328,0,0,2,456,473,929,492,500,992
13365,261927,0,0,23,21,0,1,0,5.333333492,0,0,3,433,513,946,533,553,1086
13366,191411,1,1,13,16,0,1,0,5.113888741,0,0,3,476,494,970,509,567,1076
13367,203452,0,0,19,23,0,1,0,5.113888741,0,0,3,NA,454,NA,492,523,1015
13368,203452,0,0,19,23,0,1,1,5.116666794,0,1,3,400,399,799,468,484,952
13369,244755,1,1,16,12,0,0,1,5.180555344,0,0,1,418,489,907,524,567,1091
13370,191411,0,0,17,22,0,1,1,5.133333206,0,0,3,416,449,865,450,465,915
13372,203457,0,0,16,24,1,1,0,5.169444561,0,0,3,468,559,1027,629,578,1207
13373,169229,0,0,22,21,0,1,0,5.355555534,0,0,2,428,434,862,475,477,952
13375,189382,0,0,24,22,1,1,0,5.097222328,0,0,2,451,489,940,530,549,1079
13378,244831,1,1,17,15,1,1,1,5.183333397,0,0,2,405,434,839,442,463,905
13380,244799,0,0,18,20,1,0,0,5.186110973,0,0,2,421,500,921,494,584,1078
13381,244799,0,0,21,20,0,0,1,5.777777672,0,0,2,434,473,907,548,520,1068
13382,244764,0,0,21,19,1,0,1,5.186110973,0,0,1,437,454,891,478,493,971
13383,218562,1,1,14,14,1,1,0,5.113888741,0,0,4,NA,NA,NA,548,557,1105
13384,189396,0,0,25,20,0,1,1,5.116666794,0,0,3,397,429,826,NA,NA,NA
13385,244746,0,0,19,24,0,0,1,5.191666603,0,0,1,433,494,927,492,562,1054
13386,189382,1,1,14,17,1,1,0,5.122222424,0,0,2,456,473,929,579,505,1084
13388,244755,0,0,22,21,0,0,1,5.191666603,0,0,1,419,429,848,433,481,914
13389,189378,0,0,19,23,1,1,0,5.13055563,0,0,3,434,468,902,521,497,1018
13391,212522,1,1,13,16,1,1,0,5.383333206,0,0,4,470,576,1046,533,538,1071
13392,189382,0,0,24,22,0,1,0,5.150000095,0,0,2,NA,NA,NA,651,562,1213
13394,264945,1,1,15,17,1,1,0,5.227777958,0,0,2,442,513,955,485,535,1020
13395,244745,0,0,28,24,1,0,0,5.197222233,0,0,2,422,506,928,NA,NA,NA
13396,218562,0,0,17,24,0,1,0,5.102777958,0,0,4,472,520,992,553,627,1180
13398,161183,0,0,23,21,0,1,0,5.411110878,0,0,3,485,602,1087,629,653,1282
13400,244806,0,0,25,22,1,0,0,5.208333492,0,0,1,434,494,928,442,465,907
13401,244839,1,0,15,24,0,0,1,5.208333492,0,0,2,437,463,900,514,567,1081
13402,244708,1,1,16,15,0,0,1,5.211111069,0,0,1,NA,399,NA,438,436,874
13405,244708,1,1,16,15,1,0,1,5.213889122,0,0,1,397,439,836,453,461,914
13406,244780,0,0,23,25,0,0,1,5.213889122,0,0,1,425,536,961,451,481,932
13408,244776,1,1,15,17,0,0,0,5.216666698,0,0,1,NA,NA,NA,463,470,933
13409,170295,1,0,15,22,1,1,0,5.133333206,0,0,3,414,484,898,501,578,1079
13410,205488,1,1,17,15,1,1,0,5.416666508,0,0,2,465,500,965,530,601,1131
13411,203452,1,1,17,17,1,1,1,5.191666603,0,0,3,442,444,886,604,592,1196
13412,244806,0,0,25,22,0,0,1,5.216666698,0,0,1,461,547,1008,480,553,1033
13414,201449,0,1,21,17,0,1,0,5.094444275,0,0,3,478,559,1037,604,572,1176
13415,201449,0,0,22,26,1,1,0,5.113888741,0,0,3,442,454,896,536,592,1128
13416,201449,0,1,21,15,1,1,0,5.11944437,0,0,3,440,500,940,553,584,1137
13417,201449,0,0,21,25,1,1,1,5.11944437,0,0,3,474,500,974,590,592,1182
13418,201449,0,0,22,24,0,0,1,5.169444561,0,0,3,447,536,983,468,477,945
13420,162184,0,0,19,21,0,1,1,5.102777958,0,0,3,439,494,933,604,572,1176
13421,244774,1,0,16,19,1,0,1,5.216666698,0,0,1,398,429,827,438,446,884
13424,203452,0,0,19,23,1,1,1,5.122222424,0,0,3,451,478,929,544,549,1093
13425,203452,1,1,16,17,1,1,0,5.144444466,0,0,3,NA,NA,NA,629,612,1241
13426,244723,1,1,17,15,0,0,1,5.222222328,0,0,1,439,494,933,536,549,1085
13427,212522,0,1,23,17,0,1,1,5.427777767,0,0,4,442,506,948,590,601,1191
13428,244780,0,0,23,25,1,0,1,5.224999905,0,0,1,391,602,993,474,538,1012
13429,161183,0,0,23,20,1,1,1,5.086111069,0,0,3,405,444,849,469,507,976
13430,161183,0,0,22,21,1,1,0,5.088889122,0,0,3,455,559,1014,604,612,1216
13434,244727,0,0,21,21,1,0,0,5.224999905,0,0,2,440,506,946,571,584,1155
13437,205491,1,1,14,17,1,1,0,5.113888741,0,0,2,474,559,1033,629,584,1213
13439,264945,1,1,15,17,1,1,0,5.580555439,0,0,2,453,506,959,564,584,1148
13442,244774,1,1,17,17,0,0,1,5.199999809,0,0,1,419,500,919,497,507,1004
13443,244774,0,1,26,17,1,0,1,5.199999809,0,0,1,442,473,915,475,490,965
13444,205490,0,0,24,24,1,0,1,5.447222233,0,0,1,428,439,867,533,529,1062
13446,205490,0,0,24,24,1,0,1,5.449999809,0,0,1,434,473,907,604,592,1196
13449,130085,1,1,17,17,0,1,0,5.133333206,0,0,2,434,489,923,521,545,1066
13450,128076,1,1,13,15,0,1,0,5.452777863,0,0,2,397,449,846,524,529,1053
13451,205488,0,1,24,14,0,1,0,5.136111259,0,0,2,427,463,890,487,497,984
13454,244755,1,1,16,15,1,0,0,5.227777958,0,0,1,450,536,986,521,553,1074
13456,244831,0,0,22,24,0,0,1,5.230555534,0,0,2,NA,NA,NA,564,523,1087
13457,244796,1,1,12,17,0,0,1,5.230555534,0,0,1,456,478,934,480,500,980
13459,244708,1,1,16,15,0,0,1,5.233333111,0,0,1,461,459,920,505,472,977
13460,244801,0,0,24,25,0,0,0,5.233333111,0,0,2,425,520,945,457,510,967
13461,244839,0,0,21,26,0,0,0,5.236111164,0,0,2,428,536,964,483,502,985
13464,244764,0,0,21,16,0,0,1,5.233333111,0,0,1,422,468,890,494,512,1006
13468,169219,0,1,22,17,1,1,0,5.283333302,0,0,2,NA,NA,NA,629,567,1196
13472,180344,0,0,25,22,1,0,0,5.422222137,0,0,4,NA,NA,NA,519,486,1005
13475,161183,0,0,23,21,0,1,1,5.108333111,0,0,3,NA,489,NA,564,584,1148
13482,203452,1,1,17,17,0,1,1,5.133333206,0,0,3,NA,454,NA,507,526,1033
13485,205491,1,1,15,17,0,1,0,5.480555534,0,0,2,NA,459,NA,544,520,1064
13487,128076,0,0,23,21,1,1,0,5.147222042,0,0,2,436,454,890,487,495,982
13490,128079,0,0,24,20,1,1,0,5.161110878,0,1,3,422,444,866,527,542,1069
13491,128079,0,0,21,23,1,1,0,5.161110878,0,1,3,422,444,866,477,523,1000
13492,244723,0,0,26,21,1,0,1,5.238888741,0,0,1,416,463,879,505,488,993
13495,244806,0,0,26,23,1,0,1,5.241666794,0,0,1,440,444,884,477,515,992
13497,205490,1,1,15,17,0,0,1,5.169444561,0,0,1,398,429,827,436,446,882
13499,208501,0,0,22,24,1,1,0,5.088889122,0,0,3,437,528,965,544,562,1106
13500,208503,0,0,23,20,1,1,1,5.094444275,0,0,3,403,489,892,571,572,1143
13501,208501,1,1,15,20,1,1,0,5.099999905,0,0,3,453,576,1029,571,601,1172
13504,244755,0,0,22,23,1,0,1,5.24444437,0,0,1,425,463,888,NA,NA,NA
13505,208501,0,0,22,23,0,1,0,5.11944437,0,0,3,458,547,1005,553,557,1110
13506,208501,0,0,22,24,0,1,0,5.122222424,0,0,3,467,506,973,629,538,1167
13507,230612,0,0,23,20,1,1,0,5.122222424,0,0,3,467,559,1026,516,578,1094
13509,244723,1,1,17,15,0,0,1,5.24444437,0,0,1,434,520,954,527,578,1105
13510,208503,0,0,24,20,0,1,0,5.136111259,0,0,3,407,384,791,466,502,968
13511,221571,0,0,21,23,0,1,0,5.136111259,0,0,3,451,500,951,548,567,1115
13512,221571,1,1,16,14,0,1,1,5.144444466,0,0,3,431,602,1033,485,549,1034
13513,205492,0,0,23,29,1,0,1,5.508333206,0,0,2,433,478,911,512,484,996
13514,208503,0,0,24,20,1,1,0,5.088889122,0,0,3,397,500,897,516,529,1045
13515,208503,0,0,23,20,0,1,0,5.116666794,0,0,3,422,484,906,447,505,952
13521,244806,1,1,14,15,1,0,1,5.241666794,0,0,1,NA,NA,NA,512,518,1030
13524,244727,0,0,21,23,1,0,0,5.186110973,0,0,2,413,454,867,499,493,992
13526,212522,0,0,21,26,0,1,0,5.141666889,0,0,4,NA,454,NA,444,479,923
13527,212522,1,1,13,17,1,0,1,5.144444466,0,0,4,448,444,892,536,515,1051
13528,244774,0,0,22,26,1,0,1,5.238888741,0,0,1,405,434,839,414,441,855
13530,193423,1,1,16,15,0,0,0,5.091666698,0,0,3,580,536,1116,604,535,1139
13533,193422,0,0,20,25,1,1,0,5.166666508,0,0,3,427,459,886,488,505,993
13534,216536,1,1,17,14,1,1,1,5.116666794,0,0,3,447,489,936,579,572,1151
13535,205492,1,1,17,18,1,1,0,5.530555725,0,1,2,425,489,914,472,526,998
13537,170295,0,0,22,23,1,1,0,5.091666698,0,0,3,580,528,1108,651,601,1252
13540,244745,0,0,23,24,0,1,0,5.147222042,0,0,2,450,513,963,507,532,1039
13542,159171,0,0,27,23,0,0,1,5.099999905,0,0,3,437,484,921,564,567,1131
13545,244831,0,0,27,24,1,1,0,5.216666698,0,0,2,NA,484,NA,499,507,1006
13548,212522,0,0,23,26,1,1,1,5.544444561,0,0,4,428,478,906,482,507,989
13550,159171,1,1,16,16,0,1,1,5.949999809,0,0,3,460,484,944,604,578,1182
13551,244697,0,0,27,19,0,0,1,5.252777576,0,0,1,425,459,884,497,510,1007
13552,244780,0,0,23,25,1,0,1,5.252777576,0,0,1,431,559,990,501,500,1001
13553,205490,1,1,15,17,1,0,1,5.547222137,0,0,1,408,459,867,472,500,972
13559,161176,0,0,24,27,0,1,0,5.552777767,0,0,3,427,513,940,533,572,1105
13560,159171,1,1,17,16,1,1,0,5.963889122,0,0,3,453,602,1055,463,557,1020
13561,180344,0,0,24,22,0,1,0,5.133333206,0,0,4,495,484,979,629,653,1282
13564,180344,1,1,16,16,0,1,0,5.133333206,0,0,4,472,602,1074,629,612,1241
13567,170295,0,0,22,23,1,1,0,5.941666603,0,0,3,428,506,934,494,562,1056
13568,170295,0,0,22,23,0,1,0,5.138888836,0,0,3,NA,NA,NA,604,567,1171
13569,180344,0,0,24,20,1,1,0,5.141666889,0,0,4,434,463,897,571,529,1100
13570,159171,0,0,27,23,0,1,0,5.144444466,0,0,3,474,463,937,544,562,1106
13571,244774,0,1,26,17,1,0,1,5.263888836,0,0,1,424,478,902,533,538,1071
13572,215533,0,0,24,22,1,1,0,5.147222042,0,0,3,427,500,927,492,557,1049
13573,244746,1,1,16,15,1,0,1,5.263888836,0,0,1,480,506,986,533,612,1145
13574,215533,0,0,24,23,1,0,1,5.150000095,0,0,3,414,484,898,490,512,1002
13575,230612,0,0,23,23,1,1,0,5.150000095,0,0,3,448,513,961,590,557,1147
13577,159171,1,1,17,15,1,1,0,5.158333302,0,0,3,448,559,1007,492,538,1030
13578,215533,1,1,14,15,1,1,0,5.158333302,0,0,3,455,494,949,527,535,1062
13579,169280,0,0,22,25,1,1,0,5.163888931,0,0,2,455,494,949,536,612,1148
13581,244806,0,1,26,13,1,0,0,5.277777672,0,0,1,470,513,983,533,553,1086
13582,221571,0,0,21,22,1,1,0,5.102777958,0,0,3,407,439,846,451,474,925
13583,221574,0,0,19,21,1,1,0,5.113888741,0,0,3,416,468,884,492,495,987
13584,209510,0,0,22,23,1,1,0,5.116666794,0,0,3,NA,NA,NA,629,549,1178
13585,221571,0,0,23,22,0,1,0,5.122222424,0,0,3,405,444,849,471,520,991
13587,244839,0,0,23,26,1,0,0,5.136111259,0,0,2,NA,489,NA,505,549,1054
13589,221571,0,0,23,22,1,0,0,5.141666889,0,0,3,400,423,823,487,538,1025
13590,221571,0,0,21,22,1,0,1,5.147222042,0,0,3,413,444,857,462,490,952
13593,221571,0,1,23,15,1,1,0,5.166666508,0,0,3,439,439,878,564,562,1126
13594,244755,1,1,16,12,1,0,1,5.233333111,0,0,1,424,559,983,507,572,1079
13596,225585,0,0,21,26,0,1,0,5.341666698,0,0,3,447,513,960,540,567,1107
13597,244727,0,1,21,18,0,0,1,5.283333302,0,0,2,443,478,921,544,553,1097
13598,244831,1,1,17,15,1,1,0,5.288888931,0,0,2,439,547,986,558,545,1103
13599,228606,0,0,25,22,0,0,1,5.11944437,0,0,3,434,528,962,527,627,1154
13600,228606,0,0,25,22,1,0,1,5.13055563,0,0,3,431,547,978,553,567,1120
13602,228606,1,1,16,14,0,1,1,5.136111259,0,0,3,418,513,931,536,562,1098
13603,244799,1,0,14,19,0,0,0,5.286110878,0,0,2,422,418,840,512,479,991
13604,228606,0,0,25,21,1,0,0,5.147222042,0,0,3,510,626,1136,564,502,1066
13607,228606,1,0,16,22,0,1,0,5.166666508,0,0,3,450,536,986,548,627,1175
13608,205490,1,1,15,17,0,0,1,5.594444275,0,0,1,436,473,909,492,535,1027
13609,231616,0,0,23,21,1,1,0,5.091666698,0,0,3,458,520,978,571,562,1133
13611,231616,0,0,21,21,0,1,0,5.102777958,0,0,3,458,547,1005,590,572,1162
13612,162184,1,1,12,14,1,1,0,5.141666889,0,0,3,431,520,951,651,567,1218
13613,231616,0,0,23,21,0,1,1,5.147222042,0,0,3,456,536,992,571,572,1143
13618,244723,1,1,17,15,0,0,1,5.277777672,0,0,1,437,506,943,494,545,1039
13619,264945,0,0,23,27,1,1,0,5.097222328,0,0,2,495,602,1097,604,601,1205
13620,244839,1,1,16,17,0,0,1,5.280555725,0,0,2,433,489,922,512,490,1002
13621,261927,1,1,16,17,1,1,0,5.108333111,0,0,3,400,423,823,448,449,897
13622,261927,1,1,16,17,1,1,0,5.122222424,0,0,3,627,576,1203,651,601,1252
13624,234628,0,0,24,21,1,1,0,5.613888741,0,0,3,527,506,1033,604,676,1280
13625,244755,0,1,20,12,1,0,1,5.294444561,0,0,1,421,449,870,514,557,1071
13626,164198,0,0,21,23,0,1,0,5.113888741,0,0,3,440,536,976,533,627,1160
13627,244727,0,0,21,21,0,0,0,5.302777767,0,0,2,440,500,940,527,557,1084
13628,244755,0,0,22,21,0,0,1,5.302777767,0,0,1,419,468,887,474,500,974
13629,244708,0,0,22,25,0,0,1,5.638888836,0,0,1,403,423,826,428,449,877
13630,218562,0,0,17,24,0,1,0,5.177777767,0,0,4,NA,NA,NA,463,488,951
13632,218562,1,1,14,14,1,1,0,5.183333397,0,0,4,443,547,990,NA,549,NA
13633,218562,1,1,14,13,1,1,NA,5.183333397,NA,0,4,443,484,927,NA,NA,NA
13635,244806,1,1,14,15,0,0,0,5.302777767,0,0,1,500,536,1036,629,562,1191
13636,244727,1,1,17,13,0,0,0,5.286110878,0,0,2,500,513,1013,579,553,1132
13637,244727,0,0,21,23,0,0,1,5.302777767,0,0,2,421,459,880,497,518,1015
13638,203457,0,0,19,23,1,1,0,5.633333206,0,1,3,463,473,936,564,529,1093
13639,161183,0,0,21,21,1,1,0,5.638888836,0,0,3,422,434,856,558,567,1125
13640,244755,1,1,16,15,0,0,0,5.313889027,0,0,1,411,536,947,485,500,985
13642,244799,0,0,21,22,1,0,0,5.324999809,0,0,2,397,459,856,478,545,1023
13643,244728,0,1,17,13,1,0,1,5.327777863,0,0,1,492,454,946,651,470,1121
13646,244801,0,0,24,24,1,1,0,5.091666698,0,0,2,425,513,938,485,538,1023
13647,244799,0,0,18,22,1,0,0,5.263888836,0,0,2,434,484,918,483,520,1003
13648,216536,0,0,23,22,0,1,0,5.555555344,0,0,3,476,520,996,564,553,1117
13651,244774,1,1,17,17,1,0,1,5.091666698,0,0,1,443,468,911,507,518,1025
13652,244755,0,0,20,21,1,0,1,5.313889027,0,0,1,390,418,808,459,490,949
13653,244801,0,0,24,25,1,1,0,5.094444275,0,0,2,538,626,1164,NA,584,NA
13654,203452,0,0,21,22,0,1,1,5.830555439,0,0,3,402,454,856,487,479,966
13657,244727,0,0,21,21,0,0,1,5.094444275,0,0,2,443,506,949,540,578,1118
13658,244806,0,0,26,22,1,0,1,5.288888931,0,0,1,455,494,949,472,532,1004
13659,205492,1,1,16,18,1,0,1,5.663888931,0,1,2,474,506,980,468,500,968
13660,244708,0,0,22,25,1,0,1,5.099999905,0,0,1,422,434,856,530,553,1083
13661,244776,1,1,17,17,1,0,1,5.291666508,0,0,1,440,449,889,497,505,1002
13662,244746,0,0,19,26,1,0,1,5.294444561,0,0,1,434,473,907,426,470,896
13666,244736,0,0,19,22,1,0,1,5.305555344,0,0,1,456,520,976,478,526,1004
13667,244736,0,0,19,22,1,0,1,5.305555344,0,0,1,467,528,995,499,535,1034
13668,244746,1,1,16,15,0,0,1,5.305555344,0,0,1,451,506,957,564,601,1165
13669,244697,0,0,26,22,0,0,1,5.308333397,0,0,1,NA,449,NA,495,529,1024
13671,205492,0,0,23,29,0,0,1,5.683333397,0,0,2,430,478,908,488,518,1006
13674,244839,1,1,16,17,1,0,0,5.108333111,0,0,2,439,576,1015,564,592,1156
13675,244801,0,0,24,25,0,1,0,5.108333111,0,0,2,474,513,987,536,549,1085
13676,244780,0,0,23,19,0,0,1,5.311110973,0,0,1,445,520,965,462,497,959
13677,244839,0,0,21,22,1,0,1,5.313889027,0,0,2,427,494,921,466,495,961
13678,244755,1,1,16,15,1,0,1,5.313889027,0,0,1,407,494,901,474,500,974
13679,225585,0,0,22,26,1,1,0,5.638888836,0,0,3,428,484,912,474,486,960
13680,244697,1,1,15,16,1,0,0,5.111111164,0,0,1,440,434,874,516,510,1026
13681,244774,0,1,26,17,1,0,1,5.313889027,0,0,1,427,439,866,507,463,970
13682,244806,1,1,14,15,0,0,1,5.316666603,0,0,1,476,520,996,483,493,976
13683,244755,1,1,15,15,1,0,1,5.316666603,0,0,1,NA,NA,NA,426,479,905
13684,244774,0,0,26,24,1,0,1,5.111111164,0,0,1,382,444,826,468,474,942
13685,244708,0,0,22,24,0,0,1,5.319444656,0,0,1,461,528,989,536,545,1081
13686,244708,1,1,16,16,0,0,1,5.319444656,0,0,1,461,528,989,553,578,1131
13692,205490,0,0,24,24,0,0,1,5.702777863,0,0,1,397,405,802,497,535,1032
13695,205491,0,0,22,18,0,1,0,5.705555439,0,0,2,421,454,875,524,512,1036
13696,244697,0,0,27,20,0,0,1,5.116666794,0,0,1,437,513,950,533,557,1090
13703,244839,1,1,16,17,1,0,1,5.344444275,0,0,2,434,489,923,487,502,989
13704,244697,0,0,26,21,0,0,1,5.352777958,0,0,1,NA,473,NA,571,NA,NA
13712,209510,0,0,24,24,0,1,0,5.13055563,0,0,3,461,528,989,651,572,1223
13713,244697,1,1,15,17,1,0,1,5.133333206,0,0,1,442,494,936,497,542,1039
13714,128079,0,0,21,23,1,1,0,5.741666794,0,0,3,402,478,880,485,512,997
13715,244774,0,0,26,24,0,0,0,5.336111069,0,0,1,456,506,962,553,532,1085
13718,244780,1,1,17,17,1,0,0,5.133333206,0,0,1,478,520,998,456,495,951
13719,128079,0,1,21,16,0,1,0,5.747222424,0,0,3,428,489,917,564,549,1113
13721,257905,0,0,21,22,1,1,0,5.75,0,0,4,455,454,909,512,557,1069
13724,244839,0,0,23,22,0,0,0,5.144444466,0,0,2,468,520,988,564,529,1093
13725,244755,0,0,22,21,1,0,1,5.363888741,0,0,1,440,528,968,482,461,943
13726,244708,0,0,22,25,1,0,1,5.336111069,0,0,1,439,513,952,530,572,1102
13727,159171,0,0,27,23,1,1,0,5.147222042,0,0,3,434,513,947,456,542,998
13728,244755,0,0,22,21,0,0,1,5.349999905,0,0,1,451,528,979,544,557,1101
13729,244780,0,1,23,18,0,0,1,5.266666889,0,0,1,500,602,1102,564,523,1087
13730,244764,1,1,13,12,0,0,1,5.150000095,0,0,1,465,602,1067,604,627,1231
13731,244839,0,0,23,22,0,0,0,5.36944437,0,0,2,474,602,1076,527,518,1045
13732,244764,0,0,21,16,1,0,1,5.150000095,0,0,1,450,489,939,604,553,1157
13734,261927,0,0,23,21,0,1,0,5.680555344,0,0,3,NA,NA,NA,509,507,1016
13735,244755,0,0,22,21,1,0,0,5.152777672,0,0,1,431,484,915,512,510,1022
13737,244736,0,0,19,24,1,0,1,5.677777767,0,0,1,437,463,900,441,484,925
13738,244796,0,0,15,24,1,0,1,5.347222328,0,0,1,414,473,887,483,532,1015
13739,244806,1,1,14,15,1,0,1,5.347222328,0,0,1,442,520,962,474,549,1023
13740,208503,0,0,23,20,0,1,0,5.150000095,0,0,3,430,449,879,507,526,1033
13741,244736,0,1,21,15,1,0,1,5.349999905,0,0,1,NA,NA,NA,NA,NA,NA
13742,244774,1,1,16,17,0,0,1,5.158333302,0,0,1,408,449,857,441,461,902
13743,244697,0,0,27,20,1,0,1,5.352777958,0,0,1,411,478,889,477,523,1000
13744,205491,0,0,22,22,1,1,0,5.808333397,0,0,2,403,463,866,514,532,1046
13745,244697,0,0,26,20,1,0,0,5.352777958,0,0,1,390,434,824,459,532,991
13746,259915,0,1,26,14,0,1,0,5.155555725,0,0,3,545,520,1065,629,545,1174
13747,259915,0,0,26,24,0,1,0,5.141666889,0,0,3,403,439,842,527,529,1056
13748,244806,0,0,25,22,0,0,1,5.383333206,0,0,1,448,520,968,492,486,978
13750,244774,0,0,26,23,1,0,1,5.161110878,0,0,1,418,473,891,NA,468,NA
13751,193422,1,1,16,18,0,1,0,5.197222233,0,0,3,458,520,978,530,584,1114
13752,244745,0,0,27,18,0,1,0,5.349999905,0,0,2,605,626,1231,NA,601,NA
13756,259915,0,1,24,14,1,1,1,5.227777958,0,0,3,424,439,863,442,481,923
13757,244776,0,0,22,22,1,0,1,5.166666508,0,0,1,NA,NA,NA,444,526,970
13758,259915,1,1,14,14,1,1,1,5.199999809,0,0,3,437,500,937,604,627,1231
13761,259915,0,0,24,24,0,1,0,5.205555439,0,0,3,NA,NA,NA,579,549,1128
13765,205490,0,0,24,24,1,0,1,5.824999809,0,0,1,403,399,802,507,486,993
13770,128079,0,0,21,20,0,1,0,5.086111069,0,0,3,487,513,1000,651,584,1235
13771,257905,0,0,21,22,0,1,0,5.088889122,0,0,4,455,489,944,571,584,1155
13772,244799,0,0,18,20,0,0,0,5.394444466,0,0,2,428,429,857,503,518,1021
13773,193422,0,0,20,25,0,1,0,5.105555534,0,0,3,440,478,918,512,542,1054
13774,205488,0,1,24,15,0,1,1,5.844444275,0,1,2,455,559,1014,590,612,1202
13775,189378,0,0,20,23,1,1,0,5.138888836,0,0,3,425,506,931,651,553,1204
13776,216536,0,0,22,23,1,1,0,5.152777672,0,0,3,402,439,841,558,538,1096
13777,205492,0,0,23,29,1,0,1,5.766666889,0,0,2,410,468,878,463,497,960
13778,216536,0,0,22,21,0,1,0,5.125,0,0,3,450,528,978,544,553,1097
13779,244806,0,0,27,22,1,0,1,5.391666889,0,0,1,474,520,994,466,NA,NA
13781,257905,0,0,21,22,0,1,0,5.099999905,0,0,4,474,513,987,604,612,1216
13782,257905,1,1,13,15,0,1,0,5.099999905,0,0,4,472,506,978,509,592,1101
13783,244796,0,0,15,24,0,0,1,5.383333206,0,0,1,468,489,957,492,532,1024
13784,257899,0,0,25,22,0,1,0,5.102777958,0,0,3,456,484,940,553,532,1085
13785,244801,1,1,16,17,0,0,0,5.383333206,0,0,2,422,478,900,501,510,1011
13787,253888,0,0,17,23,1,1,1,5.11944437,0,0,3,411,489,900,465,545,1010
13789,257905,0,0,21,22,1,1,0,5.122222424,0,0,4,439,459,898,540,529,1069
13791,257899,0,0,23,22,0,1,1,5.133333206,0,0,3,388,423,811,NA,461,NA
13792,253888,0,0,18,20,1,1,0,5.141666889,0,0,3,413,473,886,548,542,1090
13793,244831,0,0,22,24,1,0,1,5.311110973,0,0,2,437,528,965,571,584,1155
13795,193423,1,1,16,14,1,1,1,5.186110973,0,0,3,434,513,947,530,515,1045
13797,261927,1,1,16,17,0,1,0,5.122222424,0,0,3,405,434,839,505,470,975
13798,261927,0,0,23,21,0,1,0,5.122222424,0,0,3,476,576,1052,604,584,1188
13799,261927,0,0,24,21,0,1,0,5.136111259,0,0,3,460,559,1019,629,578,1207
13801,221571,0,0,23,23,0,0,0,5.13055563,0,0,3,407,439,846,501,502,1003
13802,221574,0,0,19,22,0,1,0,5.133333206,0,0,3,408,478,886,540,526,1066
13803,244708,1,1,16,15,0,0,1,5.36944437,0,0,1,465,494,959,536,490,1026
13804,244839,1,0,15,20,0,0,1,5.375,0,0,2,427,478,905,494,500,994
13806,216536,0,0,23,24,1,1,0,5.125,0,0,3,413,463,876,480,505,985
13809,244831,0,0,27,24,1,0,1,5.377777576,0,0,2,428,489,917,507,472,979
13810,244755,0,0,22,23,0,0,1,5.383333206,0,0,1,492,478,970,629,542,1171
13813,244801,0,0,24,25,1,1,0,5.427777767,0,0,2,448,473,921,544,532,1076
13814,264945,0,0,23,26,0,1,0,5.661110878,0,0,2,453,547,1000,571,532,1103
13815,244723,0,0,25,26,1,0,1,5.741666794,0,0,1,413,449,862,475,523,998
13816,112038,0,1,19,17,1,1,1,5.227777958,0,0,4,410,468,878,477,553,1030
13818,130085,0,0,22,24,1,1,0,5.172222137,0,0,2,425,473,898,564,567,1131
13819,128076,0,1,24,14,1,1,0,5.183333397,0,0,2,NA,NA,NA,512,562,1074
13820,244801,1,1,16,17,1,0,0,5.413888931,0,0,2,411,439,850,462,470,932
13821,130085,0,0,22,24,1,1,0,5.208333492,0,0,2,451,528,979,629,553,1182
13826,244780,0,1,23,18,0,0,1,5.269444466,0,0,1,495,576,1071,501,557,1058
13827,257899,0,0,25,23,0,1,1,5.688889027,0,1,3,430,459,889,514,545,1059
13828,244755,1,1,16,15,1,0,1,5.397222042,0,0,1,433,520,953,454,NA,NA
13829,244723,0,0,26,26,1,0,1,5.397222042,0,0,1,443,494,937,448,468,916
13830,244831,1,1,17,15,0,1,1,5.400000095,0,0,2,430,520,950,492,538,1030
13831,244745,0,0,28,24,0,0,1,5.400000095,0,0,2,437,520,957,527,523,1050
13833,244801,0,0,24,25,0,1,0,5.333333492,0,0,2,436,506,942,477,493,970
13835,244831,0,0,22,24,1,1,1,5.427777767,0,0,2,443,468,911,544,507,1051
13836,244831,0,1,27,17,0,1,1,5.436110973,0,0,2,NA,NA,NA,492,520,1012
13837,257905,1,1,12,15,1,1,0,5.816666603,0,0,4,487,506,993,590,567,1157
13838,244780,0,0,23,25,0,0,1,5.405555725,0,0,1,443,536,979,475,502,977
13839,161176,1,1,17,17,1,1,0,5.180555344,0,0,3,413,463,876,530,535,1065
13840,161183,0,0,21,23,1,1,1,5.224999905,0,0,3,419,454,873,465,500,965
13841,161183,0,0,22,23,1,1,1,5.227777958,0,0,3,487,536,1023,651,592,1243
13842,161183,1,1,14,14,0,0,1,5.233333111,0,0,3,437,484,921,571,545,1116
13843,162184,1,1,12,14,1,1,0,5.216666698,0,0,3,487,602,1089,651,592,1243
13846,203457,0,0,16,23,0,1,0,5.241666794,0,1,3,451,528,979,571,567,1138
13847,244839,0,1,23,17,0,0,0,5.416666508,0,0,2,408,500,908,527,592,1119
13848,244806,0,0,25,22,0,0,1,5.416666508,0,0,1,465,506,971,450,486,936
13853,244723,0,0,26,23,0,0,1,5.416666508,0,0,1,430,500,930,451,488,939
13854,244746,1,1,16,15,0,0,1,5.416666508,0,0,1,472,559,1031,558,549,1107
13855,164198,1,1,13,13,1,1,0,5.219444275,0,0,3,447,500,947,512,578,1090
13857,164198,0,0,21,24,1,1,0,5.180555344,0,0,3,418,454,872,447,481,928
13858,164198,0,0,21,23,0,1,0,5.211111069,0,0,3,500,602,1102,533,520,1053
13859,244831,1,1,17,14,1,0,0,5.38055563,0,0,2,418,468,886,533,505,1038
13860,176329,1,1,14,15,0,1,0,5.169444561,0,0,3,433,478,911,501,562,1063
13861,168214,0,0,23,23,0,1,0,5.186110973,0,0,3,451,506,957,604,535,1139
13862,168214,1,1,14,17,1,1,0,5.186110973,0,0,3,450,547,997,629,653,1282
13863,168211,0,0,24,30,0,1,1,5.188889027,0,0,3,450,500,950,NA,510,NA
13865,168214,0,0,22,25,1,1,0,5.202777863,0,0,3,455,494,949,571,549,1120
13866,168214,0,0,23,25,0,1,0,5.202777863,0,0,3,455,520,975,604,557,1161
13867,168211,1,1,16,19,0,1,1,5.175000191,0,0,3,422,459,881,NA,545,NA
13868,168211,0,0,24,30,0,1,1,5.205555439,0,0,3,445,536,981,NA,538,NA
13869,168211,0,0,24,29,1,1,1,5.208333492,0,0,3,440,494,934,NA,512,NA
13870,168211,0,0,24,30,1,1,1,5.219444275,0,0,3,425,500,925,NA,NA,NA
13872,123056,0,0,24,25,1,1,0,5.224999905,0,0,3,425,454,879,454,493,947
13873,123056,1,1,17,19,0,1,1,5.236111164,0,0,3,450,513,963,519,562,1081
13874,189378,1,1,15,15,0,1,1,5.241666794,0,0,3,437,468,905,490,562,1052
13876,168214,0,0,22,25,0,1,0,5.141666889,0,0,3,468,489,957,579,529,1108
13877,168211,1,1,16,19,1,1,1,5.141666889,0,1,3,407,484,891,NA,488,NA
13878,168211,1,1,16,17,1,1,1,5.152777672,0,0,3,447,547,994,NA,612,NA
13882,169229,0,0,25,21,1,1,1,5.172222137,0,0,2,545,513,1058,651,572,1223
13884,244755,0,0,22,23,1,0,1,5.438889027,0,0,1,460,528,988,530,532,1062
13887,264945,0,0,22,26,0,1,0,5.175000191,0,0,2,461,513,974,564,584,1148
13888,244801,0,0,24,25,0,0,0,5.441666603,0,0,2,388,439,827,471,479,950
13889,264945,1,1,15,17,1,1,0,5.177777767,0,0,2,414,513,927,459,553,1012
13890,264945,0,0,24,27,1,1,0,5.177777767,0,0,2,443,489,932,590,538,1128
13895,244780,0,0,23,25,0,0,1,5.422222137,0,0,1,461,626,1087,444,468,912
13896,244728,1,1,17,13,1,0,1,5.422222137,0,0,1,428,473,901,548,578,1126
13898,221574,1,1,13,13,0,1,0,5.186110973,0,0,3,424,444,868,488,518,1006
13900,244780,0,0,23,25,0,0,1,5.425000191,0,0,1,425,559,984,412,449,861
13901,244806,0,0,26,23,0,0,1,5.425000191,0,0,1,450,439,889,NA,557,NA
13905,261927,0,0,24,21,0,1,0,5.188889027,0,0,3,440,559,999,590,592,1182
13906,169219,0,0,22,21,0,1,0,5.194444656,0,0,2,430,489,919,478,505,983
13908,264945,0,0,23,26,0,1,0,5.197222233,0,0,2,448,500,948,507,532,1039
13911,244745,1,1,15,18,0,1,0,5.430555344,0,0,2,447,500,947,487,497,984
13913,169229,1,1,17,16,1,1,0,5.199999809,0,0,2,468,468,936,536,572,1108
13915,169219,0,1,22,17,0,1,0,5.202777863,0,0,2,468,547,1015,553,572,1125
13917,244780,0,0,23,25,0,0,1,5.441666603,0,0,1,545,626,1171,530,535,1065
13919,169280,0,0,21,25,1,1,0,5.208333492,0,0,2,442,468,910,475,505,980
13921,262937,1,1,14,16,0,1,0,5.208333492,0,0,2,442,520,962,507,545,1052
13922,244799,1,1,14,16,1,0,1,5.455555439,0,0,2,433,473,906,544,592,1136
13924,169280,1,1,15,17,1,1,0,5.211111069,0,0,2,453,500,953,478,542,1020
13925,244755,0,0,22,21,0,0,1,5.436110973,0,0,1,448,494,942,521,518,1039
13928,244774,0,0,26,23,1,0,1,5.438889027,0,0,1,414,444,858,426,465,891
13931,244774,0,0,22,26,1,0,1,5.438889027,0,0,1,407,444,851,428,472,900
13932,169231,0,0,23,19,1,0,0,5.213889122,0,0,1,433,478,911,530,562,1092
13934,262937,0,0,22,23,1,1,0,5.216666698,0,0,2,538,536,1074,553,562,1115
13935,244723,0,0,25,23,1,0,1,5.441666603,0,0,1,390,423,813,433,465,898
13936,209510,0,0,21,23,1,1,0,5.216666698,0,0,3,428,473,901,519,578,1097
13937,244764,0,0,21,19,0,0,1,5.441666603,0,0,1,425,449,874,487,526,1013
13938,244796,0,0,19,24,0,0,1,5.441666603,0,0,1,410,434,844,454,500,954
13939,225585,0,0,21,26,0,1,0,5.216666698,0,0,3,487,576,1063,564,612,1176
13940,201449,0,0,21,26,1,1,1,5.269444466,0,0,3,433,559,992,507,578,1085
13942,244776,1,1,15,17,0,0,1,5.447222233,0,0,1,390,392,782,448,484,932
13944,221574,1,1,12,13,1,1,0,5.222222328,0,0,3,424,478,902,487,495,982
13945,244776,0,0,23,25,1,0,1,5.449999809,0,0,1,445,478,923,472,497,969
13947,166203,1,1,16,13,0,1,0,5.227777958,0,0,4,440,484,924,501,515,1016
13948,169231,0,1,22,17,1,1,1,5.227777958,0,0,1,410,444,854,463,490,953
13950,244796,1,1,13,17,0,0,1,5.469444275,0,0,1,408,434,842,474,470,944
13951,225585,0,0,23,26,1,1,0,5.236111164,0,0,3,425,429,854,472,486,958
13957,264945,0,0,23,26,1,1,0,5.238888741,0,0,2,480,626,1106,604,562,1166
13958,169231,0,0,22,21,0,1,1,5.238888741,0,0,1,411,463,874,499,526,1025
13959,169229,0,0,22,21,1,1,0,5.241666794,0,0,2,437,494,931,478,520,998
13962,244776,0,0,24,25,1,0,1,5.455555439,0,0,1,NA,NA,NA,454,NA,NA
13964,244799,0,0,21,24,0,0,0,5.455555439,0,0,2,400,473,873,527,497,1024
13966,244780,0,0,23,25,0,0,1,5.461111069,0,0,1,443,626,1069,468,470,938
13967,169231,0,0,23,21,1,0,0,5.091666698,0,0,1,410,439,849,472,493,965
13969,205492,1,1,17,18,0,0,1,5.144444466,0,0,2,480,547,1027,509,557,1066
13973,170295,0,0,22,23,1,1,0,5.186110973,0,0,3,433,513,946,530,553,1083
13975,201449,0,0,21,25,1,1,0,5.197222233,0,0,3,485,536,1021,553,562,1115
13977,173312,0,0,22,20,1,1,0,5.177777767,0,0,3,545,559,1104,629,627,1256
13982,244806,0,0,26,23,0,0,1,5.480555534,0,0,1,NA,NA,NA,447,490,937
13988,244723,1,1,17,15,1,0,1,5.466666698,0,0,1,398,405,803,453,502,955
13990,173312,0,0,22,22,1,1,0,5.236111164,0,0,3,507,536,1043,590,584,1174
13991,173312,0,0,22,21,0,1,1,5.238888741,0,0,3,472,459,931,512,479,991
13994,244755,0,0,22,21,0,0,1,5.472222328,0,0,1,442,520,962,524,518,1042
13997,189382,0,0,24,22,0,1,0,5.238888741,0,0,2,NA,NA,NA,540,601,1141
13998,218562,0,1,17,13,0,1,1,5.183333397,0,0,4,424,454,878,571,520,1091
13999,244755,0,0,22,21,0,0,1,5.474999905,0,0,1,460,468,928,536,502,1038
14001,180344,0,0,25,22,0,1,0,5.230555534,0,0,4,476,536,1012,651,601,1252
14002,180344,1,1,16,16,0,1,0,5.191666603,0,0,4,467,489,956,604,578,1182
14003,244799,0,0,18,21,0,0,0,5.330555439,0,0,2,448,513,961,564,567,1131
14005,203457,1,1,12,15,0,1,1,5.208333492,0,0,3,538,528,1066,651,592,1243
14007,244839,0,0,23,26,1,0,0,5.486111164,0,0,2,419,506,925,540,545,1085
14008,244801,1,1,16,17,1,1,0,5.488888741,0,0,2,461,559,1020,590,572,1162
14010,203452,0,0,21,24,1,1,1,5.186110973,0,0,3,407,434,841,501,505,1006
14012,203457,0,0,16,23,0,1,1,5.197222233,0,1,3,450,484,934,548,520,1068
14013,169219,0,1,20,17,0,1,0,5.669444561,0,0,2,467,536,1003,590,612,1202
14016,244727,0,0,21,21,0,0,1,5.508333206,0,0,2,422,454,876,564,562,1126
14017,203452,0,0,21,22,1,1,1,5.236111164,0,0,3,413,449,862,514,518,1032
14018,203457,0,0,19,23,0,1,0,5.238888741,0,0,3,472,559,1031,604,584,1188
14019,244796,0,0,15,24,0,0,1,5.502777576,0,0,1,456,489,945,530,520,1050
14020,244764,1,1,13,12,0,0,1,5.402777672,0,0,1,422,468,890,590,535,1125
14022,244774,0,0,26,23,0,0,1,5.483333111,0,0,1,445,500,945,457,456,913
14025,264945,0,0,23,27,0,0,0,5.705555439,0,0,2,418,478,896,516,518,1034
14027,244708,0,0,22,22,0,0,1,5.486111164,0,0,1,431,449,880,516,497,1013
14028,234628,0,0,22,21,0,1,0,5.177777767,0,0,3,458,536,994,579,578,1157
14030,244728,0,0,17,22,0,0,0,5.488888741,0,0,1,413,399,812,512,454,966
14032,189378,0,0,20,23,0,1,0,5.183333397,0,0,3,453,559,1012,651,567,1218
14033,244806,0,0,25,22,0,0,1,5.491666794,0,0,1,463,547,1010,503,553,1056
14036,189378,1,1,15,15,1,1,1,5.191666603,0,0,3,436,478,914,579,518,1097
14037,244806,0,0,27,22,0,0,1,5.49444437,0,0,1,478,559,1037,521,507,1028
14039,244831,0,1,27,14,1,0,1,5.497222424,0,0,2,NA,NA,NA,530,479,1009
14040,244780,1,1,17,17,1,0,1,5.497222424,0,0,1,458,559,1017,NA,490,NA
14043,244839,0,0,21,26,1,0,1,5.516666889,0,0,2,421,520,941,485,493,978
14045,189396,0,0,25,20,1,1,0,5.208333492,0,0,3,413,463,876,540,502,1042
14046,189396,0,0,25,21,0,1,0,5.211111069,0,0,3,428,500,928,558,500,1058
14050,244801,1,0,16,25,0,1,0,5.477777958,0,0,2,418,484,902,487,490,977
14052,189378,1,1,15,15,1,1,0,5.111111164,0,0,3,439,468,907,468,477,945
14054,189396,0,0,25,21,1,1,1,5.122222424,0,0,3,410,473,883,501,510,1011
14056,244780,1,1,17,17,0,0,1,5.511111259,0,0,1,458,536,994,471,502,973
14059,244764,0,0,21,16,0,0,1,5.519444466,0,0,1,460,489,949,590,612,1202
14061,244839,1,1,15,16,1,0,0,5.50555563,0,0,2,443,500,943,590,584,1174
14062,244839,0,0,23,26,0,0,0,5.516666889,0,0,2,465,547,1012,536,545,1081
14065,191411,0,0,17,22,1,1,0,5.208333492,0,0,3,430,473,903,490,567,1057
14069,244796,0,0,15,24,0,0,1,5.513888836,0,0,1,465,463,928,494,538,1032
14072,244776,0,0,23,25,1,0,1,5.519444466,0,0,1,416,473,889,441,449,890
14075,201449,0,0,22,24,1,0,1,5.180555344,0,0,3,388,454,842,474,481,955
14076,201449,0,0,21,26,0,1,0,5.186110973,0,0,3,565,559,1124,604,601,1205
14078,201449,0,0,22,25,0,0,1,5.222222328,0,0,3,421,494,915,507,538,1045
14079,216536,0,0,23,24,1,1,0,5.194444656,0,0,3,NA,506,NA,521,567,1088
14081,203452,1,1,16,17,0,1,0,5.13055563,0,0,3,433,494,927,651,567,1218
14082,203452,0,0,21,22,0,1,1,5.24444437,0,0,3,430,449,879,533,538,1071
14084,205492,0,0,23,29,1,0,1,5.180555344,0,0,2,427,449,876,514,512,1026
14086,205488,0,0,24,19,1,1,0,5.188889027,0,1,2,437,500,937,459,493,952
14088,244708,0,0,22,25,0,0,1,5.530555725,0,0,1,456,500,956,548,532,1080
14090,244780,0,0,23,25,1,0,1,5.536110878,0,0,1,507,559,1066,442,484,926
14092,244697,1,1,16,16,1,0,1,5.536110878,0,0,1,419,434,853,447,493,940
14094,205491,0,0,23,22,0,1,0,5.216666698,0,0,2,425,494,919,530,520,1050
14095,244697,1,1,16,17,1,0,1,5.122222424,0,0,1,421,412,833,512,545,1057
14096,205492,1,1,17,18,1,0,0,5.224999905,0,0,2,500,559,1059,524,572,1096
14098,161183,1,1,14,15,0,1,0,5.227777958,0,0,3,467,528,995,629,584,1213
14099,212522,0,0,21,26,1,1,0,5.230555534,0,0,4,461,520,981,590,562,1152
14100,228606,0,0,25,20,0,0,0,5.205555439,0,0,3,445,513,958,590,557,1147
14101,128079,0,0,21,20,0,1,0,5.177777767,0,0,3,418,473,891,454,532,986
14102,205491,1,1,15,17,0,1,0,5.180555344,0,0,2,422,454,876,519,538,1057
14104,205492,0,0,23,29,0,0,1,5.186110973,0,0,2,421,478,899,NA,NA,NA
14106,205488,0,0,23,19,1,1,0,5.216666698,0,0,2,NA,506,NA,604,549,1153
14107,244727,0,0,21,23,0,0,1,5.566666603,0,0,2,418,478,896,482,532,1014
14108,203452,1,1,16,17,1,1,0,5.219444275,0,0,3,472,506,978,604,567,1171
14109,128076,0,1,23,15,0,1,0,5.219444275,0,0,2,414,463,877,530,562,1092
14111,128076,1,1,13,15,0,1,0,5.230555534,0,0,2,421,444,865,527,557,1084
14112,205490,0,0,24,24,1,0,1,5.213889122,0,0,1,393,412,805,544,542,1086
14114,244736,0,0,21,24,1,0,1,5.544444561,0,0,1,434,454,888,445,465,910
14115,244806,0,0,25,22,1,0,1,5.544444561,0,0,1,465,459,924,527,535,1062
14116,212522,0,0,21,26,1,1,0,5.233333111,0,0,4,447,478,925,527,557,1084
14117,244697,0,0,27,21,1,0,1,5.544444561,0,1,1,414,429,843,487,477,964
14119,161183,0,0,22,20,1,1,1,5.238888741,0,0,3,431,463,894,536,549,1085
14120,244727,0,0,21,21,1,0,0,5.547222137,0,0,2,425,463,888,540,505,1045
14121,244697,0,0,27,20,1,0,1,5.547222137,0,0,1,461,454,915,503,515,1018
14123,244723,0,0,25,23,0,0,1,5.550000191,0,0,1,395,423,818,454,490,944
14124,244736,0,0,21,22,0,0,1,5.550000191,0,0,1,439,536,975,501,520,1021
14126,208501,1,1,14,20,1,1,1,5.183333397,0,0,3,419,429,848,456,479,935
14127,208501,0,1,22,17,0,1,0,5.202777863,0,0,3,532,576,1108,651,592,1243
14128,208503,0,0,24,20,1,1,0,5.202777863,0,0,3,416,520,936,553,545,1098
14129,209510,0,0,21,25,1,1,0,5.205555439,0,0,3,418,429,847,NA,NA,NA
14130,208503,0,0,23,20,1,1,0,5.208333492,0,0,3,408,463,871,509,567,1076
14131,244727,0,0,21,21,0,0,0,5.552777767,0,0,2,434,449,883,548,500,1048
14132,208503,0,0,23,20,0,1,0,5.230555534,0,0,3,408,439,847,503,526,1029
14133,208503,0,0,24,20,1,1,0,5.186110973,0,0,3,411,468,879,475,472,947
14134,208501,0,0,22,23,1,1,0,5.191666603,0,0,3,437,484,921,524,567,1091
14137,208503,0,0,24,20,1,1,1,5.569444656,0,0,3,424,478,902,494,578,1072
14140,209510,0,0,22,25,1,1,0,5.186110973,0,0,3,NA,NA,NA,564,562,1126
14141,209510,0,0,24,23,0,1,1,5.211111069,0,0,3,410,478,888,499,518,1017
14142,209510,0,0,22,23,1,1,0,5.219444275,0,0,3,460,459,919,571,538,1109
14143,230612,0,0,23,20,0,1,0,5.222222328,0,0,3,467,536,1003,629,592,1221
14144,209510,0,0,22,24,0,1,0,5.241666794,0,0,3,514,528,1042,564,562,1126
14145,244736,0,0,21,20,1,0,1,5.558333397,0,0,1,443,520,963,450,493,943
14148,244727,0,0,21,21,1,0,1,5.477777958,0,0,2,NA,NA,NA,544,612,1156
14149,212522,0,0,21,27,1,1,1,5.391666889,0,0,4,425,494,919,475,507,982
14150,212522,0,0,22,26,0,1,1,5.241666794,0,0,4,440,528,968,482,479,961
14154,212522,0,0,23,27,1,1,0,5.208333492,1,0,4,428,459,887,454,472,926
14156,244806,0,0,26,22,1,0,1,5.583333492,0,0,1,425,478,903,460,468,928
14157,193423,0,0,22,21,0,1,0,5.175000191,0,0,3,448,528,976,509,535,1044
14159,193423,0,0,22,21,0,1,1,5.205555439,0,0,3,411,513,924,469,518,987
14160,215533,0,0,24,22,0,1,0,5.208333492,0,0,3,478,576,1054,604,562,1166
14161,244799,0,0,21,22,0,0,0,5.574999809,0,0,2,465,489,954,548,526,1074
14162,193423,0,0,22,19,1,1,0,5.224999905,0,0,3,465,559,1024,604,578,1182
14163,244806,0,0,25,23,0,0,1,5.577777863,0,0,1,458,459,917,509,553,1062
14164,244780,1,1,17,17,1,0,1,5.580555439,0,0,1,478,520,998,474,502,976
14165,193422,0,0,20,26,0,1,0,5.236111164,0,0,3,455,506,961,530,549,1079
14166,193423,0,0,24,19,1,1,0,5.241666794,0,0,3,461,454,915,604,518,1122
14167,193422,0,0,22,26,1,1,0,5.24444437,0,0,3,445,494,939,482,512,994
14169,244755,0,0,20,21,1,0,1,5.561110973,0,0,1,413,412,825,477,472,949
14170,244799,0,0,18,20,0,0,0,5.566666603,0,0,2,NA,NA,NA,536,567,1103
14171,159171,1,1,17,15,1,1,0,5.175000191,0,0,3,448,536,984,509,557,1066
14172,159171,0,0,24,23,1,1,1,5.177777767,0,0,3,487,520,1007,604,567,1171
14173,170295,1,1,15,18,1,1,0,5.177777767,0,0,3,463,473,936,651,578,1229
14175,159171,0,0,22,23,1,1,0,5.183333397,0,0,3,492,494,986,571,549,1120
14177,170295,0,0,22,23,0,1,1,5.186110973,0,0,3,424,459,883,530,553,1083
14178,193422,0,0,22,25,0,1,0,5.188889027,0,0,3,495,547,1042,629,572,1201
14182,169280,0,0,22,25,1,1,0,5.808333397,0,0,2,453,459,912,548,545,1093
14184,159171,0,0,27,23,0,1,0,5.205555439,0,0,3,436,463,899,514,535,1049
14185,159171,1,1,17,16,0,1,1,5.205555439,0,0,3,442,520,962,507,497,1004
14186,159171,1,1,16,15,1,1,0,5.208333492,0,0,3,436,478,914,548,526,1074
14189,159171,1,1,16,16,0,0,1,5.213889122,0,0,3,447,513,960,492,481,973
14192,244774,0,0,26,20,1,0,1,5.577777863,0,0,1,393,405,798,412,425,837
14193,244708,1,1,16,16,1,0,1,5.577777863,0,0,1,397,434,831,480,510,990
14194,159171,0,0,27,23,1,0,1,5.224999905,0,0,3,416,489,905,475,526,1001
14195,244806,0,0,26,23,0,0,1,5.577777863,0,0,1,425,478,903,457,512,969
14197,159171,0,0,24,26,1,1,0,5.233333111,0,0,3,393,484,877,483,553,1036
14199,180344,0,0,24,21,1,1,0,5.233333111,0,0,4,425,489,914,564,545,1109
14200,215533,0,0,23,23,1,1,0,5.236111164,0,0,3,443,500,943,571,549,1120
14201,180344,0,0,24,20,1,1,0,5.238888741,0,0,4,451,484,935,553,526,1079
14202,159171,1,1,17,16,0,1,0,5.241666794,0,0,3,490,528,1018,629,532,1161
14203,244697,1,1,15,17,1,0,1,5.583333492,0,0,1,413,444,857,505,529,1034
14204,193423,0,0,24,25,1,1,1,5.169444561,0,0,3,427,489,916,474,532,1006
14205,209510,1,1,14,14,1,1,1,5.175000191,0,0,3,434,463,897,505,535,1040
14206,209510,0,0,24,25,1,1,1,5.180555344,0,0,3,400,429,829,457,490,947
14207,221571,0,0,23,21,1,1,0,5.183333397,0,0,3,386,434,820,445,507,952
14209,221574,0,0,20,21,1,1,0,5.197222233,0,0,3,442,444,886,527,520,1047
14210,230612,0,0,22,23,0,1,0,5.205555439,0,0,3,447,528,975,579,562,1141
14211,209510,1,1,14,14,1,1,0,5.211111069,0,0,3,503,559,1062,629,578,1207
14212,221571,0,0,23,22,1,1,0,5.216666698,0,0,3,434,459,893,530,549,1079
14213,230612,0,0,22,23,1,1,1,5.227777958,0,0,3,428,478,906,480,545,1025
14214,221574,0,0,19,22,1,1,1,5.236111164,0,0,3,397,463,860,487,497,984
14215,209510,0,0,24,23,1,1,0,5.247222424,0,0,3,538,494,1032,651,584,1235
14216,173312,0,0,22,21,1,1,0,5.169444561,0,0,3,497,602,1099,558,653,1211
14221,180344,0,0,25,22,0,0,1,5.227777958,0,0,4,442,489,931,488,572,1060
14224,180344,1,1,16,16,1,1,0,5.238888741,0,0,4,411,463,874,497,553,1050
14225,228606,1,1,16,14,0,1,0,5.238888741,0,0,3,467,576,1043,579,567,1146
14227,244780,1,1,17,17,1,0,1,5.588889122,0,0,1,NA,NA,NA,441,444,885
14228,231616,0,0,21,25,1,1,1,5.194444656,0,0,3,422,484,906,485,532,1017
14229,162184,0,0,20,20,0,1,0,5.216666698,0,0,3,433,489,922,524,567,1091
14230,162184,0,0,19,21,0,1,1,5.216666698,0,1,3,390,418,808,NA,454,NA
14232,231616,0,0,23,21,1,1,0,5.233333111,0,0,3,418,528,946,533,538,1071
14233,230612,0,0,22,20,0,0,1,5.188889027,0,0,3,456,506,962,553,538,1091
14234,244806,0,0,25,23,1,0,1,5.591666698,0,0,1,456,528,984,499,520,1019
14235,261927,0,0,23,21,0,1,0,5.175000191,0,0,3,419,468,887,590,545,1135
14236,261927,0,0,24,21,0,1,0,5.191666603,0,0,3,445,444,889,629,526,1155
14237,244755,0,1,22,15,1,0,1,5.597222328,0,0,1,439,473,912,507,512,1019
14238,261927,1,1,16,17,0,1,0,5.216666698,0,0,3,455,576,1031,629,601,1230
14239,176329,0,0,22,22,0,1,0,5.133333206,0,0,3,483,576,1059,629,592,1221
14242,261927,0,0,24,21,0,1,0,5.147222042,0,0,3,445,449,894,544,515,1059
14244,244799,0,0,18,19,1,0,0,5.527777672,0,0,2,410,444,854,477,515,992
14245,234628,1,1,16,13,0,1,0,5.097222328,0,0,3,455,547,1002,629,627,1256
14246,244755,1,1,16,12,0,0,1,5.602777958,0,0,1,416,520,936,512,526,1038
14248,244780,1,1,17,17,1,0,1,5.602777958,0,0,1,456,513,969,453,484,937
14249,244708,1,1,16,15,0,0,1,5.605555534,0,0,1,NA,NA,NA,553,545,1098
14250,212522,0,0,21,26,0,1,0,5.152777672,0,0,4,442,449,891,482,497,979
14251,216536,1,1,17,14,1,1,NA,5.102777958,NA,0,3,419,473,892,497,510,1007
14252,244839,0,0,23,24,1,0,0,5.169444561,0,0,2,NA,NA,NA,477,542,1019
14253,244728,1,1,17,13,0,0,1,5.247222424,0,0,1,411,468,879,454,500,954
14258,244727,0,0,21,23,1,0,0,5.175000191,0,0,2,483,520,1003,579,584,1163
14259,244776,0,0,24,22,1,0,1,5.627777576,0,0,1,421,468,889,454,468,922
14260,244839,0,0,23,24,0,0,0,5.63055563,0,0,2,433,513,946,564,601,1165
14263,244727,1,1,17,18,0,0,1,5.625,0,0,2,416,449,865,475,520,995
14265,244799,1,1,14,16,0,0,0,5.63055563,0,0,2,428,489,917,533,572,1105
14269,244806,0,1,25,15,0,0,1,5.611111164,0,0,1,470,489,959,544,538,1082
14270,244776,1,1,15,17,0,0,1,5.611111164,0,0,1,400,412,812,480,523,1003
14271,168214,0,0,23,25,0,1,1,6.938889027,0,0,3,465,489,954,553,515,1068
14273,244796,0,1,15,17,0,0,1,5.613888741,0,0,1,407,478,885,501,497,998
14274,244697,0,0,27,20,1,0,1,5.613888741,0,0,1,428,439,867,507,495,1002
14275,244776,0,0,23,22,0,0,1,5.613888741,0,0,1,470,473,943,564,532,1096
14279,244774,1,1,17,17,1,0,1,5.616666794,0,0,1,433,506,939,516,538,1054
14281,244801,1,1,15,17,1,1,0,5.186110973,0,0,2,427,500,927,507,507,1014
14282,208503,1,1,14,13,0,1,0,5.169444561,0,0,3,416,536,952,558,572,1130
14283,244697,0,0,26,21,1,0,1,5.188889027,0,0,1,NA,NA,NA,492,520,1012
14284,244776,0,0,23,22,1,0,1,5.616666794,0,0,1,470,473,943,505,529,1034
14285,244776,0,0,23,25,0,0,1,5.191666603,0,0,1,472,576,1048,579,592,1171
14286,208503,0,0,24,20,0,1,1,5.308333397,0,0,3,410,459,869,524,529,1053
14287,259915,0,0,24,24,1,1,0,5.316666603,0,0,3,416,494,910,477,510,987
14289,244806,1,1,14,15,1,0,1,5.61944437,0,0,1,428,468,896,454,481,935
14292,244723,0,0,26,21,0,0,1,5.622222424,0,0,1,398,429,827,430,474,904
14293,244776,0,0,22,22,1,0,1,5.625,0,0,1,430,434,864,456,477,933
14295,244806,0,0,26,22,0,0,0,5.644444466,0,0,1,433,500,933,530,532,1062
14296,244806,0,0,25,22,0,0,0,5.588889122,0,0,1,NA,NA,NA,507,523,1030
14297,244745,0,0,23,24,1,0,1,5.647222042,0,0,2,403,468,871,448,470,918
14300,244723,0,0,26,22,1,0,1,5.652777672,0,0,1,405,434,839,475,505,980
14302,244727,0,0,21,21,0,0,1,5.658333302,0,0,2,430,528,958,527,520,1047
14303,244774,0,0,22,24,0,0,1,5.627777576,0,0,1,NA,NA,NA,501,542,1043
14304,244727,0,0,21,21,1,0,1,5.627777576,0,0,2,410,473,883,512,538,1050
14306,244723,0,0,26,23,0,0,1,5.205555439,0,0,1,NA,NA,NA,512,523,1035
14307,189378,0,0,19,23,0,1,0,5.288888931,0,0,3,430,478,908,540,529,1069
14308,244806,0,0,25,22,0,0,1,5.63055563,0,0,1,447,536,983,492,532,1024
14309,244806,0,0,27,23,1,0,1,5.63055563,0,0,1,487,520,1007,527,529,1056
14313,244727,0,0,21,21,0,0,1,5.636111259,0,0,2,437,463,900,521,512,1033
14315,244806,1,0,14,22,0,0,1,5.638888836,0,0,1,421,484,905,444,493,937
14316,244796,0,0,19,24,1,0,1,5.638888836,0,0,1,434,449,883,459,484,943
14317,244776,0,0,23,25,0,0,1,5.641666889,0,0,1,NA,NA,NA,478,481,959
14318,244708,1,1,16,15,1,0,1,5.641666889,0,0,1,421,444,865,450,461,911
14319,244708,1,1,16,16,0,0,1,5.641666889,0,0,1,408,405,813,494,493,987
14320,244806,0,0,26,22,0,0,0,5.658333302,0,0,1,442,439,881,462,497,959
14323,244806,0,0,25,23,1,0,0,5.219444275,0,0,1,451,500,951,492,538,1030
14324,244755,0,1,20,18,0,0,1,5.663888931,0,0,1,408,463,871,490,488,978
14326,244776,0,0,23,22,1,0,1,5.650000095,0,0,1,433,412,845,447,436,883
14328,244774,1,1,16,17,0,0,1,5.224999905,0,0,1,514,489,1003,579,553,1132
14329,244831,0,0,27,24,1,0,1,5.652777672,0,0,2,421,478,899,442,468,910
14330,244736,0,0,19,24,1,0,1,5.655555725,0,0,1,427,547,974,439,515,954
14331,244776,0,0,22,22,0,0,1,5.655555725,0,0,1,430,449,879,503,486,989
14333,244806,0,0,25,23,1,0,0,5.669444561,0,0,1,461,506,967,516,532,1048
14335,244799,0,0,21,19,1,0,1,5.633333206,0,0,2,407,423,830,490,512,1002
14338,244723,1,1,17,15,1,0,1,5.233333111,0,0,1,443,494,937,501,572,1073
14339,244727,0,0,21,21,0,0,0,5.669444561,0,0,2,390,473,863,590,572,1162
14340,244745,0,0,27,24,0,1,0,5.236111164,0,0,2,422,536,958,459,497,956
14341,244776,0,0,23,25,0,0,1,5.658333302,0,0,1,416,412,828,441,458,899
14342,244723,0,0,26,23,1,0,1,5.658333302,0,0,1,413,412,825,494,500,994
14343,244839,0,0,21,26,1,1,0,5.238888741,0,0,2,445,506,951,495,520,1015
14344,244774,1,1,17,17,0,0,1,5.661110878,0,0,1,405,473,878,482,529,1011
14345,244708,0,0,21,22,1,0,1,5.663888931,0,0,1,388,429,817,456,470,926
14349,244727,0,1,21,13,1,0,0,5.677777767,0,0,2,439,449,888,490,507,997
14351,244774,0,0,22,24,0,0,1,5.155555725,0,0,1,503,468,971,459,472,931
14352,244801,0,0,24,25,0,0,0,5.155555725,0,0,2,436,520,956,505,553,1058
14354,244736,0,0,21,22,1,0,1,5.613888741,0,0,1,427,520,947,450,515,965
14359,244723,0,0,26,22,0,0,1,5.669444561,0,0,1,422,412,834,471,493,964
14361,252885,0,0,20,28,1,1,0,5.186110973,0,0,3,433,513,946,571,592,1163
14363,216536,0,0,23,24,1,1,0,5.191666603,0,0,3,456,506,962,524,538,1062
14364,244764,0,0,21,19,0,0,1,5.677777767,0,0,1,419,434,853,477,477,954
14365,252885,0,0,20,27,1,1,1,5.197222233,0,0,3,433,489,922,433,481,914
14367,252885,0,0,20,27,0,1,1,5.247222424,0,0,3,442,468,910,548,529,1077
14368,216536,0,0,23,23,0,1,1,5.097222328,0,0,3,425,513,938,536,549,1085
14369,252885,1,1,14,17,1,1,0,5.102777958,0,0,3,456,547,1003,548,557,1105
14370,252885,0,0,20,26,1,1,0,5.105555534,0,0,3,461,484,945,629,549,1178
14371,252885,0,0,20,27,1,0,0,5.105555534,0,0,3,413,449,862,451,505,956
14373,252885,1,1,14,17,0,1,0,5.113888741,0,0,3,480,528,1008,629,567,1196
14374,216536,1,1,17,14,1,1,1,5.116666794,0,0,3,451,489,940,604,592,1196
14375,252885,0,0,20,27,0,1,0,5.122222424,0,0,3,467,484,951,564,542,1106
14376,252885,0,0,20,27,1,1,0,5.127777576,0,0,3,439,459,898,454,505,959
14377,252885,1,1,14,17,0,1,0,5.13055563,0,0,3,458,576,1034,604,562,1166
14378,252885,0,0,20,27,0,1,0,5.141666889,0,0,3,424,449,873,488,532,1020
14379,216536,0,0,22,21,1,1,0,5.155555725,0,0,3,445,494,939,558,538,1096
14380,216536,0,0,22,22,0,1,1,5.166666508,0,0,3,437,500,937,514,542,1056
14381,244697,0,0,26,20,0,0,1,6.680555344,0,0,1,397,418,815,451,474,925
14386,244806,0,0,25,22,1,0,NA,5.775000095,NA,0,1,474,536,1010,524,557,1081
14387,244708,1,1,16,15,1,0,0,5.697222233,0,0,1,419,439,858,438,441,879
14388,244697,0,1,27,16,1,0,1,5.683333397,0,0,1,NA,NA,NA,503,538,1041
14391,244755,0,0,20,21,1,0,1,5.686110973,0,0,1,414,444,858,441,454,895
14392,244796,0,0,19,24,0,0,1,5.688889027,0,0,1,428,444,872,477,493,970
14393,244746,0,1,19,15,0,0,1,5.688889027,0,0,1,465,528,993,524,557,1081
14394,244776,1,0,15,22,0,0,1,5.688889027,0,0,1,413,500,913,544,510,1054
14395,257899,1,1,16,13,0,1,0,5.144444466,0,1,3,433,478,911,519,535,1054
14396,244806,1,1,14,15,0,0,1,5.691666603,0,0,1,430,463,893,540,545,1085
14397,244746,0,0,21,24,0,0,1,5.691666603,0,0,1,405,449,854,462,495,957
14399,216536,1,1,17,14,1,1,0,5.233333111,0,0,3,413,439,852,524,553,1077
14400,252885,1,1,14,17,1,1,0,5.241666794,0,0,3,428,513,941,447,486,933
14401,216536,1,1,17,14,1,1,0,5.238888741,0,0,3,428,459,887,540,549,1089
14402,257905,0,0,21,23,0,1,0,5.169444561,0,0,4,580,576,1156,651,653,1304
14405,257905,1,1,13,15,1,1,1,5.183333397,0,0,4,461,528,989,524,584,1108
14407,257905,0,0,21,23,1,1,0,5.186110973,0,0,4,497,500,997,651,562,1213
14408,244708,0,0,21,24,0,0,1,5.661110878,0,0,1,456,468,924,521,510,1031
14409,257905,0,0,21,22,1,0,1,5.188889027,0,0,4,451,478,929,558,592,1150
14411,253888,0,0,17,20,1,1,0,5.197222233,0,0,3,422,528,950,544,557,1101
14412,257905,0,0,21,23,1,0,1,5.199999809,0,0,4,453,463,916,548,510,1058
14413,203452,0,0,19,24,1,1,0,5.205555439,0,0,3,470,506,976,571,553,1124
14414,257905,0,0,21,23,1,1,0,5.216666698,0,0,4,458,513,971,540,584,1124
14415,257899,0,0,25,22,0,1,0,5.224999905,0,0,3,445,506,951,579,529,1108
14417,244723,1,1,17,15,0,0,1,5.694444656,0,0,1,416,454,870,530,553,1083
14418,244708,0,0,21,22,1,0,1,5.694444656,0,0,1,NA,NA,NA,439,451,890
14419,257905,0,0,21,22,1,1,0,5.233333111,0,0,4,NA,NA,NA,540,592,1132
14421,257905,0,0,21,22,0,1,1,5.238888741,0,0,4,437,444,881,503,470,973
14422,257905,1,1,13,15,0,1,0,5.238888741,0,0,4,522,536,1058,651,627,1278
14423,257905,0,0,21,22,0,1,0,5.241666794,0,0,4,497,506,1003,629,601,1230
14425,257899,0,0,25,22,0,1,0,5.266666889,0,0,3,428,463,891,505,502,1007
14429,244776,1,1,15,17,1,0,1,5.699999809,0,0,1,411,473,884,456,500,956
14430,253888,0,0,18,23,0,1,0,5.166666508,0,0,3,430,484,914,512,535,1047
14433,244697,0,0,27,21,0,0,1,5.705555439,0,0,1,424,429,853,471,463,934
14434,257905,0,0,22,22,1,1,0,5.169444561,0,0,4,465,536,1001,651,592,1243
14435,253888,1,1,13,13,0,1,0,5.169444561,0,0,3,NA,NA,NA,501,553,1054
14436,193422,0,1,22,15,1,1,1,5.183333397,0,0,3,433,473,906,472,515,987
14437,209510,0,0,21,23,0,1,0,5.216666698,0,0,3,428,468,896,540,538,1078
14438,244755,0,0,20,21,1,0,1,5.705555439,0,0,1,410,478,888,451,497,948
14439,173312,1,1,14,16,0,1,1,5.219444275,0,0,3,522,576,1098,651,549,1200
14440,180344,1,1,16,16,0,0,1,5.125,0,0,4,455,506,961,579,NA,NA
14441,205491,0,0,23,22,0,1,0,5.247222424,0,0,2,424,489,913,524,542,1066
14444,252885,1,1,14,17,1,1,0,5.169444561,0,0,3,456,576,1032,590,612,1202
14445,216536,0,0,23,21,0,1,0,5.202777863,0,0,3,468,547,1015,629,601,1230
14447,216536,0,0,24,24,1,1,0,5.233333111,0,0,3,434,489,923,505,542,1047
14448,244776,0,1,23,17,1,0,1,5.716666698,0,0,1,NA,NA,NA,480,532,1012
14449,244806,0,0,25,23,1,0,1,5.672222137,0,0,1,460,473,933,474,451,925
14451,168214,0,0,23,25,0,1,0,5.280555725,0,0,3,518,626,1144,651,627,1278
14453,168211,0,0,24,30,1,1,0,5.24444437,0,0,3,470,559,1029,NA,553,NA
14454,244839,0,0,23,22,0,0,1,5.719444275,0,0,2,450,528,978,451,500,951
14455,112038,0,1,19,17,1,0,1,5.277777672,0,0,4,410,418,828,448,488,936
14457,244697,1,1,15,16,0,0,1,5.719444275,0,0,1,439,429,868,540,507,1047
14458,244727,0,0,21,21,1,0,0,5.722222328,0,0,2,403,454,857,477,490,967
14459,123056,1,1,17,19,0,1,0,5.336111069,0,0,3,442,484,926,553,532,1085
14461,128076,1,1,13,15,1,1,0,5.272222042,0,1,2,414,473,887,521,545,1066
14462,128079,0,0,24,20,0,1,1,5.277777672,0,0,3,400,423,823,474,500,974
14463,128076,0,1,24,15,1,1,0,5.280555725,0,0,2,403,473,876,501,553,1054
14464,244831,1,1,17,14,0,1,1,5.736111164,0,0,2,428,506,934,505,532,1037
14465,130085,1,1,17,17,1,1,0,5.297222137,0,0,2,451,528,979,629,612,1241
14466,244776,0,0,22,25,0,0,1,5.708333492,0,0,1,390,412,802,425,454,879
14468,244780,0,0,23,25,0,0,1,5.708333492,0,0,1,439,500,939,480,470,950
14470,130085,0,0,20,23,0,1,0,5.324999809,0,0,2,413,449,862,527,500,1027
14471,244723,1,0,17,26,0,0,1,5.711111069,0,0,1,405,468,873,421,486,907
14472,130085,0,0,22,23,0,1,0,5.169444561,0,0,2,419,500,919,629,572,1201
14474,244736,1,1,15,15,0,0,1,5.711111069,0,0,1,447,520,967,472,526,998
14476,244755,0,1,22,12,0,0,1,5.713889122,0,0,1,397,429,826,485,535,1020
14477,244755,0,0,22,21,1,0,1,5.716666698,0,0,1,416,520,936,460,458,918
14478,244780,0,0,23,25,0,0,1,5.716666698,0,0,1,451,602,1053,433,433,866
14479,244806,0,0,25,22,0,0,1,5.716666698,0,0,1,465,506,971,448,463,911
14481,212522,0,1,23,17,1,1,0,5.305555344,0,0,4,411,459,870,480,500,980
14483,244755,0,1,20,14,1,0,1,5.722222328,0,0,1,380,468,848,519,545,1064
14486,244728,1,1,17,13,0,0,1,5.752777576,0,0,1,433,478,911,483,510,993
14487,244727,1,1,17,13,0,0,0,5.602777958,0,0,2,500,478,978,604,578,1182
14488,161183,0,0,23,23,0,1,0,5.252777576,0,0,3,436,536,972,553,557,1110
14489,161176,1,1,16,17,0,1,0,5.263888836,0,0,3,395,412,807,478,495,973
14490,161183,0,0,21,23,1,1,1,5.302777767,0,0,3,422,559,981,NA,NA,NA
14492,161176,1,0,16,27,1,1,1,5.327777863,0,0,3,NA,NA,NA,579,553,1132
14493,164198,0,0,21,23,1,1,0,5.286110878,0,0,3,453,489,942,553,562,1115
14494,164198,0,0,21,23,0,1,0,5.286110878,0,0,3,447,484,931,590,557,1147
14495,164198,0,0,21,24,0,1,0,5.288888931,0,0,3,465,536,1001,651,578,1229
14496,166203,0,0,21,24,0,1,1,5.294444561,0,0,4,422,449,871,468,490,958
14497,112038,1,1,16,17,1,1,1,5.213889122,0,0,4,418,500,918,548,518,1066
14498,165199,0,0,22,22,0,1,0,5.291666508,0,0,4,478,547,1025,629,584,1213
14500,123056,1,1,17,19,0,1,0,5.252777576,0,0,3,NA,NA,NA,503,549,1052
14501,168214,0,0,23,23,0,1,0,5.263888836,0,0,3,463,520,983,590,526,1116
14503,168211,1,0,16,30,1,1,1,5.263888836,0,0,3,442,520,962,NA,535,NA
14505,123056,1,1,17,19,1,1,1,5.280555725,0,0,3,419,478,897,540,523,1063
14506,168211,0,0,23,30,0,1,0,5.286110878,0,0,3,451,473,924,NA,526,NA
14508,168214,0,0,23,25,1,1,0,5.297222137,0,0,3,437,473,910,548,529,1077
14509,123056,0,0,24,25,0,1,0,5.302777767,0,0,3,428,444,872,571,567,1138
14510,168214,0,0,22,25,0,1,0,5.308333397,0,0,3,455,626,1081,571,572,1143
14511,168211,1,1,16,17,1,1,0,5.308333397,0,0,3,437,484,921,NA,545,NA
14514,234628,0,0,23,21,0,1,0,5.330555439,0,0,3,436,528,964,553,601,1154
14515,123056,1,1,17,19,0,1,0,5.333333492,0,0,3,439,500,939,530,529,1059
14516,261927,0,0,22,21,0,1,0,5.219444275,0,0,3,436,513,949,471,497,968
14518,264945,1,1,15,17,0,1,0,5.25555563,0,0,2,470,528,998,579,592,1171
14521,216536,1,1,17,14,1,1,0,5.258333206,0,0,3,470,547,1017,629,676,1305
14524,244806,0,0,25,22,0,0,1,5.724999905,0,0,1,NA,NA,NA,434,461,895
14525,244723,0,0,26,21,0,0,1,5.724999905,0,0,1,402,399,801,430,458,888
14526,264945,1,1,15,17,0,1,0,5.261111259,0,0,2,450,513,963,514,562,1076
14528,244727,0,0,21,21,1,0,0,5.727777958,0,0,2,431,434,865,477,484,961
14535,244839,0,0,21,22,0,0,1,5.736111164,0,0,2,442,506,948,474,479,953
14538,264945,0,0,23,27,1,1,0,5.277777672,0,0,2,440,473,913,590,518,1108
14539,264945,0,0,24,26,0,1,0,5.280555725,0,0,2,437,489,926,530,505,1035
14540,221574,1,1,12,13,1,1,0,5.283333302,0,0,3,405,468,873,450,493,943
14543,244799,1,1,14,16,0,0,1,5.741666794,0,0,2,439,463,902,482,538,1020
14545,169229,0,0,22,21,0,1,0,5.286110878,0,0,2,NA,NA,NA,495,526,1021
14548,201449,0,0,22,25,1,1,0,5.288888931,0,0,3,418,489,907,571,562,1133
14549,244774,1,1,16,17,0,0,1,5.747222424,0,0,1,411,489,900,490,472,962
14551,244727,0,0,21,23,1,0,1,5.75,0,0,2,413,412,825,478,477,955
14554,201449,0,0,22,24,0,1,0,5.288888931,0,0,3,419,459,878,494,502,996
14555,244774,0,0,26,20,1,0,1,5.752777576,0,0,1,414,513,927,426,474,900
14556,169231,1,1,15,15,0,0,0,5.291666508,0,0,1,411,459,870,516,505,1021
14557,264945,0,0,24,27,0,1,0,5.294444561,0,0,2,421,506,927,519,545,1064
14561,244796,1,1,13,17,1,0,1,5.805555344,0,0,1,427,473,900,488,488,976
14562,169229,0,0,25,20,1,1,0,5.297222137,0,0,2,NA,489,NA,579,572,1151
14566,169229,0,0,25,21,1,1,0,5.300000191,0,0,2,450,559,1009,571,572,1143
14570,244776,0,1,23,17,0,0,1,5.758333206,0,0,1,NA,NA,NA,488,512,1000
14571,230612,0,0,22,20,1,1,0,5.305555344,0,0,3,428,520,948,509,542,1051
14574,244728,1,1,17,13,0,0,1,5.761111259,0,0,1,395,392,787,438,444,882
14575,262937,0,0,19,24,0,1,0,5.308333397,0,0,2,545,626,1171,651,572,1223
14578,169229,0,0,25,22,1,0,0,5.308333397,0,0,2,442,513,955,524,512,1036
14580,244745,0,0,23,24,0,0,1,5.669444561,0,0,2,437,528,965,503,497,1000
14581,244746,0,0,21,23,1,0,1,5.680555344,0,0,1,424,459,883,499,542,1041
14583,221574,1,1,13,13,0,1,0,5.311110973,0,0,3,421,473,894,482,500,982
14585,264945,0,0,24,26,1,1,0,5.319444656,0,0,2,437,489,926,NA,NA,NA
14589,264945,0,0,23,27,0,1,0,5.322222233,0,0,2,490,528,1018,629,567,1196
14593,264945,0,0,22,26,0,1,0,5.327777863,0,0,2,451,506,957,629,567,1196
14595,244727,0,0,21,21,1,0,1,5.658333302,0,0,2,434,459,893,507,529,1036
14596,244801,0,0,24,25,0,0,1,5.669444561,0,0,2,393,506,899,466,484,950
14598,230612,0,0,22,23,0,1,0,5.336111069,0,0,3,448,559,1007,536,557,1093
14600,264945,1,1,15,17,0,1,0,5.230555534,0,0,2,497,602,1099,604,612,1216
14602,169229,0,0,25,22,0,1,0,5.25555563,0,0,2,450,489,939,651,592,1243
14603,244839,0,0,23,24,0,0,1,5.777777672,0,0,2,418,484,902,477,538,1015
14605,173312,0,0,22,21,0,1,0,5.252777576,0,0,3,510,576,1086,604,601,1205
14606,244799,0,0,21,19,1,0,1,5.794444561,0,0,2,414,444,858,540,512,1052
14607,244736,0,0,21,24,0,0,1,5.800000191,0,0,1,425,528,953,412,474,886
14609,173312,0,0,22,21,1,1,0,5.272222042,0,0,3,483,602,1085,629,627,1256
14611,244831,1,1,17,14,0,1,1,5.769444466,0,0,2,418,454,872,505,488,993
14612,180344,0,0,27,21,1,1,0,5.24444437,0,0,4,434,484,918,533,578,1111
14618,180344,0,0,27,22,1,1,0,5.275000095,0,0,4,422,478,900,466,484,950
14619,180344,0,0,27,20,0,1,0,5.277777672,0,0,4,447,500,947,501,526,1027
14620,180344,0,0,27,22,1,0,1,5.300000191,0,0,4,439,559,998,536,518,1054
14621,180344,0,0,27,20,1,1,1,5.252777576,0,0,4,450,513,963,533,515,1048
14622,244755,1,1,15,12,1,0,1,5.780555725,0,0,1,433,468,901,485,505,990
14624,180344,1,1,16,16,0,0,1,5.305555344,0,0,4,407,429,836,530,538,1068
14625,203452,0,0,21,22,1,1,0,5.252777576,0,1,3,411,439,850,485,520,1005
14627,203457,0,0,16,24,0,1,0,5.263888836,0,0,3,467,513,980,571,532,1103
14630,203457,0,0,19,24,1,1,0,5.283333302,0,0,3,NA,NA,NA,651,572,1223
14631,203457,0,0,16,23,0,1,0,5.286110878,0,0,3,518,602,1120,651,562,1213
14634,244806,0,0,26,23,0,0,1,5.819444656,0,0,1,NA,NA,NA,530,510,1040
14638,189396,1,1,17,15,1,0,1,5.258333206,0,0,3,393,468,861,519,510,1029
14639,244697,1,1,15,16,1,0,1,5.788888931,0,0,1,436,418,854,512,490,1002
14642,244776,0,0,22,25,1,0,1,5.791666508,0,0,1,403,449,852,463,490,953
14643,189378,0,0,19,23,0,1,0,5.291666508,0,0,3,419,478,897,516,520,1036
14646,189378,0,0,20,23,1,1,1,5.300000191,0,0,3,433,468,901,536,557,1093
14647,189382,0,0,23,22,0,1,0,5.302777767,0,0,2,453,459,912,540,553,1093
14648,189382,0,0,24,22,1,1,0,5.188889027,0,0,2,460,506,966,527,549,1076
14650,189378,0,0,20,23,1,1,0,5.202777863,0,0,3,408,484,892,509,532,1041
14652,189382,0,0,23,22,0,1,0,5.219444275,0,0,2,442,489,931,571,553,1124
14654,189382,0,0,23,22,0,1,0,5.227777958,0,0,2,442,439,881,533,479,1012
14657,218562,0,0,17,24,1,1,0,5.238888741,0,0,4,436,513,949,540,578,1118
14658,189378,1,1,15,15,1,1,0,5.238888741,0,0,3,407,434,841,478,510,988
14659,189396,1,1,17,17,0,1,0,5.241666794,0,0,3,413,506,919,533,578,1111
14661,244776,0,0,23,22,0,0,1,5.763888836,0,0,1,NA,NA,NA,604,592,1196
14662,189396,0,0,24,21,0,1,0,5.24444437,0,0,3,460,500,960,590,542,1132
14663,234628,0,0,22,21,1,1,0,5.247222424,0,0,3,443,547,990,579,601,1180
14667,244799,0,0,21,22,1,0,1,5.811110973,0,0,2,421,444,865,487,520,1007
14668,244776,0,0,23,22,1,0,1,5.819444656,0,0,1,442,468,910,503,481,984
14669,244806,0,0,25,23,1,0,1,5.805555344,0,0,1,NA,NA,NA,477,538,1015
14670,189382,0,0,24,22,1,1,0,5.191666603,0,0,2,456,528,984,604,567,1171
14672,123056,0,0,24,27,1,1,0,5.199999809,0,0,3,425,473,898,480,526,1006
14673,244708,0,0,21,25,0,0,1,5.802777767,0,0,1,380,392,772,469,486,955
14675,244728,0,0,20,22,0,0,1,5.805555344,0,0,1,427,478,905,558,510,1068
14677,244806,0,0,25,22,1,0,0,5.811110973,0,0,1,460,547,1007,439,444,883
14678,244723,1,1,17,15,1,0,1,5.811110973,0,0,1,428,513,941,540,549,1089
14681,191411,1,1,13,16,0,1,0,5.286110878,0,0,3,487,520,1007,553,529,1082
14682,244774,0,0,26,26,0,0,1,5.813889027,0,0,1,413,463,876,474,474,948
14683,244831,1,1,17,15,0,1,0,5.822222233,0,0,2,410,468,878,447,468,915
14684,170295,1,1,13,18,1,1,0,5.263888836,0,0,3,439,500,939,629,612,1241
14686,170295,0,0,22,23,1,1,1,5.300000191,0,0,3,460,484,944,651,553,1204
14687,170295,0,0,22,23,1,1,0,5.313889027,0,0,3,460,494,954,629,627,1256
14688,244727,0,0,21,21,0,0,1,5.830555439,0,0,2,437,494,931,651,535,1186
14689,201449,0,0,21,25,0,1,1,5.269444466,0,0,3,453,528,981,530,529,1059
14690,201449,0,0,21,25,0,1,0,5.313889027,0,0,3,497,547,1044,629,601,1230
14691,201449,0,0,22,26,0,0,1,5.319444656,0,0,3,456,484,940,590,526,1116
14692,203452,1,1,17,17,1,1,0,5.252777576,0,1,3,418,489,907,501,578,1079
14694,203452,0,0,21,23,0,1,0,5.283333302,0,0,3,424,463,887,509,518,1027
14696,244806,1,1,14,15,0,0,1,5.819444656,0,0,1,440,494,934,488,493,981
14699,244806,0,0,25,22,1,0,1,5.819444656,0,0,1,430,559,989,488,532,1020
14700,244776,0,0,22,22,0,0,1,5.819444656,0,0,1,398,418,816,431,463,894
14702,161183,0,0,23,23,0,1,0,5.297222137,0,0,3,485,576,1061,579,557,1136
14705,205488,0,0,23,19,0,1,0,5.308333397,0,0,2,447,454,901,524,502,1026
14706,205488,0,1,23,14,1,1,0,5.319444656,0,0,2,442,484,926,499,512,1011
14707,205488,1,1,17,14,0,1,0,5.327777863,0,0,2,NA,NA,NA,524,493,1017
14710,244727,1,1,17,13,1,0,1,5.758333206,0,0,2,418,439,857,519,523,1042
14712,244806,0,1,25,15,1,0,1,5.830555439,0,0,1,NA,NA,NA,485,515,1000
14714,244708,1,1,16,16,1,0,1,5.833333492,0,0,1,NA,NA,NA,480,512,992
14722,128079,1,1,16,15,1,1,0,5.283333302,0,0,3,510,626,1136,629,578,1207
14723,244755,0,0,22,25,0,0,1,5.813889027,0,0,1,NA,NA,NA,453,484,937
14725,128079,0,0,21,20,1,1,0,5.291666508,0,0,3,402,468,870,465,512,977
14726,244839,0,0,23,26,1,1,1,5.772222042,0,0,2,NA,NA,NA,475,505,980
14727,212522,0,0,23,26,0,1,1,5.308333397,0,0,4,427,468,895,448,486,934
14730,161183,0,0,22,23,0,1,1,5.319444656,0,0,3,433,547,980,651,601,1252
14732,205492,0,0,23,24,0,0,1,5.324999809,0,0,2,NA,NA,NA,553,557,1110
14733,205492,0,0,23,29,0,0,1,5.305555344,0,0,2,439,559,998,488,545,1033
14735,161176,0,0,24,27,1,1,0,5.238888741,0,0,3,421,489,910,530,553,1083
14736,208501,0,0,22,24,0,1,0,5.266666889,0,0,3,450,520,970,524,592,1116
14737,259915,0,0,24,24,1,1,0,5.305555344,0,0,3,445,528,973,564,549,1113
14738,208501,0,1,22,17,1,1,0,5.311110973,0,0,3,421,473,894,494,545,1039
14740,208503,0,0,24,20,0,1,0,5.327777863,0,0,3,410,439,849,494,510,1004
14742,208503,0,0,23,20,0,1,0,5.286110878,0,0,3,402,489,891,558,465,1023
14743,259915,0,0,24,24,1,1,0,5.266666889,0,0,3,448,536,984,629,601,1230
14745,209510,0,0,21,25,0,1,1,6.761111259,0,0,3,405,434,839,536,512,1048
14746,209510,0,0,24,20,0,1,0,5.263888836,0,0,3,403,454,857,465,532,997
14747,209510,1,1,14,14,1,1,1,5.288888931,0,0,3,455,494,949,651,545,1196
14748,209510,0,0,24,25,1,1,1,5.313889027,0,0,3,405,444,849,544,538,1082
14749,209510,1,1,14,14,1,1,1,5.216666698,0,0,3,425,478,903,548,562,1110
14750,259915,0,0,24,24,0,1,1,5.277777672,0,0,3,431,506,937,497,512,1009
14751,193423,0,0,24,26,0,1,1,5.319444656,0,0,3,407,434,841,514,502,1016
14753,212522,0,0,22,26,0,1,0,5.277777672,0,0,4,421,473,894,477,497,974
14756,244755,0,0,22,21,1,0,1,5.761111259,0,0,1,518,602,1120,494,497,991
14760,180344,0,0,25,21,0,1,0,5.252777576,0,0,4,419,434,853,516,486,1002
14761,159171,0,0,27,23,1,0,1,5.252777576,0,0,3,414,463,877,445,538,983
14763,159171,0,0,22,23,1,0,1,5.25555563,0,0,3,480,494,974,530,510,1040
14764,159171,0,0,24,23,0,0,0,5.266666889,0,0,3,NA,NA,NA,548,507,1055
14765,180344,0,0,24,21,1,1,1,5.275000095,0,0,4,NA,NA,NA,505,518,1023
14766,208503,1,1,14,13,1,1,0,5.297222137,0,0,3,414,520,934,571,572,1143
14767,259915,0,0,26,24,1,1,0,5.308333397,0,0,3,451,528,979,462,538,1000
14768,208503,1,1,14,13,0,1,1,5.341666698,0,0,3,425,468,893,501,520,1021
14769,259915,0,1,26,14,1,1,0,5.352777958,0,0,3,428,506,934,503,578,1081
14770,259915,0,0,24,24,1,1,0,5.358333111,0,0,3,431,454,885,477,500,977
14771,159171,1,1,17,16,1,0,1,5.291666508,0,0,3,495,602,1097,553,545,1098
14772,193422,0,0,22,26,1,1,1,5.291666508,0,0,3,405,463,868,434,493,927
14774,193423,0,0,22,21,0,1,0,5.311110973,0,0,3,433,520,953,503,557,1060
14775,259915,1,1,14,14,0,1,1,5.352777958,0,0,3,403,439,842,444,474,918
14776,170295,0,0,22,22,1,1,0,5.313889027,0,1,3,431,484,915,NA,532,NA
14777,180344,0,0,27,21,0,1,0,5.316666603,0,0,4,419,489,908,507,502,1009
14778,193423,1,1,17,15,0,1,1,5.194444656,0,0,3,425,513,938,553,529,1082
14779,193422,0,0,22,26,1,1,0,5.241666794,0,0,3,465,559,1024,564,572,1136
14780,159171,0,0,24,23,1,1,0,5.24444437,0,0,3,514,576,1090,571,553,1124
14781,244799,1,0,14,19,0,0,0,5.836111069,0,0,2,437,478,915,519,523,1042
14782,180344,1,1,16,16,0,1,0,5.24444437,0,0,4,443,513,956,651,612,1263
14783,193423,0,0,24,22,1,1,0,5.247222424,0,0,3,424,454,878,475,495,970
14784,221574,0,0,19,21,0,1,0,5.263888836,0,0,3,460,494,954,571,562,1133
14786,221574,1,1,12,13,1,0,0,5.277777672,0,0,3,428,468,896,604,542,1146
14789,221571,0,0,23,23,0,1,0,5.302777767,0,0,3,384,412,796,445,439,884
14792,221571,1,1,15,15,1,1,0,5.316666603,0,0,3,411,444,855,514,562,1076
14795,244708,0,0,21,25,0,0,1,5.780555725,0,0,1,400,412,812,487,495,982
14796,221571,0,0,23,23,0,1,0,5.336111069,0,0,3,405,429,834,451,500,951
14798,225585,0,0,21,26,0,1,0,5.252777576,0,0,3,440,500,940,505,502,1007
14799,225585,0,0,21,26,1,1,0,5.175000191,0,0,3,416,463,879,471,512,983
14801,201449,0,0,22,26,0,1,0,5.188889027,0,0,3,419,439,858,536,507,1043
14804,225585,0,0,22,26,1,1,0,5.205555439,0,0,3,424,559,983,494,567,1061
14805,225585,0,0,21,26,0,1,0,5.230555534,0,0,3,428,463,891,459,502,961
14808,225585,0,0,21,26,0,1,0,5.147222042,0,0,3,431,484,915,533,510,1043
14809,225585,0,0,21,26,1,1,0,5.161110878,0,0,3,437,484,921,548,510,1058
14814,231616,0,0,21,25,0,1,1,5.266666889,0,0,3,413,444,857,428,441,869
14815,231616,0,0,21,21,1,1,0,5.275000095,0,0,3,468,547,1015,651,572,1223
14816,231616,1,1,14,15,0,1,0,5.313889027,0,0,3,455,602,1057,512,545,1057
14817,230612,0,0,23,23,0,1,0,5.216666698,0,0,3,418,449,867,494,493,987
14818,234628,0,0,22,21,0,1,0,5.252777576,0,0,3,419,500,919,527,523,1050
14820,234628,0,0,22,21,0,1,0,5.291666508,0,0,3,440,520,960,590,572,1162
14821,234628,0,0,24,21,0,1,0,5.294444561,0,0,3,436,520,956,544,529,1073
14823,234628,1,1,15,13,1,1,0,5.208333492,0,0,3,492,520,1012,651,578,1229
14824,234628,0,0,24,22,0,1,1,5.233333111,0,0,3,456,576,1032,553,572,1125
14825,234628,0,0,22,21,1,1,0,5.241666794,0,0,3,445,473,918,590,562,1152
14826,234628,0,0,23,21,1,1,0,5.241666794,0,0,3,443,478,921,604,553,1157
14828,164198,0,0,21,23,1,1,0,5.261111259,0,0,3,427,500,927,503,542,1045
14830,165199,0,0,22,22,0,1,0,5.305555344,0,0,4,463,536,999,579,601,1180
14831,123056,1,1,17,19,0,1,1,5.291666508,0,0,3,421,463,884,488,545,1033
14837,244831,1,1,17,14,0,0,1,5.833333492,0,0,2,447,473,920,629,553,1182
14840,244796,0,0,19,24,1,0,1,5.263888836,0,0,1,418,459,877,445,493,938
14841,244723,0,0,26,26,0,0,0,5.836111069,0,0,1,410,423,833,451,526,977
14847,244839,0,0,23,22,1,0,0,5.272222042,0,0,2,NA,NA,NA,590,505,1095
14849,244801,0,0,24,25,1,1,0,4.805555344,0,0,2,442,520,962,494,529,1023
14852,244831,0,0,27,24,1,1,1,6.947222233,0,0,2,456,536,992,558,584,1142
14853,244839,0,0,23,26,1,0,1,5.286110878,0,0,2,NA,506,NA,495,578,1073
14859,244755,0,0,22,21,1,0,1,5.294444561,0,0,1,448,489,937,482,520,1002
14861,244799,0,0,21,22,1,0,0,5.297222137,0,0,2,443,473,916,499,518,1017
14862,244839,0,0,23,24,0,0,1,5.300000191,0,0,2,407,484,891,469,542,1011
14865,244723,0,0,26,23,1,0,1,5.302777767,0,0,1,408,473,881,494,545,1039
14867,203452,1,1,17,17,0,1,0,5.236111164,0,0,3,565,489,1054,604,601,1205
14869,230612,1,1,16,15,0,1,0,5.400000095,0,0,3,483,506,989,503,529,1032
14870,244697,1,1,15,17,0,0,1,5.324999809,0,0,1,428,459,887,521,500,1021
14872,244755,0,0,20,21,0,0,1,5.805555344,0,0,1,419,454,873,488,479,967
14873,244736,0,1,19,15,1,0,1,5.811110973,0,0,1,NA,NA,NA,483,562,1045
14876,216536,0,0,24,24,0,1,1,5.327777863,0,0,3,485,602,1087,558,592,1150
14879,252885,0,0,20,28,1,1,0,5.319444656,0,0,3,434,473,907,540,515,1055
14884,216536,1,1,17,14,1,1,1,5.327777863,0,0,3,430,494,924,474,526,1000
14888,218562,0,0,17,24,1,1,0,5.280555725,0,0,4,497,547,1044,590,627,1217
14892,257905,0,0,22,22,0,1,0,4.25555563,0,0,4,503,473,976,651,542,1193
14896,253888,1,1,13,13,1,1,1,5.261111259,0,0,3,440,478,918,490,553,1043
14897,257899,1,1,17,15,1,1,0,5.263888836,0,0,3,400,459,859,485,572,1057
14899,257899,1,1,17,13,1,1,0,5.263888836,0,0,3,437,500,937,548,535,1083
14900,257905,0,0,21,22,1,1,0,5.269444466,0,0,4,408,444,852,439,502,941
14905,253888,1,1,13,13,1,1,0,5.302777767,0,0,3,427,506,933,487,518,1005
14906,244806,0,0,27,23,0,0,1,5.427777767,0,0,1,467,528,995,487,484,971
14907,257905,0,0,21,23,1,1,0,5.305555344,0,0,4,476,506,982,604,601,1205
14908,257899,1,1,17,13,0,1,0,5.305555344,0,0,3,424,484,908,530,557,1087
14910,257905,0,0,21,22,0,1,0,5.305555344,0,0,4,447,489,936,482,567,1049
14911,257905,1,1,12,15,1,1,0,5.308333397,0,0,4,460,506,966,536,545,1081
14912,257905,1,1,12,15,1,1,0,5.313889027,0,0,4,487,602,1089,571,653,1224
14913,257899,0,0,23,23,1,1,0,5.319444656,0,0,3,436,506,942,494,549,1043
14914,257905,0,0,21,22,1,1,0,5.324999809,0,0,4,470,478,948,530,493,1023
14919,259915,0,0,24,24,0,1,0,5.283333302,0,0,3,413,513,926,516,520,1036
14921,261927,0,0,23,21,1,1,0,5.169444561,0,0,3,382,444,826,480,463,943
14922,261927,0,0,23,21,1,1,0,5.300000191,0,0,3,397,449,846,471,454,925
14923,261927,0,1,23,17,0,1,0,5.308333397,0,0,3,413,468,881,564,512,1076
14924,261927,0,0,24,21,1,1,0,5.316666603,0,0,3,492,513,1005,629,557,1186
14925,244806,0,0,25,21,0,0,0,5.830555439,0,0,1,478,520,998,564,553,1117
14926,159171,0,0,24,23,1,1,0,5.336111069,0,0,3,465,506,971,571,542,1113
14927,262937,0,0,19,23,1,1,0,5.336111069,0,0,2,451,536,987,558,535,1093
14929,212522,0,0,23,26,1,1,1,5.349999905,0,0,4,436,478,914,524,488,1012
14930,189382,1,1,14,17,0,1,1,5.363888741,0,0,2,424,449,873,521,512,1033
14931,189382,0,0,24,22,0,1,1,5.363888741,0,0,2,445,459,904,503,518,1021
14933,203452,0,0,19,24,0,1,1,5.294444561,0,1,3,436,489,925,604,545,1149
14938,130085,0,0,20,23,0,1,0,5.355555534,0,0,2,453,513,966,604,612,1216
14944,130085,1,1,13,17,0,1,0,5.405555725,0,0,2,443,528,971,651,627,1278
14945,189378,0,0,20,23,1,1,1,5.349999905,0,0,3,393,434,827,453,479,932
14946,244774,0,0,26,23,0,0,1,7.022222042,0,0,1,443,547,990,521,515,1036
14947,164198,1,1,13,13,1,1,1,5.363888741,0,0,3,467,520,987,590,545,1135
14949,161183,0,0,22,20,1,1,0,5.336111069,0,0,3,470,536,1006,558,549,1107
14952,161183,1,1,14,14,0,1,0,5.344444275,0,0,3,495,547,1042,604,592,1196
14954,161183,0,0,23,21,1,1,1,5.352777958,0,0,3,398,418,816,NA,NA,NA
14955,191411,1,1,13,16,0,1,0,5.363888741,0,0,3,467,576,1043,571,512,1083
14956,168214,1,1,14,17,1,1,0,5.438889027,0,0,3,453,547,1000,527,653,1180
14957,161176,0,0,24,26,0,1,0,5.400000095,0,1,3,487,602,1089,651,592,1243
14958,162184,0,0,20,21,0,1,1,5.38055563,0,0,3,434,528,962,651,592,1243
14959,168214,1,1,14,17,1,1,1,5.441666603,0,0,3,408,429,837,NA,NA,NA
14961,176329,1,1,14,15,1,1,1,5.355555534,0,0,3,448,576,1024,571,562,1133
14962,168214,0,0,23,25,0,1,0,5.355555534,0,0,3,443,506,949,558,532,1090
14963,168214,0,0,22,23,0,1,1,5.36944437,0,0,3,465,484,949,629,507,1136
14965,168211,0,0,24,29,0,1,0,5.388888836,0,0,3,NA,NA,NA,NA,526,NA
14966,168211,1,1,16,17,0,1,1,5.391666889,0,0,3,433,484,917,NA,505,NA
14968,168214,0,0,22,23,1,1,1,5.413888931,0,0,3,430,506,936,571,553,1124
14969,168211,1,1,16,17,1,1,1,5.400000095,0,0,3,442,513,955,NA,549,NA
14970,168211,0,0,24,30,0,1,0,5.402777672,0,0,3,468,520,988,NA,572,NA
14972,168211,0,0,24,29,1,1,1,5.402777672,0,0,3,465,576,1041,NA,612,NA
14974,165199,1,1,13,14,0,1,0,5.336111069,0,0,4,554,602,1156,651,601,1252
14975,169280,0,0,21,25,0,0,1,5.336111069,0,0,2,450,484,934,514,538,1052
14976,169229,1,1,17,16,1,1,0,5.336111069,0,0,2,451,478,929,564,518,1082
14978,201449,0,0,21,25,1,1,0,5.338889122,0,0,3,NA,NA,NA,503,515,1018
14980,169280,1,1,15,17,0,1,0,5.344444275,0,0,2,437,494,931,512,567,1079
14982,169219,0,1,20,17,0,1,0,5.347222328,0,0,2,470,506,976,579,676,1255
14983,169229,0,0,25,21,0,1,0,5.347222328,0,0,2,443,506,949,490,532,1022
14984,221574,0,0,19,21,1,1,0,5.347222328,0,0,3,413,449,862,495,505,1000
14985,264945,0,0,24,27,1,1,0,5.347222328,0,0,2,430,459,889,548,535,1083
14986,169229,0,0,22,21,0,1,0,5.349999905,0,0,2,445,500,945,524,545,1069
14987,169229,1,1,16,16,1,1,0,5.349999905,0,0,2,476,528,1004,590,572,1162
14988,169219,0,0,20,22,0,1,0,5.349999905,0,0,2,439,478,917,524,538,1062
14989,169229,1,1,17,17,1,1,0,5.349999905,0,0,2,442,513,955,579,484,1063
14991,264945,1,1,15,17,0,1,0,5.352777958,0,0,2,478,513,991,651,567,1218
14993,244774,0,0,26,24,0,0,1,7.041666508,0,0,1,442,489,931,487,505,992
14996,262937,1,1,13,15,1,1,0,5.355555534,0,0,2,580,576,1156,651,627,1278
14997,169231,0,1,23,14,1,0,1,5.358333111,0,0,1,400,478,878,469,542,1011
14998,244774,0,0,26,26,0,0,1,7.050000191,0,0,1,414,494,908,NA,NA,NA
15003,169229,1,0,17,21,1,1,0,5.372222424,0,0,2,448,459,907,494,520,1014
15004,112038,0,0,19,28,1,0,0,5.372222424,0,0,4,410,494,904,419,497,916
15005,244806,0,0,25,22,0,0,0,7.066666603,0,0,1,456,559,1015,497,578,1075
15006,169229,0,0,22,22,1,1,1,5.372222424,0,0,2,424,500,924,509,592,1101
15007,264945,0,0,24,26,0,1,0,5.375,0,0,2,427,513,940,NA,NA,NA
15008,169280,0,0,22,25,0,1,0,5.375,0,0,2,428,500,928,492,584,1076
15010,264945,1,1,15,17,0,1,0,5.38055563,0,0,2,456,478,934,536,532,1068
15012,201449,0,0,21,26,1,1,0,5.383333206,0,0,3,538,513,1051,651,562,1213
15013,169229,0,0,25,21,0,1,0,5.383333206,0,0,2,450,528,978,524,520,1044
15016,264945,0,0,24,26,1,1,0,5.386111259,0,0,2,430,429,859,501,507,1008
15018,169231,0,0,23,19,0,0,1,5.386111259,0,0,1,419,444,863,483,512,995
15020,221571,0,0,23,21,1,0,1,5.388888836,0,0,3,374,354,728,448,465,913
15022,169231,0,0,22,21,0,1,0,5.391666889,0,0,1,424,494,918,509,542,1051
15025,201449,1,1,14,17,0,1,0,5.394444466,0,0,3,472,500,972,604,553,1157
15026,221574,1,1,12,13,0,1,0,5.397222042,0,0,3,440,484,924,544,505,1049
15027,264945,0,0,24,26,1,1,0,5.397222042,0,0,2,436,489,925,519,488,1007
15028,264945,1,1,15,17,0,1,0,5.336111069,0,0,2,460,484,944,558,567,1125
15031,230612,0,0,23,20,0,1,1,5.408333302,0,0,3,455,547,1002,536,572,1108
15034,169280,1,1,15,17,1,1,1,5.411110878,0,0,2,440,494,934,530,532,1062
15035,201449,1,1,14,17,1,1,1,5.411110878,0,0,3,472,520,992,536,553,1089
15036,201449,0,0,21,24,0,1,0,5.411110878,0,0,3,472,559,1031,564,567,1131
15037,193423,1,1,16,14,1,1,0,5.480555534,0,0,3,445,559,1004,544,545,1089
15043,169229,1,1,17,16,0,1,0,5.416666508,0,0,2,472,520,992,548,520,1068
15047,244774,0,0,26,24,1,0,1,7.00555563,0,0,1,447,444,891,483,500,983
15048,169219,1,1,13,17,0,1,0,5.322222233,0,0,2,474,547,1021,629,601,1230
15050,244727,0,0,21,21,0,0,0,5.252777576,0,0,2,461,547,1008,571,592,1163
15053,244736,0,0,19,22,0,0,1,7.083333492,0,0,1,451,513,964,495,529,1024
15055,201449,1,1,15,15,0,1,0,5.344444275,0,0,3,453,484,937,571,557,1128
15056,221574,0,0,20,22,0,1,1,5.377777576,0,0,3,430,473,903,533,542,1075
15057,173312,0,0,22,22,1,1,0,5.349999905,0,0,3,510,559,1069,571,653,1224
15060,173312,0,0,22,20,1,1,0,5.400000095,0,0,3,467,489,956,483,545,1028
15062,173312,0,0,22,21,0,1,0,5.319444656,0,0,3,474,484,958,514,549,1063
15064,173312,0,0,22,20,1,1,0,5.324999809,0,0,3,492,489,981,521,538,1059
15065,176329,0,0,22,23,0,1,1,5.366666794,0,0,3,448,576,1024,590,562,1152
15067,165199,1,1,13,14,0,1,0,5.383333206,0,0,4,487,528,1015,579,578,1157
15068,180344,1,1,16,16,0,1,1,5.358333111,0,0,4,413,429,842,540,549,1089
15069,180344,0,0,25,21,1,1,1,5.358333111,0,0,4,460,520,980,604,601,1205
15070,203452,0,0,21,24,0,1,0,5.336111069,0,0,3,472,506,978,590,545,1135
15071,191411,0,0,17,21,0,1,0,5.349999905,0,0,3,447,473,920,509,507,1016
15072,203457,0,0,19,24,0,1,1,5.352777958,0,0,3,434,463,897,514,497,1011
15075,191411,0,0,17,21,0,1,0,5.400000095,0,0,3,456,478,934,499,510,1009
15076,128076,1,1,13,15,1,1,0,5.408333302,0,1,2,413,439,852,431,481,912
15077,191411,0,1,17,16,1,1,1,5.397222042,0,0,3,393,439,832,477,470,947
15078,189396,0,0,24,20,1,1,0,5.25555563,0,0,3,522,547,1069,604,567,1171
15079,189378,0,0,19,23,0,1,0,5.341666698,0,0,3,439,468,907,604,549,1153
15080,189382,0,0,24,22,1,1,0,5.352777958,0,0,2,447,494,941,490,562,1052
15081,189378,0,0,20,23,1,1,0,5.36944437,0,0,3,422,459,881,590,542,1132
15083,123056,0,0,24,25,0,1,1,5.38055563,0,0,3,418,473,891,474,535,1009
15084,189378,1,0,15,23,0,1,0,5.25555563,0,1,3,434,489,923,521,553,1074
15085,189378,0,0,20,23,0,1,0,5.263888836,0,0,3,430,494,924,651,601,1252
15086,218562,1,1,14,13,0,1,0,5.275000095,0,0,4,465,520,985,564,562,1126
15088,189382,1,1,14,17,0,1,0,5.316666603,0,0,2,NA,NA,NA,651,557,1208
15094,123056,0,0,23,27,0,1,0,5.330555439,0,0,3,455,528,983,571,578,1149
15095,189382,0,0,23,22,0,1,0,5.333333492,0,0,2,NA,NA,NA,514,526,1040
15096,189396,1,1,17,15,0,1,0,4.333333492,0,0,3,492,559,1051,558,592,1150
15097,234628,0,0,22,21,1,1,0,5.336111069,0,0,3,428,528,956,540,549,1089
15098,189396,0,1,24,17,1,1,0,5.361111164,0,0,3,442,494,936,519,538,1057
15101,191411,0,0,19,21,1,1,1,5.355555534,0,0,3,430,454,884,NA,463,NA
15102,191411,0,0,19,21,1,1,0,5.372222424,0,0,3,445,478,923,477,502,979
15103,191411,0,0,19,22,0,1,1,5.413888931,0,0,3,405,405,810,NA,439,NA
15104,209510,1,1,14,14,1,1,1,5.363888741,0,0,3,398,392,790,434,477,911
15106,201449,1,1,14,17,0,1,1,5.338889122,0,0,3,416,454,870,NA,NA,NA
15107,201449,0,0,22,25,1,1,0,5.344444275,0,0,3,419,454,873,438,451,889
15108,201449,1,1,15,15,1,1,1,5.344444275,0,0,3,461,520,981,579,584,1163
15110,201449,0,0,21,25,1,1,0,5.38055563,0,0,3,490,500,990,590,529,1119
15111,170295,1,1,13,18,1,1,1,5.391666889,0,0,3,411,449,860,553,601,1154
15112,201449,0,0,21,25,0,1,0,5.394444466,0,0,3,456,528,984,590,538,1128
15113,162184,1,1,12,14,1,1,1,5.36944437,0,0,3,424,520,944,571,601,1172
15114,162184,1,1,12,13,1,1,0,5.377777576,0,0,3,411,489,900,553,562,1115
15115,203452,1,1,16,17,0,1,0,5.336111069,0,0,3,580,559,1139,651,592,1243
15117,203452,0,0,19,23,1,1,0,5.383333206,0,0,3,467,449,916,651,532,1183
15118,203452,0,0,21,24,0,1,0,5.408333302,0,0,3,453,468,921,527,535,1062
15119,203452,0,0,21,22,0,0,0,5.408333302,0,1,3,422,449,871,NA,532,NA
15120,203452,0,0,23,22,1,1,0,5.411110878,0,0,3,NA,NA,NA,480,474,954
15121,205492,1,0,17,29,0,0,1,5.336111069,0,0,2,403,478,881,447,493,940
15123,205492,0,0,23,29,1,0,0,6.961111069,0,0,2,424,434,858,442,481,923
15124,205488,0,0,24,23,0,1,0,5.341666698,0,0,2,451,484,935,544,542,1086
15125,203452,0,0,21,23,0,0,0,5.352777958,0,0,3,451,468,919,553,557,1110
15126,203452,0,0,19,24,1,0,0,5.352777958,0,0,3,428,459,887,540,567,1107
15128,212522,0,0,21,26,0,1,1,5.394444466,0,0,4,411,468,879,477,484,961
15130,205491,0,0,22,22,1,1,0,5.411110878,0,0,2,433,463,896,604,562,1166
15131,205488,1,1,17,14,1,1,0,5.411110878,0,1,2,453,489,942,471,515,986
15132,212522,0,0,21,26,0,1,0,5.413888931,0,0,4,443,459,902,564,526,1090
15134,128079,1,1,16,15,1,1,0,5.413888931,0,0,3,439,478,917,579,545,1124
15135,205488,0,0,24,19,0,1,0,5.336111069,0,0,2,443,473,916,495,523,1018
15136,161183,1,1,14,15,1,1,1,5.336111069,0,0,3,434,468,902,579,553,1132
15139,128076,1,1,13,15,0,1,0,5.347222328,0,0,2,416,454,870,590,584,1174
15141,130085,0,0,20,24,0,1,0,5.361111164,0,0,2,463,520,983,629,567,1196
15142,168211,0,0,23,30,1,1,0,5.372222424,0,0,3,463,489,952,NA,584,NA
15143,205490,0,0,24,24,1,0,0,5.375,0,0,1,419,418,837,536,584,1120
15144,205490,0,0,24,24,1,0,1,5.375,0,0,1,407,449,856,521,557,1078
15145,205492,1,1,16,18,0,0,1,5.377777576,0,0,2,455,494,949,488,526,1014
15146,128079,0,1,24,16,0,1,1,5.388888836,0,0,3,431,439,870,579,512,1091
15147,205490,1,1,15,17,1,0,1,5.391666889,0,0,1,416,399,815,494,507,1001
15148,244776,0,0,23,24,1,0,1,5.397222042,0,0,1,425,478,903,495,468,963
15150,161183,0,0,21,23,0,1,1,5.411110878,0,0,3,451,528,979,548,549,1097
15151,128076,0,0,24,21,0,1,1,5.327777863,0,1,2,407,444,851,438,463,901
15152,209510,1,1,14,14,0,1,0,5.336111069,0,0,3,455,528,983,571,567,1138
15153,208503,0,0,23,20,0,1,0,5.347222328,0,0,3,388,412,800,483,526,1009
15154,208501,1,1,15,17,1,1,0,5.352777958,0,0,3,424,559,983,492,578,1070
15155,208503,0,0,23,20,1,1,0,5.358333111,0,0,3,407,405,812,501,470,971
15156,259915,0,0,26,24,0,1,0,5.358333111,0,0,3,NA,NA,NA,533,562,1095
15157,259915,0,0,24,24,0,1,1,5.372222424,0,0,3,407,449,856,459,444,903
15158,208501,0,0,22,24,1,1,0,5.394444466,0,0,3,NA,NA,NA,512,520,1032
15159,259915,0,0,24,24,1,1,0,5.397222042,0,0,3,408,520,928,462,549,1011
15160,208503,0,0,24,20,1,1,0,5.336111069,0,0,3,397,429,826,507,518,1025
15161,208501,0,0,22,24,0,1,0,5.349999905,0,0,3,427,459,886,579,592,1171
15164,230612,0,0,23,20,0,1,0,5.363888741,0,0,3,437,520,957,509,529,1038
15166,193423,0,0,24,25,0,1,1,5.252777576,0,0,3,421,468,889,480,490,970
15167,215533,0,0,24,23,0,1,0,5.258333206,0,0,3,460,528,988,524,515,1039
15169,215533,0,0,24,23,1,0,1,5.263888836,0,0,3,400,439,839,423,439,862
15170,215533,1,1,17,16,1,1,0,5.266666889,0,0,3,495,602,1097,629,601,1230
15171,193422,0,0,20,25,1,0,1,5.266666889,0,0,3,453,513,966,544,538,1082
15172,215533,0,0,23,22,0,1,0,5.277777672,0,0,3,455,559,1014,579,612,1191
15174,215533,0,0,24,23,1,1,0,5.288888931,0,0,3,437,478,915,604,627,1231
15175,193423,0,0,22,19,0,1,0,5.288888931,0,0,3,421,506,927,495,512,1007
15176,193423,0,0,24,22,1,1,0,5.288888931,0,0,3,463,513,976,533,538,1071
15177,259915,0,0,26,22,1,1,0,5.300000191,0,0,3,419,506,925,487,557,1044
15178,193423,0,0,22,22,0,1,0,5.305555344,0,0,3,414,500,914,471,535,1006
15179,215533,0,0,23,23,1,1,0,5.316666603,0,0,3,467,547,1014,544,612,1156
15180,193422,0,0,22,25,0,1,0,5.336111069,0,0,3,465,536,1001,524,567,1091
15183,230612,0,0,23,23,1,1,0,5.358333111,0,0,3,461,536,997,NA,NA,NA
15185,215533,0,0,23,22,0,1,0,5.36944437,0,0,3,474,559,1033,651,592,1243
15186,193423,1,1,17,14,0,1,1,6.375,0,0,3,445,513,958,533,535,1068
15187,180344,0,0,25,22,0,0,0,5.375,0,0,4,397,399,796,564,562,1126
15188,159171,0,0,27,23,1,0,0,5.391666889,0,0,3,416,478,894,460,535,995
15189,159171,0,0,27,23,1,0,1,5.147222042,0,0,3,418,500,918,454,490,944
15190,244831,0,0,22,24,0,1,0,5.400000095,0,0,2,402,454,856,477,512,989
15192,159171,0,0,22,23,0,1,1,5.311110973,0,0,3,NA,NA,NA,530,557,1087
15193,201449,0,0,22,25,0,0,1,5.316666603,0,0,3,456,536,992,544,612,1156
15194,180344,1,1,16,16,0,1,0,5.319444656,0,0,4,451,536,987,604,562,1166
15196,193423,1,0,16,26,0,1,1,5.327777863,0,0,3,437,559,996,544,495,1039
15198,159171,0,0,22,23,0,0,1,5.333333492,0,0,3,465,494,959,495,526,1021
15201,221571,0,0,21,23,1,0,0,5.336111069,0,0,3,397,439,836,454,474,928
15202,221574,0,0,19,22,0,1,0,5.338889122,0,0,3,407,449,856,468,518,986
15203,221571,1,1,16,14,0,1,0,5.341666698,0,0,3,419,484,903,456,493,949
15204,221574,0,0,20,21,0,1,0,5.366666794,0,0,3,442,459,901,524,512,1036
15205,221571,0,0,23,21,1,1,0,5.375,0,0,3,384,375,759,471,518,989
15206,221574,1,1,12,13,1,1,0,5.377777576,0,0,3,440,520,960,558,535,1093
15207,221571,1,1,15,15,0,1,0,5.38055563,0,0,3,408,429,837,540,515,1055
15212,221571,1,1,15,14,1,1,0,5.402777672,0,0,3,410,412,822,453,553,1006
15213,221571,0,0,21,24,1,1,1,5.411110878,0,0,3,391,399,790,434,439,873
15215,212522,1,1,12,16,1,1,1,5.361111164,0,0,4,450,494,944,490,532,1022
15216,225585,0,0,22,26,0,1,0,5.336111069,0,0,3,442,547,989,509,601,1110
15217,164198,0,0,21,23,0,1,1,5.349999905,0,0,3,436,484,920,521,518,1039
15218,225585,0,0,21,26,0,1,1,5.349999905,0,0,3,418,489,907,466,526,992
15221,225585,0,0,23,26,1,1,0,5.283333302,0,0,3,405,459,864,495,477,972
15223,228606,0,0,24,22,1,1,0,5.391666889,0,0,3,450,468,918,533,653,1186
15225,228606,1,0,16,21,0,1,0,5.405555725,0,0,3,456,547,1003,604,592,1196
15226,231616,0,1,23,15,1,1,1,5.361111164,0,0,3,408,423,831,438,451,889
15228,231616,0,0,21,25,1,1,1,5.36944437,0,0,3,419,439,858,533,526,1059
15229,231616,1,1,14,15,0,1,1,5.372222424,0,0,3,447,559,1006,527,572,1099
15230,162184,0,0,20,21,0,1,0,5.386111259,0,1,3,416,459,875,512,512,1024
15231,231616,1,1,14,15,1,1,1,5.388888836,0,0,3,431,478,909,445,505,950
15233,231616,0,0,23,25,1,1,0,5.411110878,0,0,3,443,506,949,553,557,1110
15234,230612,0,0,22,23,1,1,1,5.341666698,0,0,3,425,500,925,466,529,995
15235,162184,1,1,12,13,1,1,1,5.341666698,0,1,3,403,429,832,460,500,960
15236,261927,0,0,22,21,1,1,0,5.344444275,0,0,3,510,626,1136,629,557,1186
15237,162184,0,0,20,20,0,1,1,5.349999905,0,0,3,433,528,961,564,572,1136
15238,261927,1,1,16,17,0,1,0,5.363888741,0,0,3,431,506,937,536,529,1065
15239,261927,0,1,23,17,0,1,0,5.372222424,0,0,3,532,559,1091,590,584,1174
15240,162184,0,0,20,21,0,1,1,5.375,0,0,3,NA,NA,NA,564,542,1106
15242,162184,1,1,12,13,1,1,1,5.263888836,0,0,3,443,484,927,558,578,1136
15244,261927,0,0,23,21,1,1,0,5.288888931,0,0,3,413,489,902,516,518,1034
15246,234628,0,0,23,22,0,1,1,5.344444275,0,0,3,445,500,945,540,553,1093
15247,234628,0,0,24,22,1,1,1,5.327777863,0,0,3,428,528,956,501,538,1039
15249,234628,0,0,22,21,0,1,1,5.300000191,0,0,3,416,500,916,495,567,1062
15250,234628,1,1,16,13,1,1,0,5.311110973,0,0,3,470,602,1072,629,612,1241
15252,165199,0,0,19,22,0,1,0,5.349999905,0,0,4,448,513,961,590,505,1095
15255,216536,0,0,22,21,1,1,0,5.461111069,0,0,3,433,484,917,488,538,1026
15256,205488,0,0,24,23,1,1,0,5.394444466,0,0,2,439,536,975,521,545,1066
15258,244839,0,0,23,22,1,0,0,5.336111069,0,0,2,439,576,1015,548,653,1201
15259,244727,0,0,21,21,0,0,0,5.338889122,0,0,2,463,528,991,590,549,1139
15260,244776,0,0,24,22,1,0,1,5.338889122,0,0,1,NA,NA,NA,417,428,845
15265,244764,1,1,13,12,0,0,1,5.349999905,0,0,1,413,506,919,521,562,1083
15267,244776,0,0,23,22,0,0,1,5.355555534,0,0,1,421,468,889,466,465,931
15268,244831,0,0,27,24,1,1,0,5.361111164,0,0,2,453,506,959,497,538,1035
15271,244697,0,0,27,20,0,0,1,5.366666794,0,0,1,439,484,923,477,518,995
15272,244697,1,1,15,16,0,0,1,5.366666794,0,0,1,NA,NA,NA,540,535,1075
15274,244728,0,0,17,22,0,0,1,5.372222424,0,0,1,436,478,914,499,484,983
15275,244774,0,0,26,23,0,0,1,5.372222424,0,0,1,425,528,953,483,538,1021
15278,244776,1,1,15,17,1,0,0,5.375,0,0,1,421,489,910,512,584,1096
15279,244839,1,1,15,17,0,0,1,5.375,0,0,2,411,454,865,519,484,1003
15280,244776,0,0,23,22,0,0,1,5.375,0,0,1,448,439,887,478,481,959
15283,244806,0,0,26,23,0,0,1,5.38055563,0,0,1,470,463,933,456,472,928
15286,244799,1,1,14,16,0,0,0,5.408333302,0,0,2,421,444,865,579,557,1136
15291,244728,0,1,20,13,0,0,1,5.330555439,0,0,1,430,489,919,533,535,1068
15293,244755,0,0,22,21,0,0,1,5.330555439,0,0,1,456,576,1032,579,549,1128
15294,244806,0,0,25,22,1,0,0,5.330555439,0,0,1,461,536,997,483,490,973
15295,244774,0,0,26,24,1,0,1,5.333333492,0,0,1,436,489,925,472,502,974
15298,244796,1,1,12,17,0,0,1,5.088889122,0,0,1,408,449,857,459,468,927
15301,180344,1,1,16,16,1,1,0,5.333333492,0,0,4,451,489,940,590,549,1139
15302,252885,0,0,20,27,0,0,1,5.372222424,0,0,3,400,418,818,445,439,884
15303,216536,1,1,17,14,0,1,1,5.375,0,0,3,434,520,954,579,653,1232
15304,252885,0,0,20,28,0,0,1,5.391666889,0,0,3,414,454,868,475,458,933
15305,257899,0,0,24,23,0,1,1,5.338889122,0,0,3,436,494,930,558,549,1107
15306,257905,0,0,21,22,1,1,1,5.358333111,0,0,4,456,468,924,540,545,1085
15307,259915,1,1,14,14,1,1,0,5.322222233,0,0,3,424,463,887,478,532,1010
15308,257899,0,0,24,22,1,1,0,5.338889122,0,0,3,428,468,896,488,500,988
15310,228606,0,0,25,21,0,1,0,5.558333397,0,0,3,431,478,909,629,557,1186
15311,123056,0,0,23,27,0,1,0,5.238888741,0,0,3,436,449,885,564,523,1087
15312,257905,0,0,21,23,1,1,0,5.336111069,0,0,4,456,449,905,553,572,1125
15313,257899,0,0,23,23,1,1,0,5.341666698,0,0,3,436,520,956,571,553,1124
15314,257899,1,1,17,15,1,1,0,5.344444275,0,0,3,430,500,930,544,549,1093
15315,253888,0,0,18,23,1,1,0,5.355555534,0,0,3,425,506,931,460,562,1022
15316,257899,0,0,24,23,0,1,0,5.366666794,0,0,3,439,536,975,553,567,1120
15318,257899,0,0,24,23,0,1,1,5.386111259,0,0,3,418,439,857,482,502,984
15319,257905,1,1,13,15,0,1,0,5.394444466,0,0,4,445,459,904,553,526,1079
15321,228606,0,0,25,22,0,1,1,5.336111069,0,0,3,418,494,912,512,545,1057
15322,221574,0,0,19,21,1,1,0,5.363888741,0,0,3,445,484,929,571,557,1128
15323,252885,1,1,14,17,0,1,1,5.336111069,0,0,3,439,547,986,530,557,1087
15325,252885,0,0,20,27,1,1,1,5.413888931,0,0,3,458,484,942,530,567,1097
15326,212522,0,0,23,26,0,1,1,5.433333397,0,0,4,425,547,972,533,553,1086
15328,112038,0,0,19,28,0,1,1,5.436110973,0,0,4,419,444,863,448,463,911
15331,112038,1,0,16,28,0,1,1,5.491666794,0,0,4,402,463,865,NA,NA,NA
15332,128076,0,1,24,14,1,1,0,5.419444561,0,0,2,436,513,949,544,592,1136
15334,128076,0,0,23,21,1,1,0,5.444444656,0,0,2,424,468,892,472,484,956
15337,130085,0,1,22,14,1,1,0,5.472222328,0,0,2,437,528,965,536,612,1148
15338,128076,0,0,23,21,0,1,0,5.491666794,0,0,2,450,473,923,503,515,1018
15340,128076,0,0,23,21,0,1,0,5.5,0,0,2,445,468,913,540,535,1075
15343,159171,0,0,22,23,0,1,1,5.486111164,0,0,3,518,602,1120,590,592,1182
15345,161183,0,0,22,22,0,1,0,5.419444561,0,0,3,434,520,954,571,532,1103
15346,161176,1,1,17,17,1,1,0,5.419444561,0,0,3,433,484,917,494,545,1039
15347,161183,0,0,21,21,1,1,1,5.430555344,0,0,3,411,449,860,590,584,1174
15348,161183,0,0,23,22,0,1,1,5.436110973,0,0,3,451,494,945,629,542,1171
15349,161183,1,1,14,14,0,1,1,5.436110973,0,0,3,448,473,921,544,518,1062
15350,161183,0,0,23,23,1,1,0,5.463889122,0,0,3,NA,NA,NA,501,523,1024
15351,161183,0,0,22,21,0,1,0,5.480555534,0,0,3,465,576,1041,579,676,1255
15352,161183,1,1,14,14,1,1,1,5.49444437,0,0,3,474,602,1076,579,653,1232
15353,162184,0,0,19,21,0,1,1,5.488888741,0,1,3,NA,NA,NA,474,479,953
15356,164198,0,0,21,22,1,1,0,5.436110973,0,0,3,414,439,853,490,515,1005
15357,165199,0,0,19,22,0,1,0,5.441666603,0,0,4,440,536,976,536,572,1108
15358,164198,0,0,21,24,1,1,0,5.452777863,0,0,3,425,449,874,516,523,1039
15360,164198,1,1,13,13,1,1,1,5.469444275,0,0,3,463,506,969,533,567,1100
15361,164198,0,0,21,24,0,1,0,5.477777958,0,0,3,434,513,947,503,535,1038
15363,205492,0,0,23,29,1,0,1,5.38055563,0,1,2,436,547,983,454,495,949
15365,164198,0,0,21,24,1,1,0,5.358333111,0,0,3,436,444,880,512,553,1065
15367,168214,0,0,23,23,0,1,0,5.430555344,0,0,3,433,484,917,497,520,1017
15368,168214,0,0,22,25,1,1,0,5.430555344,0,0,3,443,536,979,533,578,1111
15369,168211,0,1,24,19,0,1,1,5.433333397,0,0,3,442,520,962,NA,532,NA
15370,168214,0,0,23,25,0,1,0,5.433333397,0,0,3,463,576,1039,629,542,1171
15371,168211,0,0,23,30,0,1,1,5.436110973,0,0,3,418,513,931,NA,515,NA
15372,168211,0,0,23,30,0,1,1,5.438889027,0,0,3,422,459,881,NA,578,NA
15374,168214,0,0,23,23,0,1,0,5.452777863,0,0,3,436,478,914,651,584,1235
15378,168211,0,0,24,29,1,1,1,5.480555534,0,0,3,472,559,1031,NA,572,NA
15379,168211,0,0,23,29,0,1,0,5.486111164,0,0,3,437,500,937,NA,553,NA
15380,168214,0,0,22,23,0,1,0,5.5,0,0,3,474,602,1076,651,567,1218
15381,168214,0,0,22,23,1,1,0,5.502777576,0,0,3,448,559,1007,651,584,1235
15382,168214,0,0,23,25,1,1,0,5.502777576,0,0,3,431,478,909,540,502,1042
15384,168214,1,1,14,17,1,1,0,5.413888931,0,0,3,483,626,1109,604,653,1257
15385,168211,1,1,16,19,0,1,0,5.416666508,0,0,3,478,513,991,NA,584,NA
15387,264945,0,1,23,17,1,1,0,5.422222137,0,0,2,431,473,904,480,523,1003
15388,169231,0,0,22,21,1,0,1,5.430555344,0,0,1,390,444,834,483,507,990
15389,169280,1,1,15,16,0,0,0,5.433333397,0,0,2,424,444,868,475,481,956
15390,169229,1,1,17,16,0,1,0,5.433333397,0,0,2,445,500,945,571,592,1163
15392,169229,0,0,25,21,1,1,0,5.436110973,0,0,2,439,463,902,564,572,1136
15396,262937,1,1,14,15,1,1,0,5.438889027,0,0,2,463,528,991,524,592,1116
15397,264945,1,1,15,17,1,1,0,5.438889027,0,0,2,431,484,915,509,529,1038
15402,169280,1,1,15,16,0,1,0,5.444444656,0,0,2,461,506,967,544,592,1136
15403,244728,0,1,17,13,1,0,1,5.447222233,0,0,1,425,463,888,501,538,1039
15405,216536,0,0,23,21,0,1,1,5.449999809,0,0,3,460,576,1036,533,567,1100
15406,169229,1,1,17,16,1,1,0,5.452777863,0,0,2,460,520,980,524,562,1086
15407,262937,1,1,13,15,1,1,0,5.452777863,0,0,2,437,520,957,629,612,1241
15410,169280,0,0,21,25,1,1,0,5.455555439,0,0,2,461,500,961,571,584,1155
15412,216536,0,0,22,24,0,1,0,5.458333492,0,0,3,445,478,923,519,553,1072
15413,169229,1,1,17,17,0,1,1,5.463889122,0,0,2,470,506,976,564,515,1079
15414,216536,0,0,22,22,0,1,0,5.472222328,0,0,3,445,513,958,604,553,1157
15415,169280,0,0,22,25,0,1,0,5.477777958,0,0,2,NA,NA,NA,487,518,1005
15416,169229,0,0,25,21,1,1,0,5.477777958,0,0,2,455,489,944,553,572,1125
15418,208501,0,0,22,24,0,1,0,5.480555534,0,0,3,NA,NA,NA,533,535,1068
15419,264945,0,0,23,27,0,1,0,5.486111164,0,0,2,NA,NA,NA,527,578,1105
15421,169219,0,0,20,22,0,1,0,5.49444437,0,0,2,461,626,1087,629,592,1221
15422,264945,0,0,24,26,0,1,0,5.5,0,0,2,428,506,934,507,507,1014
15425,169219,0,0,22,21,0,1,0,5.502777576,0,0,2,437,520,957,558,532,1090
15427,169219,1,1,13,17,1,1,0,5.372222424,0,0,2,460,506,966,571,578,1149
15431,259915,0,0,24,24,0,1,0,5.449999809,0,0,3,NA,NA,NA,453,470,923
15432,173312,0,0,22,22,0,1,0,5.422222137,0,0,3,492,547,1039,553,592,1145
15433,173312,1,1,14,16,0,1,0,5.425000191,0,0,3,487,528,1015,629,497,1126
15436,208503,0,1,24,13,0,1,0,5.536110878,0,0,3,419,473,892,509,526,1035
15440,180344,1,1,16,16,0,1,0,5.452777863,0,0,4,NA,NA,NA,544,553,1097
15441,180344,0,0,27,20,1,1,0,5.472222328,0,0,4,427,489,916,503,458,961
15444,180344,0,0,25,22,0,1,0,5.469444275,0,0,4,434,494,928,492,523,1015
15447,191411,1,1,13,16,1,1,0,5.394444466,0,0,3,439,459,898,463,488,951
15448,203457,0,0,19,23,1,1,0,5.433333397,0,0,3,448,454,902,521,526,1047
15449,161183,0,0,21,20,0,1,0,5.433333397,0,0,3,448,489,937,590,545,1135
15450,203457,0,0,16,24,1,1,0,5.455555439,0,0,3,434,459,893,629,520,1149
15451,203452,0,0,23,24,0,1,1,5.463889122,0,0,3,428,449,877,527,526,1053
15453,203452,0,0,23,22,0,1,1,5.480555534,0,0,3,414,423,837,495,502,997
15457,189382,1,1,14,17,1,1,0,5.436110973,0,0,2,478,520,998,604,578,1182
15458,189382,1,1,14,17,1,1,0,5.355555534,0,0,2,447,500,947,651,572,1223
15459,189396,1,1,17,15,0,1,0,5.358333111,0,0,3,413,454,867,472,505,977
15462,189396,1,1,17,15,0,1,0,5.377777576,0,0,3,447,473,920,505,545,1050
15463,189396,0,1,24,17,1,0,0,5.377777576,0,0,3,430,434,864,544,507,1051
15464,189382,1,1,13,17,0,1,0,5.391666889,0,0,2,447,459,906,507,515,1022
15465,189378,0,0,19,23,0,1,0,5.391666889,0,0,3,442,489,931,604,572,1176
15469,189382,0,0,24,22,1,1,0,5.411110878,0,0,2,463,484,947,530,572,1102
15470,218562,0,0,17,24,0,1,0,5.433333397,0,0,4,445,506,951,579,578,1157
15471,218562,0,0,17,24,1,1,0,5.386111259,0,0,4,434,439,873,548,477,1025
15472,123056,0,0,24,27,1,1,0,5.400000095,0,0,3,443,468,911,590,567,1157
15473,123056,0,0,24,27,0,1,0,5.405555725,0,0,3,450,489,939,512,567,1079
15474,191411,0,0,17,21,1,1,1,5.502777576,0,0,3,403,399,802,NA,NA,NA
15475,170295,1,1,13,18,1,1,0,5.447222233,0,0,3,425,423,848,590,592,1182
15476,201449,1,0,15,25,0,1,0,5.419444561,0,0,3,436,500,936,544,520,1064
15477,201449,0,1,22,17,1,1,0,5.449999809,0,0,3,416,459,875,590,549,1139
15478,201449,0,0,22,25,0,1,0,5.458333492,0,0,3,465,506,971,604,592,1196
15479,162184,0,0,20,20,0,1,1,5.480555534,0,0,3,445,494,939,651,592,1243
15480,162184,1,1,12,13,1,1,1,5.497222424,0,0,3,422,489,911,604,601,1205
15481,203452,1,1,16,17,1,1,0,5.419444561,0,0,3,470,536,1006,604,601,1205
15482,203452,0,0,21,23,0,1,0,5.466666698,0,0,3,497,576,1073,558,592,1150
15483,203457,0,0,16,24,0,0,1,5.466666698,0,0,3,455,473,928,519,500,1019
15484,203452,0,0,21,24,0,1,0,5.469444275,0,0,3,443,494,937,514,538,1052
15485,203452,1,1,16,17,0,1,0,5.49444437,0,0,3,463,513,976,629,567,1196
15486,212522,0,0,22,26,0,1,0,5.419444561,0,0,4,440,484,924,553,472,1025
15489,161183,0,0,23,20,0,1,0,5.422222137,0,0,3,447,489,936,651,542,1193
15490,203452,1,1,17,17,0,1,1,5.430555344,0,0,3,430,473,903,553,532,1085
15492,205491,0,1,22,17,1,1,0,5.449999809,0,1,2,497,494,991,629,562,1191
15499,161183,1,1,14,14,0,1,0,5.488888741,0,0,3,490,576,1066,629,592,1221
15500,205488,0,0,23,23,1,1,0,5.502777576,0,0,2,418,444,862,482,562,1044
15502,205491,1,1,14,17,0,1,0,5.433333397,0,0,2,455,602,1057,629,557,1186
15506,205491,0,0,23,18,1,0,0,5.455555439,0,0,2,455,547,1002,604,612,1216
15507,203457,1,1,12,15,0,1,0,5.455555439,0,0,3,NA,NA,NA,579,584,1163
15510,205490,0,0,24,24,0,0,1,5.472222328,0,0,1,402,449,851,499,567,1066
15512,128076,0,0,23,21,1,1,0,5.474999905,0,0,2,411,434,845,430,444,874
15513,212522,0,0,21,27,0,1,1,5.488888741,0,0,4,405,434,839,454,463,917
15516,128076,0,1,23,15,0,1,0,5.49444437,0,0,2,448,418,866,571,549,1120
15517,205491,0,0,22,18,0,1,0,5.497222424,0,0,2,430,463,893,571,545,1116
15519,128079,0,0,24,20,1,1,0,5.497222424,0,0,3,447,506,953,629,592,1221
15522,208501,1,1,14,20,0,1,1,5.427777767,0,0,3,393,459,852,NA,454,NA
15523,208501,0,0,22,23,0,1,0,5.433333397,0,0,3,478,528,1006,629,584,1213
15524,208501,0,0,22,24,1,1,0,5.444444656,0,0,3,NA,NA,NA,441,458,899
15527,259915,0,0,26,24,0,1,1,5.480555534,0,0,3,413,429,842,509,493,1002
15528,259915,0,0,26,24,0,1,0,5.436110973,0,0,3,453,528,981,540,584,1124
15531,209510,0,0,24,25,1,1,0,5.363888741,0,0,3,410,412,822,472,488,960
15532,209510,1,1,14,14,0,1,1,5.486111164,0,0,3,403,454,857,579,562,1141
15533,230612,1,1,16,15,0,1,1,5.394444466,0,0,3,448,478,926,472,502,974
15535,193423,1,1,17,14,1,0,0,5.436110973,0,0,3,NA,NA,NA,501,523,1024
15536,193423,0,1,22,15,0,0,1,5.441666603,0,0,3,410,454,864,521,500,1021
15537,215533,0,0,24,23,1,1,0,5.449999809,0,0,3,427,429,856,463,484,947
15538,193422,0,0,22,26,1,0,0,5.469444275,0,0,3,478,494,972,540,481,1021
15539,215533,0,0,23,22,1,1,0,5.472222328,0,0,3,440,626,1066,604,627,1231
15540,215533,1,1,17,16,1,1,0,5.472222328,0,0,3,458,484,942,604,529,1133
15542,193423,0,0,24,22,1,1,0,5.486111164,0,0,3,437,513,950,485,553,1038
15543,215533,0,0,24,23,1,1,0,5.488888741,0,0,3,442,520,962,527,578,1105
15544,215533,0,0,23,23,0,0,1,5.488888741,0,0,3,455,506,961,629,538,1167
15545,193423,0,0,22,19,0,1,0,5.491666794,0,0,3,448,513,961,540,529,1069
15546,159171,0,0,27,26,0,1,1,5.344444275,0,0,3,390,434,824,466,515,981
15547,215533,0,0,24,22,0,1,1,5.349999905,0,0,3,465,494,959,579,578,1157
15549,215533,0,0,23,22,1,1,1,5.36944437,0,0,3,434,559,993,501,584,1085
15550,193423,0,0,22,22,0,1,0,5.36944437,0,0,3,NA,NA,NA,536,538,1074
15551,215533,0,0,24,22,1,1,0,5.394444466,0,0,3,468,576,1044,571,612,1183
15552,215533,0,0,24,23,1,1,0,5.397222042,0,0,3,413,489,902,480,592,1072
15553,215533,0,0,24,23,1,1,0,5.400000095,0,0,3,448,506,954,530,502,1032
15554,215533,1,1,17,15,1,1,0,5.411110878,0,0,3,458,506,964,490,538,1028
15556,193423,0,0,24,22,1,0,1,5.413888931,0,0,3,424,489,913,462,515,977
15557,215533,0,0,23,23,1,1,0,5.413888931,0,0,3,453,547,1000,533,553,1086
15558,216536,1,1,17,14,0,1,0,5.458333492,0,0,3,422,478,900,544,502,1046
15559,180344,0,0,24,20,0,1,0,5.422222137,0,0,4,NA,NA,NA,558,553,1111
15562,215533,0,0,24,23,1,1,0,5.436110973,0,0,3,472,547,1019,579,627,1206
15563,193422,1,0,16,25,1,1,0,5.438889027,0,0,3,428,500,928,492,567,1059
15564,159171,0,0,24,23,1,1,0,5.438889027,0,0,3,NA,NA,NA,503,532,1035
15565,170295,0,0,22,22,1,1,0,5.441666603,0,0,3,445,494,939,564,549,1113
15566,159171,1,1,17,16,1,1,0,5.441666603,0,0,3,474,559,1033,564,562,1126
15567,159171,1,1,16,16,0,0,1,5.447222233,0,0,3,414,463,877,447,507,954
15568,159171,0,0,22,23,1,0,1,5.447222233,0,0,3,414,463,877,475,523,998
15571,230612,1,1,16,15,1,1,0,5.461111069,0,0,3,448,576,1024,487,545,1032
15572,215533,0,0,24,23,1,1,1,5.474999905,0,0,3,410,489,899,497,562,1059
15573,180344,1,1,16,16,1,0,0,5.483333111,0,0,4,436,489,925,530,520,1050
15574,159171,1,1,16,16,0,1,0,5.488888741,0,0,3,472,559,1031,521,612,1133
15575,159171,0,0,22,23,1,1,1,5.488888741,0,0,3,451,463,914,454,538,992
15576,193423,1,0,17,25,0,1,0,5.49444437,0,0,3,443,528,971,483,515,998
15577,193422,0,0,20,26,1,1,1,5.5,0,0,3,448,484,932,527,520,1047
15578,159171,0,0,27,23,1,1,0,5.502777576,0,0,3,428,473,901,530,601,1131
15580,170295,0,0,22,22,0,1,0,5.400000095,0,0,3,463,520,983,579,676,1255
15581,159171,0,0,24,23,1,1,0,5.400000095,0,0,3,NA,NA,NA,604,562,1166
15582,230612,1,0,16,23,0,1,1,5.402777672,0,0,3,453,484,937,439,477,916
15583,180344,1,1,16,16,1,1,1,5.402777672,0,0,4,418,463,881,NA,515,NA
15585,159171,1,1,17,16,1,1,0,5.416666508,0,0,3,458,559,1017,492,529,1021
15588,221571,1,1,16,14,0,1,0,5.425000191,0,0,3,431,506,937,514,532,1046
15589,209510,0,0,22,23,1,1,0,5.430555344,0,0,3,NA,NA,NA,553,562,1115
15590,221571,0,0,23,21,1,1,0,5.433333397,0,0,3,382,384,766,434,451,885
15591,221571,1,1,16,14,0,1,1,5.438889027,0,0,3,428,489,917,482,515,997
15592,209510,0,0,22,24,1,1,0,5.444444656,0,0,3,456,463,919,474,486,960
15593,221574,0,0,19,21,0,0,1,5.455555439,0,0,3,391,405,796,483,477,960
15594,209510,0,0,22,24,0,1,0,5.458333492,0,0,3,463,489,952,553,549,1102
15595,221574,1,1,13,13,0,1,0,5.463889122,0,0,3,NA,NA,NA,533,557,1090
15596,221571,1,1,16,14,1,0,0,5.472222328,0,0,3,411,449,860,501,510,1011
15597,221571,0,0,23,24,1,1,0,5.472222328,0,0,3,410,384,794,466,505,971
15598,221571,1,1,16,14,1,0,1,5.480555534,0,0,3,422,459,881,507,477,984
15599,221571,0,0,21,24,1,1,0,5.49444437,0,0,3,416,423,839,524,477,1001
15600,221571,0,0,21,21,1,1,0,5.49444437,0,0,3,405,429,834,488,518,1006
15601,208501,1,0,14,23,1,1,0,5.49444437,0,0,3,425,478,903,509,553,1062
15602,209510,0,0,22,25,0,1,0,5.5,0,0,3,431,463,894,512,495,1007
15603,212522,0,0,22,27,1,1,1,5.472222328,0,0,4,414,454,868,438,446,884
15604,225585,0,1,23,19,1,1,0,5.366666794,0,0,3,427,520,947,571,557,1128
15605,176329,0,0,23,23,1,1,1,5.5,0,0,3,451,473,924,604,553,1157
15606,231616,0,0,23,21,0,1,1,5.430555344,0,0,3,453,506,959,629,578,1207
15607,162184,0,0,20,20,0,1,0,5.461111069,0,0,3,436,468,904,514,557,1071
15608,231616,1,1,14,15,0,1,1,5.491666794,0,0,3,434,513,947,494,520,1014
15609,231616,1,1,14,15,0,1,1,5.491666794,0,0,3,434,513,947,471,535,1006
15610,230612,1,1,16,15,1,1,1,5.483333111,0,0,3,445,559,1004,519,567,1086
15611,162184,0,0,19,21,1,1,0,5.441666603,0,0,3,436,459,895,544,532,1076
15612,261927,0,0,23,21,1,1,0,5.441666603,0,0,3,425,484,909,527,512,1039
15613,130085,0,0,22,24,0,1,0,5.449999809,0,0,2,458,559,1017,564,627,1191
15614,234628,1,1,15,13,0,1,0,5.375,0,0,3,NA,NA,NA,604,557,1161
15615,234628,1,1,15,13,0,1,0,5.386111259,0,0,3,451,602,1053,651,653,1304
15616,234628,0,0,22,21,0,1,0,4.338889122,0,0,3,419,484,903,521,518,1039
15618,234628,1,1,16,13,0,1,0,5.38055563,0,0,3,440,513,953,571,562,1133
15619,164198,1,1,13,13,1,1,0,5.441666603,0,0,3,443,506,949,490,545,1035
15622,123056,0,0,23,25,1,1,1,5.461111069,0,0,3,448,489,937,530,601,1131
15624,123056,0,0,23,27,0,1,0,5.411110878,0,0,3,NA,489,NA,499,553,1052
15625,244776,1,1,15,17,1,0,0,5.425000191,0,0,1,447,520,967,558,526,1084
15626,166203,0,0,25,21,1,1,1,5.622222424,0,0,4,428,484,912,471,515,986
15628,244774,1,1,16,17,0,0,1,5.433333397,0,0,1,413,459,872,519,488,1007
15629,244745,1,1,15,18,0,1,1,5.436110973,0,0,2,465,559,1024,503,542,1045
15630,244831,0,0,22,24,0,1,0,5.438889027,0,0,2,433,500,933,527,538,1065
15635,244755,1,1,15,12,0,0,1,5.444444656,0,0,1,538,602,1140,544,601,1145
15637,244776,1,1,17,17,0,0,1,5.452777863,0,0,1,NA,NA,NA,482,515,997
15638,244806,0,0,25,22,0,0,1,5.455555439,0,0,1,451,506,957,474,477,951
15639,244723,0,0,26,23,0,0,1,5.455555439,0,0,1,393,454,847,459,470,929
15642,244727,0,0,21,23,1,0,0,5.466666698,0,0,2,403,429,832,468,486,954
15645,244727,0,0,21,21,0,0,0,5.480555534,0,0,2,427,468,895,468,515,983
15647,230612,0,0,23,23,0,1,0,5.372222424,0,0,3,451,536,987,548,567,1115
15648,244697,0,0,26,21,1,0,1,5.388888836,0,0,1,398,459,857,492,529,1021
15649,244780,1,1,17,17,0,0,1,5.408333302,0,0,1,NA,494,NA,454,479,933
15653,244755,0,0,20,23,0,0,1,5.127777576,0,0,1,437,484,921,527,518,1045
15654,252885,0,0,20,27,0,1,0,5.452777863,0,0,3,425,484,909,499,553,1052
15655,252885,0,0,20,27,1,1,0,5.466666698,0,0,3,455,489,944,536,557,1093
15656,252885,0,0,20,28,1,1,0,5.502777576,0,0,3,439,513,952,558,584,1142
15658,216536,0,0,24,23,0,1,0,5.455555439,0,0,3,445,513,958,553,572,1125
15659,216536,0,0,24,23,1,1,1,5.474999905,0,0,3,439,494,933,604,545,1149
15660,216536,0,0,23,21,1,1,0,5.477777958,0,0,3,410,478,888,499,542,1041
15661,257905,0,0,21,23,0,1,1,5.419444561,0,0,4,460,484,944,509,549,1058
15662,253888,0,0,18,20,1,1,1,5.425000191,0,0,3,418,449,867,472,486,958
15663,257899,0,0,23,23,1,1,0,5.427777767,0,0,3,418,423,841,469,490,959
15665,257905,1,1,12,15,1,1,1,5.455555439,0,0,4,439,494,933,454,557,1011
15666,257905,0,0,21,22,1,1,0,5.461111069,0,0,4,447,468,915,530,567,1097
15668,257905,0,0,21,22,1,1,0,5.466666698,0,0,4,445,444,889,564,592,1156
15669,257899,0,0,23,23,1,1,1,5.466666698,0,0,3,418,468,886,497,523,1020
15670,257905,0,0,21,22,0,0,0,5.469444275,0,0,4,443,459,902,503,515,1018
15672,253888,0,0,18,23,1,1,0,5.483333111,0,0,3,463,576,1039,651,562,1213
15673,257899,0,0,24,22,0,1,1,5.497222424,0,0,3,453,520,973,540,535,1075
15675,257899,0,0,23,22,1,1,1,5.5,0,1,3,437,478,915,469,486,955
15676,257905,0,0,22,22,1,1,0,5.5,0,0,4,425,449,874,469,502,971
15677,257899,0,0,24,23,1,1,1,5.372222424,0,0,3,447,528,975,579,601,1180
15678,253888,0,0,18,20,0,1,1,5.38055563,0,0,3,425,528,953,505,542,1047
15679,257905,0,0,22,22,1,1,0,5.391666889,0,0,4,451,500,951,571,545,1116
15681,257905,0,0,22,22,1,1,1,5.402777672,0,0,4,424,439,863,478,512,990
15682,257905,0,0,21,23,0,1,0,5.402777672,0,0,4,463,459,922,544,535,1079
15683,257905,0,0,21,22,0,1,0,5.402777672,0,0,4,492,494,986,564,572,1136
15685,257905,1,1,13,15,1,1,1,5.413888931,0,0,4,455,484,939,579,553,1132
15686,257899,0,0,25,22,1,1,0,5.413888931,0,0,3,434,494,928,488,549,1037
15687,257905,1,1,13,15,1,1,0,5.416666508,0,1,4,436,454,890,480,518,998
15689,261927,0,1,24,17,0,1,0,5.5,0,0,3,439,528,967,512,557,1069
15690,261927,0,0,24,21,0,1,0,5.397222042,0,0,3,476,576,1052,590,601,1191
15691,221574,0,0,19,21,1,1,0,5.425000191,0,0,3,416,478,894,490,523,1013
15692,221574,1,1,12,13,0,1,0,5.463889122,0,0,3,393,478,871,482,520,1002
15693,216536,0,0,22,22,1,1,0,5.449999809,0,0,3,410,520,930,482,572,1054
15694,252885,0,0,20,28,1,0,0,5.480555534,0,0,3,NA,NA,NA,478,484,962
15703,130085,1,1,13,17,1,1,0,5.561110973,0,1,2,450,528,978,516,567,1083
15706,205492,1,1,16,18,1,0,1,5.483333111,0,0,2,518,626,1144,530,592,1122
15710,161183,0,0,21,21,0,1,0,5.502777576,0,0,3,421,429,850,604,612,1216
15711,161176,1,0,16,27,1,1,1,5.511111259,0,0,3,407,513,920,442,512,954
15712,161183,0,0,23,20,1,1,1,5.513888836,0,0,3,410,429,839,478,518,996
15713,161183,0,0,23,23,1,1,0,5.561110973,0,0,3,448,489,937,564,562,1126
15714,161183,1,1,14,15,1,1,1,5.563889027,0,0,3,474,536,1010,558,627,1185
15715,161183,0,0,23,20,1,1,0,5.574999809,0,0,3,470,513,983,629,578,1207
15717,161176,0,0,24,27,1,1,0,5.580555439,0,0,3,418,484,902,530,538,1068
15718,161183,0,0,23,20,0,1,0,5.480555534,0,0,3,527,506,1033,651,584,1235
15719,161176,0,0,24,26,1,1,0,5.491666794,0,0,3,416,536,952,509,584,1093
15720,162184,0,0,19,20,1,1,1,5.566666603,0,0,3,430,484,914,558,572,1130
15723,166203,0,0,21,23,0,1,1,5.530555725,0,0,4,NA,NA,NA,NA,NA,NA
15724,166203,1,1,15,13,1,0,0,5.538888931,0,0,4,434,449,883,475,497,972
15726,112038,0,0,19,28,1,0,0,5.455555439,0,0,4,402,405,807,497,474,971
15727,165199,0,0,22,22,1,1,1,5.541666508,0,0,4,400,454,854,490,520,1010
15728,166203,0,0,25,21,1,0,1,5.544444561,0,0,4,411,454,865,485,507,992
15729,259915,0,0,24,24,0,1,0,5.577777863,0,0,3,425,536,961,604,562,1166
15730,123056,1,1,17,19,1,1,0,5.502777576,0,0,3,434,484,918,505,567,1072
15731,168214,0,0,23,23,1,1,1,5.502777576,0,0,3,492,536,1028,651,557,1208
15732,208503,1,1,14,13,0,1,0,5.558333397,0,0,3,428,489,917,497,529,1026
15733,208503,0,0,23,20,0,1,0,5.558333397,0,0,3,428,489,917,524,535,1059
15736,259915,1,1,14,14,0,1,0,5.552777767,0,0,3,451,520,971,492,572,1064
15737,168214,0,0,22,23,0,1,1,5.519444466,0,0,3,434,506,940,527,572,1099
15738,259915,0,1,24,14,1,1,0,5.566666603,0,0,3,413,429,842,454,505,959
15740,168211,1,1,16,17,0,1,0,5.547222137,0,0,3,463,536,999,NA,567,NA
15744,259915,1,1,14,14,1,1,0,5.627777576,0,0,3,428,444,872,564,502,1066
15747,161183,1,1,14,14,1,1,1,5.508333206,0,0,3,478,626,1104,651,612,1263
15748,169229,0,0,25,20,0,1,0,5.508333206,0,0,2,463,506,969,558,572,1130
15750,169219,0,0,22,22,1,1,0,5.508333206,0,0,2,408,454,862,536,532,1068
15751,264945,0,0,24,27,0,1,0,5.511111259,0,0,2,467,520,987,590,562,1152
15754,169229,1,1,17,16,1,1,0,5.516666889,0,0,2,463,559,1022,564,653,1217
15755,264945,0,0,22,26,1,1,0,5.516666889,0,0,2,447,528,975,571,557,1128
15757,169219,0,0,20,22,1,1,0,5.522222042,0,0,2,455,468,923,521,542,1063
15759,221571,1,1,15,15,0,1,0,5.527777672,0,0,3,NA,NA,NA,483,484,967
15760,264945,0,0,22,26,1,1,0,5.527777672,0,0,2,442,528,970,553,549,1102
15763,201449,0,0,21,25,1,1,0,5.533333302,0,0,3,497,576,1073,604,601,1205
15764,201449,0,0,22,25,1,0,0,5.533333302,0,0,3,428,463,891,579,584,1163
15765,252885,0,0,20,27,1,1,0,5.533333302,0,0,3,NA,NA,NA,579,545,1124
15770,169229,0,0,22,20,0,1,0,5.541666508,0,0,2,485,520,1005,604,578,1182
15771,169219,0,0,20,21,0,1,0,5.544444561,0,0,2,427,478,905,477,518,995
15773,264945,0,0,24,26,0,1,0,5.544444561,0,0,2,467,494,961,604,578,1182
15777,264945,1,1,15,17,0,1,0,5.550000191,0,0,2,458,520,978,558,549,1107
15778,264945,0,0,24,27,0,1,0,5.561110973,0,0,2,460,547,1007,604,601,1205
15780,169231,0,0,23,19,0,1,1,5.569444656,0,0,1,408,468,876,447,502,949
15781,264945,1,1,15,17,1,1,0,5.574999809,0,0,2,448,484,932,536,553,1089
15783,169280,1,1,15,17,0,1,0,5.577777863,0,0,2,418,484,902,456,518,974
15786,262937,0,0,19,23,0,1,0,5.580555439,0,0,2,580,626,1206,604,578,1182
15787,201449,0,0,22,24,1,1,0,5.580555439,0,0,3,456,528,984,629,572,1201
15790,209510,0,0,21,25,0,1,1,5.552777767,0,0,3,418,454,872,512,500,1012
15791,173312,1,1,14,16,1,1,0,5.541666508,0,0,3,492,547,1039,629,572,1201
15792,173312,0,0,22,22,1,0,0,5.544444561,0,0,3,410,405,815,475,495,970
15793,193422,0,0,20,25,0,1,0,5.552777767,0,0,3,450,520,970,519,562,1081
15794,173312,1,1,14,16,0,1,0,5.544444561,0,0,3,470,473,943,492,479,971
15797,180344,1,1,16,16,0,1,0,5.527777672,0,0,4,447,500,947,548,584,1132
15798,180344,0,0,24,22,1,1,1,5.530555725,0,0,4,437,449,886,509,520,1029
15799,180344,0,0,25,20,0,1,0,5.550000191,0,0,4,476,528,1004,604,526,1130
15801,203457,0,0,16,24,1,1,1,5.544444561,0,0,3,460,494,954,571,518,1089
15802,234628,0,0,23,22,0,1,0,5.552777767,0,0,3,497,547,1044,604,627,1231
15803,203457,1,1,12,15,0,1,1,5.555555344,0,1,3,433,454,887,604,545,1149
15804,191411,1,1,13,16,0,1,0,5.555555344,0,0,3,NA,NA,NA,521,495,1016
15805,203452,0,0,23,22,1,1,1,5.558333397,0,0,3,437,489,926,519,532,1051
15806,234628,0,0,24,21,0,1,0,5.427777767,0,0,3,455,494,949,564,542,1106
15807,189378,1,0,15,23,0,1,0,5.438889027,0,0,3,451,473,924,651,578,1229
15808,189382,0,0,23,22,0,1,0,5.438889027,0,0,2,470,513,983,579,545,1124
15810,189396,0,1,24,15,0,1,1,5.441666603,0,0,3,439,500,939,604,553,1157
15811,189396,1,1,17,15,1,1,0,5.447222233,0,0,3,NA,NA,NA,548,542,1090
15812,189396,0,0,24,20,0,1,1,5.449999809,0,0,3,413,429,842,482,479,961
15813,189382,0,0,23,22,1,1,0,5.452777863,0,0,2,448,463,911,590,515,1105
15815,189396,1,1,17,17,1,1,0,5.461111069,0,0,3,422,494,916,604,592,1196
15817,257899,0,0,25,22,1,1,0,5.594444275,0,0,3,430,463,893,519,523,1042
15818,189382,0,0,24,22,1,1,0,5.461111069,0,0,2,443,528,971,564,592,1156
15819,189378,1,1,15,15,0,1,0,5.466666698,0,0,3,411,478,889,533,553,1086
15820,189378,1,0,15,23,0,1,1,5.474999905,0,0,3,442,484,926,553,567,1120
15821,189396,0,0,25,21,0,1,0,5.477777958,0,0,3,421,459,880,564,490,1054
15822,189396,0,0,25,23,1,1,1,5.497222424,0,0,3,407,454,861,487,481,968
15826,189382,0,0,23,22,0,1,0,5.513888836,0,0,2,443,478,921,524,542,1066
15828,203457,0,0,16,24,1,1,1,5.525000095,0,1,3,460,520,980,544,535,1079
15832,170295,0,1,22,18,0,1,1,5.563889027,0,0,3,428,423,851,451,486,937
15834,201449,0,0,22,25,0,1,0,5.516666889,0,0,3,439,459,898,558,557,1115
15835,201449,1,1,14,17,1,1,0,5.561110973,0,0,3,463,513,976,544,592,1136
15837,162184,0,0,19,20,0,1,0,5.522222042,0,0,3,413,459,872,553,553,1106
15838,203452,1,1,16,17,0,1,0,5.516666889,0,0,3,554,513,1067,651,584,1235
15839,203452,0,0,23,23,1,1,1,5.525000095,0,0,3,419,444,863,509,545,1054
15840,203457,1,1,12,15,1,1,0,5.536110878,0,0,3,468,478,946,651,601,1252
15841,203452,1,1,17,17,1,1,1,5.547222137,0,0,3,398,454,852,544,515,1059
15842,212522,1,1,13,17,0,1,0,5.50555563,0,0,4,485,602,1087,651,601,1252
15843,128079,0,1,24,15,1,1,1,5.508333206,0,0,3,393,439,832,436,456,892
15844,128079,0,0,24,20,1,1,1,5.513888836,0,0,3,431,454,885,558,553,1111
15848,161183,0,0,21,20,0,1,0,5.527777672,0,0,3,490,528,1018,604,553,1157
15850,203452,0,0,23,24,1,1,0,5.536110878,0,0,3,NA,459,NA,544,545,1089
15852,161183,0,0,22,21,0,1,0,5.544444561,0,0,3,430,454,884,571,562,1133
15853,234628,0,0,22,21,0,1,0,5.563889027,0,0,3,419,489,908,521,572,1093
15856,205490,1,1,15,17,1,0,1,5.572222233,0,0,1,434,473,907,475,518,993
15857,212522,0,0,21,26,0,1,0,5.574999809,0,0,4,440,468,908,536,510,1046
15860,161183,1,1,14,15,1,1,0,5.583333492,0,0,3,474,626,1100,579,627,1206
15863,205492,0,0,23,29,1,0,0,5.513888836,0,0,2,434,454,888,471,520,991
15864,205490,0,0,24,24,1,0,1,5.516666889,0,1,1,391,418,809,501,578,1079
15865,205492,0,0,23,29,0,0,1,5.519444466,0,0,2,408,478,886,471,572,1043
15868,205488,0,1,24,15,1,1,0,5.525000095,0,0,2,442,494,936,495,538,1033
15875,205492,0,0,23,29,1,0,1,5.552777767,0,0,2,518,626,1144,442,515,957
15876,203457,0,0,19,23,1,1,0,5.561110973,0,0,3,450,468,918,544,562,1106
15877,203457,0,0,19,23,1,1,0,5.561110973,0,0,3,450,468,918,524,515,1039
15879,212522,0,0,23,26,1,1,1,5.563889027,0,0,4,430,500,930,544,520,1064
15880,244776,0,0,23,24,1,0,1,5.566666603,0,0,1,433,444,877,497,497,994
15882,130085,1,1,13,17,0,1,0,5.574999809,0,0,2,445,484,929,604,562,1166
15883,208501,0,1,22,17,1,1,0,5.672222137,0,0,3,419,468,887,487,515,1002
15885,208501,0,0,22,24,1,1,0,5.519444466,0,0,3,424,473,897,564,549,1113
15886,208503,1,1,14,13,1,1,1,5.522222042,0,0,3,407,444,851,474,493,967
15887,230612,0,0,22,20,0,1,0,5.527777672,0,0,3,451,506,957,548,578,1126
15892,208503,0,0,24,20,0,1,0,5.525000095,0,0,3,410,444,854,540,542,1082
15893,208501,1,1,15,20,1,1,1,5.533333302,0,0,3,447,489,936,533,545,1078
15894,208501,1,1,15,20,0,1,1,5.536110878,0,0,3,428,489,917,478,505,983
15895,221571,0,0,21,22,0,1,0,5.441666603,0,0,3,380,434,814,453,510,963
15896,208501,1,1,15,20,0,1,0,5.486111164,0,0,3,434,484,918,509,535,1044
15898,209510,0,0,22,23,1,1,1,5.555555344,0,0,3,514,484,998,604,562,1166
15901,212522,0,0,23,27,0,1,1,5.288888931,0,0,4,425,489,914,490,512,1002
15902,215533,0,0,24,23,1,1,1,5.502777576,0,0,3,495,547,1042,651,653,1304
15903,215533,0,0,24,23,0,1,0,5.516666889,0,0,3,474,626,1100,548,612,1160
15904,215533,1,1,14,15,1,1,0,5.527777672,0,0,3,NA,NA,NA,536,532,1068
15905,215533,0,0,23,23,1,1,1,5.566666603,0,0,3,470,576,1046,604,584,1188
15906,193422,0,0,20,26,0,1,1,5.572222233,0,0,3,424,528,952,509,529,1038
15907,193422,0,0,20,26,0,0,1,5.580555439,0,0,3,436,484,920,521,486,1007
15909,216536,0,0,24,24,0,1,0,5.552777767,0,0,3,445,489,934,527,532,1059
15911,193422,0,0,22,26,1,1,1,5.511111259,0,0,3,416,439,855,447,436,883
15912,180344,1,1,16,16,1,0,1,5.627777576,0,0,4,414,418,832,480,507,987
15913,193423,0,0,24,21,0,1,0,5.525000095,0,0,3,430,494,924,579,529,1108
15914,159171,0,0,22,26,1,1,0,5.527777672,0,0,3,510,547,1057,590,612,1202
15917,215533,0,0,24,22,1,1,1,5.536110878,0,0,3,414,520,934,505,553,1058
15918,180344,1,1,16,16,0,1,0,5.538888931,0,0,4,453,513,966,651,612,1263
15919,159171,0,0,24,26,1,1,0,5.538888931,0,0,3,500,500,1000,536,549,1085
15920,215533,0,0,24,23,0,0,1,5.541666508,0,0,3,403,423,826,483,500,983
15921,159171,1,1,17,15,0,0,0,5.544444561,0,0,3,461,500,961,524,529,1053
15922,170295,1,0,15,23,0,1,0,5.552777767,0,0,3,425,454,879,558,572,1130
15924,230612,0,0,23,20,0,1,1,5.558333397,0,0,3,434,506,940,488,512,1000
15926,170295,0,0,22,22,1,1,0,5.569444656,0,0,3,437,500,937,604,627,1231
15927,159171,1,1,16,15,0,0,1,5.577777863,0,0,3,413,468,881,436,474,910
15928,221574,0,0,19,22,1,1,1,5.502777576,0,0,3,434,478,912,495,529,1024
15931,221571,0,0,23,22,1,0,1,5.527777672,0,0,3,424,429,853,495,488,983
15932,221571,1,1,16,14,0,1,0,5.527777672,0,0,3,400,423,823,471,484,955
15934,209510,0,0,21,25,0,1,0,5.544444561,0,0,3,431,478,909,530,549,1079
15935,221571,0,0,23,21,1,0,1,5.550000191,0,0,3,393,423,816,503,505,1008
15936,208503,0,0,23,20,1,1,0,5.552777767,0,0,3,418,513,931,571,545,1116
15937,209510,0,0,24,23,0,1,0,5.558333397,0,0,3,424,494,918,530,549,1079
15938,230612,0,0,23,20,1,1,1,5.566666603,0,0,3,390,399,789,NA,474,NA
15940,221571,0,0,23,24,1,1,0,5.580555439,0,0,3,378,418,796,428,446,874
15941,212522,1,1,12,17,0,1,0,5.533333302,0,0,4,458,494,952,548,526,1074
15942,201449,0,0,22,25,1,1,1,5.530555725,0,0,3,428,463,891,558,542,1100
15943,225585,0,0,21,26,1,1,0,5.538888931,0,0,3,428,506,934,530,601,1131
15945,201449,1,1,15,15,0,1,1,5.455555439,0,0,3,465,528,993,558,567,1125
15949,225585,0,1,23,18,0,1,0,5.486111164,0,0,3,419,459,878,514,532,1046
15950,225585,0,0,22,26,0,1,0,5.486111164,0,0,3,419,459,878,521,507,1028
15952,225585,1,1,13,19,1,1,0,5.386111259,0,0,3,497,484,981,651,584,1235
15953,225585,0,0,23,26,1,1,0,5.497222424,0,0,3,407,449,856,421,441,862
15956,231616,0,0,23,25,1,1,1,5.502777576,0,0,3,442,468,910,564,567,1131
15957,261927,0,0,22,21,0,1,0,5.502777576,0,0,3,450,520,970,629,553,1182
15960,261927,1,1,16,17,0,1,1,5.472222328,0,0,3,430,500,930,490,526,1016
15962,261927,0,0,24,21,1,1,0,5.486111164,0,0,3,430,468,898,558,518,1076
15963,234628,0,0,23,21,0,1,1,5.433333397,0,0,3,445,478,923,553,572,1125
15964,168211,1,1,16,17,1,1,1,5.491666794,0,0,3,436,439,875,NA,515,NA
15967,244727,0,0,21,23,1,0,0,5.508333206,0,0,2,428,463,891,558,549,1107
15968,244776,1,1,15,17,1,0,1,5.508333206,0,0,1,NA,NA,NA,536,584,1120
15969,193422,1,1,16,18,1,1,1,5.511111259,0,0,3,411,513,924,462,523,985
15971,218562,1,1,13,14,0,1,0,5.655555725,0,0,4,456,468,924,527,567,1094
15972,218562,1,1,13,14,0,1,1,5.658333302,0,0,4,398,449,847,466,520,986
15973,218562,1,1,13,14,1,1,0,5.697222233,0,0,4,431,463,894,579,562,1141
15974,218562,1,1,13,14,1,1,1,5.669444561,0,0,4,393,418,811,NA,NA,NA
15979,244839,0,0,23,24,1,0,0,5.527777672,0,0,2,NA,463,NA,492,532,1024
15980,244796,1,0,12,17,0,0,1,5.530555725,0,0,1,418,454,872,474,493,967
15983,244776,0,0,24,22,0,0,1,5.533333302,0,0,1,447,520,967,477,451,928
15984,244708,0,1,24,17,1,0,1,5.533333302,0,0,1,407,439,846,NA,NA,NA
15985,244776,1,1,15,17,1,0,1,5.533333302,0,0,1,413,449,862,480,479,959
15987,244728,0,0,20,22,0,0,1,5.536110878,0,0,1,419,478,897,463,479,942
15989,244697,0,0,27,19,0,0,1,5.538888931,0,0,1,419,444,863,447,481,928
15991,244839,1,1,15,17,0,0,0,5.708333492,0,0,2,422,468,890,527,520,1047
15992,228606,0,0,25,22,0,1,0,5.666666508,0,0,3,425,478,903,564,553,1117
15999,244697,0,0,27,20,0,0,1,5.463889122,0,0,1,421,434,855,426,470,896
16000,244708,0,0,21,24,1,0,1,5.466666698,0,0,1,388,392,780,442,484,926
16001,244801,1,0,16,24,1,0,0,5.469444275,0,0,2,418,473,891,444,500,944
16002,244728,0,1,20,13,0,0,1,5.472222328,0,0,1,418,463,881,482,479,961
16004,244776,0,0,24,22,0,0,1,5.483333111,0,0,1,434,494,928,487,470,957
16006,244697,0,0,26,20,0,0,1,5.488888741,0,0,1,NA,412,NA,507,523,1030
16007,244697,0,0,27,19,1,0,1,5.491666794,0,0,1,398,459,857,509,490,999
16013,244774,0,0,26,20,1,0,1,5.502777576,0,0,1,NA,NA,NA,454,523,977
16014,244839,1,1,16,17,0,0,1,5.338889122,0,0,2,463,559,1022,548,557,1105
16015,244776,0,0,24,22,1,0,1,5.358333111,0,0,1,NA,NA,NA,451,433,884
16016,244697,0,0,27,21,1,0,1,5.36944437,0,0,1,421,478,899,460,515,975
16017,244831,1,1,17,15,0,0,1,5.413888931,0,0,2,413,429,842,533,510,1043
16019,244697,0,0,26,20,1,0,1,5.177777767,0,0,1,NA,506,NA,579,601,1180
16020,244723,0,0,26,22,1,0,1,5.213889122,0,0,1,413,449,862,NA,NA,NA
16021,244755,0,1,22,14,1,0,1,5.247222424,0,0,1,434,434,868,497,505,1002
16023,252885,0,0,20,27,1,1,0,5.511111259,0,0,3,NA,NA,NA,477,484,961
16025,252885,0,0,20,27,0,1,0,5.530555725,0,0,3,422,449,871,478,515,993
16026,252885,0,0,20,28,0,1,0,5.566666603,0,0,3,507,506,1013,604,653,1257
16028,259915,0,1,26,14,0,1,NA,5.669444561,NA,0,3,436,494,930,494,NA,NA
16029,259915,0,0,24,24,1,1,1,5.680555344,0,0,3,NA,NA,NA,472,479,951
16030,259915,0,1,24,14,1,1,0,5.702777863,0,0,3,439,473,912,527,538,1065
16031,252885,0,0,20,27,0,1,0,5.538888931,0,0,3,418,506,924,454,486,940
16032,252885,0,0,20,27,1,1,0,5.511111259,0,0,3,448,506,954,651,592,1243
16033,165199,1,1,13,14,1,1,0,5.519444466,0,0,4,490,626,1116,604,653,1257
16037,257899,0,0,23,22,0,1,1,5.508333206,0,0,3,402,463,865,503,484,987
16039,257899,1,1,17,13,0,1,1,5.513888836,0,0,3,463,536,999,629,601,1230
16040,257899,1,1,17,13,1,1,0,5.516666889,0,0,3,405,459,864,509,505,1014
16041,257905,1,1,13,15,0,1,1,5.519444466,0,0,4,448,506,954,536,557,1093
16042,257899,0,0,23,22,1,1,0,5.527777672,0,0,3,458,468,926,519,512,1031
16043,253888,1,1,13,13,0,1,1,5.527777672,0,0,3,NA,473,NA,553,562,1115
16044,257905,0,1,21,15,1,1,0,5.530555725,0,0,4,447,463,910,548,510,1058
16045,257899,0,0,25,22,0,1,0,5.530555725,0,0,3,NA,NA,NA,651,553,1204
16046,257905,0,0,21,22,0,1,0,5.530555725,0,0,4,470,500,970,514,507,1021
16047,257905,1,1,13,15,1,1,1,5.544444561,0,0,4,421,484,905,482,526,1008
16049,257899,1,1,16,15,1,1,0,5.547222137,0,1,3,433,473,906,521,578,1099
16050,257905,0,0,21,23,0,1,1,5.552777767,0,0,4,472,463,935,579,567,1146
16051,253888,0,0,18,23,1,1,0,5.555555344,0,0,3,425,444,869,519,526,1045
16052,253888,0,0,17,23,0,1,0,5.569444656,0,0,3,NA,NA,NA,590,572,1162
16053,257905,1,1,13,15,1,1,1,5.577777863,0,0,4,430,444,874,488,479,967
16054,257905,0,0,21,22,1,1,0,5.580555439,0,0,4,427,454,881,521,518,1039
16056,259915,0,0,26,24,1,1,1,5.50555563,0,0,3,433,528,961,524,545,1069
16057,193422,0,0,20,26,0,1,1,5.544444561,0,0,3,437,478,915,571,518,1089
16060,216536,1,1,17,14,1,1,1,5.583333492,0,0,3,424,484,908,564,572,1136
16061,252885,0,0,20,27,1,1,0,5.577777863,0,0,3,433,520,953,471,507,978
16062,161183,0,0,23,23,0,1,0,5.586111069,0,0,3,445,513,958,533,538,1071
16063,212522,0,0,23,26,1,1,0,5.536110878,0,0,4,425,484,909,507,488,995
16064,234628,0,0,22,21,1,1,0,5.572222233,0,0,3,476,478,954,651,562,1213
16065,112038,1,1,16,17,0,0,1,5.588889122,0,0,4,391,418,809,478,484,962
16066,166203,0,0,21,21,0,0,1,5.594444275,0,0,4,414,423,837,444,465,909
16068,128076,0,0,24,21,1,1,0,5.591666698,0,1,2,428,513,941,492,567,1059
16072,128076,0,0,24,21,0,1,0,5.644444466,0,0,2,416,454,870,483,529,1012
16074,128076,1,1,13,14,1,1,0,5.583333492,0,0,2,450,489,939,629,601,1230
16075,169229,0,0,25,20,0,1,0,5.616666794,0,0,2,437,520,957,590,549,1139
16076,159171,0,0,27,26,0,1,1,5.566666603,0,0,3,448,513,961,509,578,1087
16079,161183,0,0,23,21,1,1,1,5.605555534,0,0,3,437,484,921,629,584,1213
16080,161183,1,1,14,15,1,1,0,5.605555534,0,0,3,472,520,992,590,592,1182
16081,161176,0,0,24,26,1,1,0,5.61944437,0,0,3,393,423,816,456,488,944
16082,161176,1,1,16,17,1,1,0,5.63055563,0,0,3,416,454,870,NA,486,NA
16084,162184,0,0,19,20,0,1,1,5.613888741,0,1,3,388,449,837,469,474,943
16085,112038,0,0,19,28,1,1,1,5.594444275,0,0,4,414,484,898,540,515,1055
16087,164198,0,0,21,24,0,1,0,5.633333206,0,0,3,421,449,870,553,515,1068
16088,166203,1,1,15,13,1,1,0,5.563889027,0,0,4,NA,NA,NA,571,612,1183
16089,164198,1,1,13,13,0,1,0,5.633333206,0,1,3,403,473,876,NA,518,NA
16090,165199,1,1,13,14,1,1,0,5.647222042,0,0,4,450,559,1009,519,549,1068
16091,164198,0,0,21,23,0,1,0,5.652777672,0,0,3,430,478,908,519,526,1045
16092,166203,0,0,25,23,1,1,1,5.552777767,0,0,4,400,429,829,456,484,940
16093,168211,0,1,24,19,0,1,1,5.586111069,0,0,3,410,444,854,NA,557,NA
16094,168214,0,0,22,25,0,1,0,5.588889122,0,0,3,421,459,880,438,507,945
16096,123056,1,1,17,19,0,1,0,5.608333111,0,0,3,422,484,906,536,532,1068
16099,168211,0,0,24,29,0,1,1,5.616666794,0,0,3,403,459,862,NA,490,NA
16100,168214,1,1,14,17,1,1,0,5.627777576,0,0,3,487,547,1034,571,612,1183
16102,168214,0,0,23,25,0,1,0,5.641666889,0,0,3,468,520,988,590,542,1132
16104,168211,1,1,16,17,0,1,0,5.647222042,0,0,3,433,473,906,NA,518,NA
16105,123056,0,0,24,25,0,1,0,5.658333302,0,0,3,425,494,919,497,535,1032
16108,168211,0,0,23,30,1,1,0,5.572222233,0,0,3,436,500,936,NA,529,NA
16109,168211,0,0,24,29,0,1,0,5.658333302,0,0,3,414,489,903,NA,505,NA
16111,252885,1,1,14,17,0,1,0,5.588889122,0,0,3,460,513,973,516,535,1051
16113,264945,1,1,15,17,0,1,0,5.588889122,0,0,2,445,513,958,571,557,1128
16114,201449,0,0,21,25,0,1,0,5.591666698,0,0,3,461,536,997,553,557,1110
16118,112038,0,0,19,28,0,1,0,5.602777958,0,0,4,410,454,864,451,479,930
16119,112038,0,0,19,28,0,1,0,5.602777958,0,0,4,410,454,864,488,505,993
16125,209510,0,0,21,24,0,1,0,5.611111164,0,0,3,430,463,893,499,512,1011
16127,169231,0,0,22,21,0,0,1,5.611111164,0,0,1,418,513,931,524,562,1086
16128,201449,0,0,22,25,0,1,1,5.627777576,0,0,3,419,418,837,519,518,1037
16129,169229,0,0,22,21,0,1,0,5.616666794,0,0,2,495,528,1023,604,553,1157
16130,169280,0,0,21,25,0,1,0,5.622222424,0,0,2,453,494,947,564,612,1176
16131,225585,0,0,23,26,0,1,0,5.622222424,0,0,3,455,520,975,571,572,1143
16132,264945,1,1,15,17,0,1,0,5.711111069,0,0,2,532,547,1079,604,592,1196
16134,201449,0,0,21,25,1,1,0,5.627777576,0,0,3,NA,NA,NA,524,512,1036
16137,169231,0,0,22,19,0,0,1,5.636111259,0,0,1,411,478,889,492,526,1018
16143,169280,0,1,22,17,1,1,1,5.647222042,0,0,2,427,459,886,475,532,1007
16145,201449,1,1,14,17,0,1,0,5.652777672,0,0,3,470,520,990,604,549,1153
16146,169229,0,0,25,20,1,1,0,5.655555725,0,0,2,480,520,1000,604,567,1171
16150,252885,0,0,20,27,1,1,0,5.661110878,0,0,3,439,513,952,494,518,1012
16153,169229,1,1,17,17,1,1,0,5.669444561,0,0,2,518,626,1144,590,545,1135
16154,262937,0,1,19,15,0,1,0,5.669444561,0,0,2,451,536,987,553,553,1106
16156,264945,0,0,22,26,1,1,0,5.525000095,0,0,2,450,536,986,571,535,1106
16157,169219,0,1,22,17,0,1,0,5.538888931,0,0,2,418,494,912,487,553,1040
16159,170295,0,0,22,23,0,1,0,5.586111069,0,0,3,483,520,1003,590,592,1182
16162,173312,0,0,22,21,0,1,0,5.652777672,0,0,3,480,602,1082,571,601,1172
16163,173312,0,0,22,21,1,1,1,5.658333302,0,0,3,NA,NA,NA,507,584,1091
16164,173312,0,0,22,22,0,1,0,5.666666508,0,0,3,472,478,950,512,523,1035
16166,166203,0,0,21,23,0,1,0,5.547222137,0,0,4,403,444,847,459,495,954
16168,180344,1,1,16,16,0,1,0,5.641666889,0,0,4,437,494,931,558,545,1103
16169,180344,0,0,24,21,1,0,1,5.616666794,0,0,4,421,439,860,NA,NA,NA
16170,180344,0,0,25,22,0,0,1,5.666666508,0,0,4,427,444,871,512,493,1005
16171,208501,1,1,14,20,1,1,0,5.627777576,0,0,3,436,454,890,516,502,1018
16173,203457,0,0,19,23,1,1,0,5.599999905,0,0,3,442,494,936,544,510,1054
16174,203457,1,1,12,15,0,1,0,5.616666794,0,0,3,448,484,932,579,562,1141
16175,203452,0,0,23,23,1,1,0,5.625,0,0,3,447,473,920,544,515,1059
16179,189378,0,0,20,23,1,1,1,5.655555725,0,1,3,427,473,900,527,553,1080
16180,189396,0,0,24,20,0,1,0,5.511111259,0,0,3,408,494,902,544,518,1062
16181,189382,0,0,24,22,0,1,0,5.516666889,0,0,2,458,513,971,579,532,1111
16182,189378,0,0,19,23,0,1,0,5.525000095,0,0,3,430,520,950,536,553,1089
16183,189382,0,0,23,22,0,1,0,5.527777672,0,0,2,NA,NA,NA,512,502,1014
16184,218562,0,0,17,24,0,1,1,5.530555725,0,0,4,425,478,903,548,490,1038
16185,168211,0,0,24,30,0,1,1,7.074999809,0,0,3,413,418,831,NA,481,NA
16186,123056,1,1,17,19,1,1,0,5.533333302,0,0,3,453,520,973,519,572,1091
16187,189382,1,1,13,17,0,1,0,5.552777767,0,0,2,460,484,944,629,532,1161
16189,189382,0,0,24,22,1,1,0,5.558333397,0,1,2,627,576,1203,651,653,1304
16190,189396,0,1,25,17,1,1,1,5.563889027,0,0,3,424,423,847,453,507,960
16192,189382,1,1,13,17,1,1,0,5.574999809,0,0,2,402,439,841,505,505,1010
16193,189382,0,0,24,22,0,1,0,5.466666698,0,0,2,451,602,1053,590,549,1139
16195,218562,0,0,17,24,1,1,0,5.602777958,0,0,4,402,454,856,469,505,974
16196,218562,0,0,17,24,1,1,0,5.605555534,0,0,4,490,602,1092,NA,627,NA
16199,189396,1,1,17,17,1,1,0,5.650000095,0,0,3,NA,NA,NA,604,584,1188
16200,189382,0,0,24,22,0,1,0,5.558333397,0,0,2,445,468,913,530,500,1030
16201,191411,1,1,13,16,0,1,0,5.602777958,0,0,3,436,547,983,466,481,947
16202,191411,0,0,19,22,0,1,0,5.63055563,0,0,3,422,454,876,533,542,1075
16203,191411,0,0,19,21,1,1,1,5.574999809,0,0,3,398,423,821,NA,NA,NA
16204,170295,0,0,22,22,1,1,0,5.594444275,0,0,3,445,500,945,521,592,1113
16205,230612,0,0,22,20,1,1,1,5.605555534,0,0,3,436,602,1038,558,601,1159
16206,170295,0,0,22,23,0,1,1,5.638888836,0,0,3,425,439,864,459,497,956
16207,170295,0,0,22,23,1,1,1,5.666666508,0,0,3,427,412,839,651,567,1218
16208,215533,1,1,14,15,0,0,1,5.669444561,0,0,3,414,439,853,490,510,1000
16210,201449,1,1,15,17,0,1,0,5.636111259,0,0,3,465,528,993,548,538,1086
16211,201449,1,1,14,15,0,1,0,5.566666603,0,0,3,468,528,996,564,542,1106
16212,162184,0,0,20,21,0,1,1,5.663888931,0,0,3,403,484,887,441,502,943
16213,203452,1,1,16,17,0,1,1,5.599999905,0,0,3,442,459,901,465,495,960
16215,203452,0,0,19,23,0,1,1,5.627777576,0,0,3,NA,NA,NA,544,523,1067
16216,203452,0,0,19,22,0,1,1,5.641666889,0,0,3,403,418,821,454,493,947
16217,203457,0,0,16,23,0,1,0,5.658333302,0,0,3,456,494,950,579,512,1091
16218,203452,0,0,19,22,0,1,0,5.666666508,0,0,3,443,463,906,571,535,1106
16221,161183,1,1,14,15,0,1,0,5.597222328,0,0,3,514,602,1116,629,612,1241
16222,161176,1,1,17,17,1,1,0,5.597222328,0,0,3,413,449,862,472,481,953
16223,205488,0,0,23,19,0,1,0,5.61944437,0,0,2,447,454,901,507,523,1030
16227,205488,0,0,24,23,1,1,0,5.661110878,0,0,2,436,520,956,497,535,1032
16229,205491,1,1,15,17,0,1,0,5.591666698,0,0,2,434,478,912,604,562,1166
16230,203452,0,0,23,24,1,1,0,5.591666698,0,0,3,419,468,887,521,523,1044
16231,257899,1,1,16,15,0,1,0,5.594444275,0,0,3,414,423,837,507,500,1007
16232,234628,0,0,22,21,0,1,0,5.605555534,0,0,3,419,506,925,475,538,1013
16233,128079,0,0,24,23,1,1,0,5.611111164,0,0,3,384,429,813,488,500,988
16237,128076,0,0,24,21,0,1,0,5.627777576,0,0,2,403,439,842,460,505,965
16239,128079,1,1,16,15,0,1,0,5.636111259,0,0,3,554,559,1113,NA,592,NA
16240,161183,0,0,21,21,1,1,1,5.638888836,0,0,3,448,489,937,590,572,1162
16241,205492,0,0,23,29,1,0,1,5.641666889,0,0,2,411,536,947,478,510,988
16243,205490,1,1,15,17,1,0,1,5.644444466,0,0,1,413,429,842,445,465,910
16246,128076,1,1,13,14,1,1,0,5.655555725,0,0,2,418,463,881,530,526,1056
16247,128079,0,1,21,16,0,1,0,5.655555725,0,0,3,433,478,911,564,545,1109
16249,208503,0,0,24,20,1,1,0,5.586111069,0,0,3,414,484,898,548,549,1097
16250,208501,1,1,15,20,1,1,1,5.588889122,0,0,3,408,444,852,445,484,929
16252,208501,0,0,22,24,0,1,0,5.597222328,0,0,3,414,484,898,590,557,1147
16253,208501,1,1,14,20,1,1,0,5.605555534,0,0,3,NA,NA,NA,471,535,1006
16254,208503,0,0,23,20,1,1,0,5.611111164,0,0,3,413,418,831,533,538,1071
16256,208501,1,1,14,20,0,1,0,5.633333206,0,0,3,436,468,904,494,526,1020
16257,208503,0,0,23,20,0,1,1,5.636111259,0,0,3,NA,NA,NA,519,495,1014
16259,259915,1,1,14,14,0,1,0,5.644444466,0,0,3,391,468,859,487,479,966
16260,221571,1,1,15,15,0,1,0,5.647222042,0,0,3,397,412,809,460,479,939
16261,259915,0,1,26,14,0,1,0,5.652777672,0,0,3,437,559,996,579,627,1206
16263,209510,0,0,22,23,0,1,0,5.591666698,0,0,3,463,489,952,651,567,1218
16266,208501,1,0,14,24,1,1,0,5.605555534,0,0,3,422,494,916,540,529,1069
16267,208501,1,1,15,17,1,1,1,5.627777576,0,0,3,467,506,973,430,444,874
16269,208501,1,1,14,17,0,1,1,5.730555534,0,0,3,447,494,941,527,512,1039
16270,208501,1,1,14,20,0,1,NA,5.152777672,NA,0,3,NA,NA,NA,558,515,1073
16271,230612,1,1,16,15,0,1,1,5.594444275,0,0,3,460,520,980,530,553,1083
16272,209510,0,0,22,24,1,1,1,5.613888741,0,0,3,455,478,933,463,529,992
16273,209510,0,0,24,23,0,1,0,5.641666889,0,0,3,436,434,870,629,592,1221
16274,209510,1,1,14,14,0,1,0,5.613888741,0,0,3,410,494,904,521,505,1026
16277,212522,1,1,12,16,1,1,0,5.605555534,0,0,4,403,429,832,441,444,885
16280,228606,1,1,16,14,0,1,0,5.602777958,0,0,3,470,576,1046,651,612,1263
16281,215533,0,0,23,23,0,1,0,5.513888836,0,0,3,458,547,1005,579,532,1111
16282,215533,0,0,24,23,0,1,0,5.577777863,0,0,3,458,506,964,590,584,1174
16283,193423,0,0,24,22,1,1,1,5.555555344,0,0,3,425,449,874,438,477,915
16285,159171,1,1,16,15,1,1,1,5.599999905,0,0,3,437,484,921,460,497,957
16286,259915,0,0,26,24,0,1,1,5.522222042,0,0,3,439,478,917,521,490,1011
16287,159171,0,0,24,26,0,1,1,5.611111164,0,0,3,487,559,1046,571,578,1149
16288,159171,0,0,27,23,0,0,1,5.613888741,0,0,3,458,473,931,434,444,878
16289,159171,1,1,16,15,0,1,0,5.622222424,0,0,3,448,520,968,571,529,1100
16290,159171,0,0,27,26,1,1,1,5.622222424,0,0,3,458,500,958,604,612,1216
16291,193423,1,1,16,15,1,1,0,5.622222424,0,0,3,445,520,965,629,515,1144
16292,159171,0,0,24,23,0,1,0,5.627777576,0,0,3,476,547,1023,544,557,1101
16293,159171,0,0,22,26,0,1,0,5.627777576,0,0,3,503,547,1050,571,538,1109
16294,180344,0,0,25,21,1,1,0,5.633333206,0,0,4,424,468,892,495,557,1052
16295,180344,0,0,24,22,0,1,0,5.636111259,0,0,4,436,489,925,553,529,1082
16297,193423,1,1,17,15,0,1,1,5.641666889,0,0,3,468,489,957,533,538,1071
16298,215533,1,1,14,16,0,1,0,5.641666889,0,0,3,450,500,950,558,549,1107
16300,159171,0,0,24,23,0,0,1,5.644444466,0,0,3,500,494,994,540,523,1063
16302,159171,0,0,24,23,0,1,0,5.647222042,0,0,3,605,576,1181,629,601,1230
16304,193422,0,0,22,25,1,1,0,5.655555725,0,0,3,463,559,1022,564,584,1148
16305,193423,1,0,16,23,0,1,1,5.569444656,0,0,3,421,418,839,445,444,889
16306,170295,0,0,22,23,0,1,0,5.583333492,0,0,3,442,494,936,571,562,1133
16308,221571,1,1,16,15,1,1,0,5.597222328,0,0,3,405,384,789,436,465,901
16309,221571,0,0,23,24,1,1,0,5.599999905,0,0,3,382,423,805,430,474,904
16312,221574,0,0,20,22,1,1,0,5.613888741,0,0,3,411,468,879,544,512,1056
16313,209510,1,1,14,14,0,1,0,5.61944437,0,0,3,455,528,983,530,507,1037
16314,221571,0,0,21,22,0,1,1,5.63055563,0,0,3,436,494,930,527,549,1076
16318,221574,1,1,12,13,0,1,0,5.666666508,0,0,3,428,506,934,564,557,1121
16320,225585,0,1,23,18,1,1,1,5.588889122,0,0,3,443,536,979,604,592,1196
16321,225585,0,0,21,26,1,1,1,5.613888741,0,0,3,416,528,944,492,538,1030
16322,225585,1,1,13,18,1,1,0,5.633333206,0,0,3,436,500,936,477,562,1039
16323,225585,0,0,21,26,1,1,0,5.669444561,0,0,3,NA,NA,NA,509,553,1062
16325,225585,1,1,13,18,0,1,0,5.550000191,0,0,3,430,473,903,558,562,1120
16326,225585,0,1,22,19,0,1,0,5.552777767,0,0,3,465,602,1067,519,549,1068
16327,162184,0,0,19,21,1,1,1,5.586111069,0,0,3,408,454,862,465,549,1014
16328,231616,1,1,14,15,1,1,0,5.597222328,0,0,3,398,454,852,457,479,936
16329,231616,0,0,23,25,1,1,0,5.669444561,0,0,3,428,559,987,571,612,1183
16330,261927,0,0,22,21,0,1,0,5.586111069,0,0,3,461,478,939,462,486,948
16332,261927,0,0,22,21,0,1,0,5.608333111,0,0,3,431,500,931,495,497,992
16333,261927,0,0,23,21,0,1,0,5.613888741,0,0,3,461,478,939,571,538,1109
16334,261927,0,0,22,21,1,1,1,5.63055563,0,0,3,395,489,884,463,497,960
16335,162184,1,1,12,14,1,1,0,5.633333206,0,0,3,402,449,851,487,523,1010
16336,261927,1,1,16,17,1,1,0,5.638888836,0,0,3,424,536,960,509,526,1035
16337,231616,1,1,14,15,1,1,0,5.550000191,0,0,3,492,559,1051,579,592,1171
16338,261927,1,1,16,17,1,1,1,5.555555344,0,0,3,413,500,913,530,529,1059
16339,234628,1,1,15,13,1,1,0,5.638888836,0,0,3,458,559,1017,571,572,1143
16340,189396,1,1,17,17,1,1,1,5.538888931,0,0,3,422,463,885,462,495,957
16341,208501,0,0,22,24,1,1,0,5.586111069,0,0,3,456,506,962,651,612,1263
16343,169229,1,1,17,16,0,0,0,5.669444561,0,0,2,422,468,890,629,578,1207
16344,261927,0,0,24,21,0,1,0,5.574999809,0,0,3,421,449,870,530,542,1072
16345,168211,0,0,23,30,0,1,0,5.627777576,0,0,3,450,528,978,NA,572,NA
16347,169229,0,0,25,22,0,1,0,5.586111069,0,0,2,455,536,991,629,578,1207
16348,244806,1,1,14,15,0,0,0,5.586111069,0,0,1,NA,NA,NA,590,515,1105
16349,244831,1,1,17,15,1,0,1,5.588889122,0,0,2,470,576,1046,579,612,1191
16350,244774,1,1,16,17,1,0,0,5.588889122,0,0,1,428,528,956,482,507,989
16353,259915,0,0,24,24,0,1,0,5.733333111,0,0,3,427,489,916,490,518,1008
16354,259915,1,1,14,14,0,1,0,5.741666794,0,0,3,440,484,924,590,549,1139
16357,208501,1,0,14,23,0,1,0,5.763888836,0,0,3,434,489,923,521,567,1088
16358,208503,1,1,14,13,0,1,0,5.786110878,0,0,3,428,478,906,512,592,1104
16359,244774,0,0,26,26,1,0,1,5.602777958,0,0,1,416,484,900,453,454,907
16360,244774,0,0,26,24,0,0,1,5.605555534,0,0,1,437,513,950,466,458,924
16361,244831,1,1,17,15,1,0,0,5.605555534,0,0,2,443,506,949,519,529,1048
16362,244799,1,1,14,16,0,0,0,5.608333111,0,0,2,442,559,1001,629,627,1256
16363,244697,0,0,27,21,0,0,1,5.608333111,0,0,1,414,439,853,509,481,990
16367,215533,0,0,24,23,1,1,0,5.616666794,0,0,3,463,536,999,629,562,1191
16368,244780,1,1,17,17,1,0,1,5.616666794,0,0,1,468,528,996,448,486,934
16370,244839,0,0,23,26,0,0,0,5.622222424,0,0,2,NA,559,NA,512,557,1069
16371,244697,0,0,27,21,1,0,1,5.622222424,0,0,1,421,454,875,444,477,921
16372,244728,1,1,17,13,1,0,1,5.625,0,0,1,395,392,787,428,456,884
16377,244745,0,1,27,18,1,1,0,5.633333206,0,0,2,413,536,949,477,510,987
16381,244764,0,0,21,19,0,0,1,5.641666889,0,0,1,431,459,890,468,456,924
16384,244728,1,1,17,13,1,0,1,5.411110878,0,0,1,393,423,816,441,463,904
16385,193422,1,1,16,18,0,1,0,5.527777672,0,0,3,455,513,968,553,535,1088
16387,244723,0,0,25,22,1,0,1,5.550000191,0,0,1,416,439,855,503,479,982
16388,244728,0,1,20,13,1,0,1,5.569444656,0,0,1,422,423,845,495,470,965
16390,244764,0,0,21,16,1,0,1,5.574999809,0,0,1,428,468,896,558,520,1078
16392,244727,1,1,17,13,0,0,0,5.577777863,0,0,2,431,444,875,571,512,1083
16394,244745,0,0,28,24,1,0,1,5.583333492,0,0,2,NA,NA,NA,471,495,966
16397,244746,1,1,16,15,0,0,1,5.269444466,0,0,1,495,602,1097,571,601,1172
16398,244806,0,0,25,23,1,0,1,5.302777767,0,0,1,472,559,1031,521,612,1133
16400,244806,0,0,26,22,1,0,1,5.216666698,0,0,1,478,520,998,590,542,1132
16401,244708,0,0,24,25,0,0,1,5.216666698,0,0,1,398,449,847,441,497,938
16404,252885,0,0,20,28,0,1,0,5.541666508,0,0,3,398,449,847,579,592,1171
16405,252885,0,0,20,28,0,1,0,5.541666508,0,0,3,474,536,1010,604,592,1196
16406,216536,0,0,23,24,0,1,0,5.611111164,0,0,3,416,473,889,527,529,1056
16411,252885,0,0,20,27,0,1,0,5.647222042,0,0,3,NA,NA,NA,533,553,1086
16412,252885,0,0,20,28,0,1,0,5.599999905,0,0,3,427,444,871,465,486,951
16414,252885,0,0,20,28,1,1,0,5.636111259,0,0,3,472,536,1008,579,601,1180
16415,257899,0,0,24,23,0,1,0,5.597222328,0,0,3,472,559,1031,579,584,1163
16416,257905,0,0,21,23,0,1,1,5.599999905,0,0,4,478,494,972,590,538,1128
16417,253888,0,0,17,23,0,1,0,5.608333111,0,0,3,NA,547,NA,604,562,1166
16418,253888,0,0,17,23,1,1,0,5.613888741,0,1,3,411,484,895,428,490,918
16419,257905,0,0,21,23,0,1,0,5.61944437,0,0,4,470,463,933,629,532,1161
16421,257899,1,1,17,15,0,1,1,5.622222424,0,0,3,402,444,846,477,572,1049
16422,257899,0,0,24,23,0,1,0,5.622222424,0,0,3,430,478,908,540,553,1093
16424,257905,1,1,13,15,1,1,0,5.647222042,0,0,4,463,506,969,629,584,1213
16428,253888,0,0,18,23,1,1,1,5.647222042,0,0,3,414,454,868,483,510,993
16430,253888,0,0,17,23,0,1,1,5.663888931,0,1,3,402,468,870,490,529,1019
16437,257905,1,1,13,15,1,1,1,5.608333111,0,0,4,428,444,872,487,507,994
16441,261927,0,0,24,21,0,1,0,5.63055563,0,0,3,448,494,942,533,523,1056
16442,261927,0,0,24,21,1,1,0,5.650000095,0,0,3,436,500,936,514,529,1043
16443,221574,0,0,20,22,0,1,0,5.591666698,0,0,3,382,418,800,477,500,977
16444,212522,0,0,22,26,0,1,1,5.708333492,0,0,4,465,506,971,629,529,1158
16445,205490,0,0,24,24,1,0,1,5.658333302,0,0,1,419,449,868,512,553,1065
16447,112038,0,0,19,28,1,1,1,5.686110973,0,0,4,414,463,877,536,515,1051
16449,221574,1,1,12,13,1,1,1,5.688889027,0,0,3,419,478,897,478,497,975
16451,123056,0,0,23,27,0,1,1,5.708333492,0,0,3,431,463,894,564,515,1079
16452,123056,0,0,24,25,0,1,1,5.625,0,0,3,410,429,839,463,497,960
16455,130085,0,0,22,23,0,1,0,5.683333397,0,0,2,425,520,945,533,557,1090
16456,128076,0,0,23,21,1,1,0,5.688889027,0,0,2,407,444,851,469,477,946
16457,130085,1,1,13,17,1,1,0,5.699999809,0,0,2,430,478,908,536,542,1078
16459,130085,0,0,22,24,0,1,0,5.711111069,0,0,2,456,468,924,590,572,1162
16461,130085,0,0,22,23,0,1,0,5.727777958,0,0,2,448,500,948,571,549,1120
16464,234628,1,1,15,13,0,1,0,5.688889027,0,0,3,453,506,959,629,627,1256
16467,161183,1,1,14,15,1,1,1,5.702777863,0,0,3,NA,NA,NA,553,567,1120
16468,161183,0,0,22,21,0,1,0,5.727777958,0,0,3,437,513,950,604,653,1257
16469,161183,1,1,14,15,1,1,1,5.747222424,0,0,3,474,536,1010,604,601,1205
16472,166203,0,0,21,23,0,1,0,5.675000191,0,0,4,451,494,945,564,532,1096
16477,164198,0,0,21,23,1,1,0,5.669444561,0,0,3,455,484,939,514,507,1021
16479,164198,0,0,21,24,1,1,0,5.683333397,0,0,3,408,429,837,465,474,939
16481,165199,0,1,22,14,0,1,1,5.733333111,0,0,4,403,454,857,434,430,864
16482,164198,0,0,21,23,1,1,1,5.188889027,0,0,3,458,602,1060,530,676,1206
16484,123056,1,1,17,19,1,1,0,5.669444561,0,0,3,405,429,834,553,520,1073
16485,168211,1,1,16,17,0,1,0,5.680555344,0,0,3,472,559,1031,NA,515,NA
16486,168214,1,1,14,17,0,1,0,5.683333397,0,0,3,436,478,914,519,535,1054
16487,176329,1,1,12,15,0,1,1,5.702777863,0,0,3,422,478,900,533,523,1056
16488,176329,1,1,12,15,0,1,1,5.702777863,0,0,3,447,506,953,495,535,1030
16489,168214,0,0,22,23,1,1,1,5.702777863,0,0,3,455,478,933,590,507,1097
16490,123056,0,0,23,27,1,1,0,5.705555439,0,0,3,436,494,930,503,562,1065
16491,234628,0,0,24,21,0,1,1,5.711111069,0,0,3,434,494,928,629,627,1256
16492,123056,1,1,17,19,1,1,0,5.713889122,0,0,3,422,468,890,490,549,1039
16493,123056,0,0,23,27,1,1,0,5.713889122,0,0,3,NA,NA,NA,468,535,1003
16494,168214,0,0,23,25,1,1,0,5.727777958,0,0,3,451,520,971,629,549,1178
16499,169229,1,1,17,16,1,1,0,5.672222137,0,0,2,474,520,994,533,542,1075
16503,264945,0,0,22,26,1,1,0,5.677777767,0,0,2,456,506,962,558,567,1125
16504,165199,0,0,19,22,0,1,0,5.677777767,0,0,4,472,576,1048,604,601,1205
16505,169280,0,1,21,17,0,1,0,5.677777767,0,0,2,453,484,937,548,538,1086
16507,169229,1,1,17,16,0,1,0,5.683333397,0,0,2,490,547,1037,629,572,1201
16508,252885,0,0,20,27,1,1,0,5.683333397,0,0,3,450,494,944,524,529,1053
16512,201449,0,0,21,26,0,1,0,5.688889027,0,0,3,428,513,941,540,553,1093
16513,169229,0,0,24,22,0,1,0,5.777777672,0,0,2,390,418,808,548,523,1071
16516,169229,0,0,25,20,1,1,0,5.697222233,0,0,2,448,506,954,564,562,1126
16520,169219,1,1,13,17,0,1,0,5.705555439,0,0,2,503,547,1050,NA,NA,NA
16521,169229,0,0,24,22,1,1,0,5.711111069,0,0,2,445,454,899,494,526,1020
16524,169280,0,1,21,16,0,1,0,5.713889122,0,0,2,463,513,976,548,532,1080
16525,169219,0,0,22,21,1,1,0,5.713889122,0,0,2,428,494,922,492,493,985
16526,169231,0,1,23,14,0,1,0,5.716666698,0,0,1,391,444,835,431,481,912
16527,264945,1,1,15,17,1,1,0,5.716666698,0,0,2,451,513,964,571,549,1120
16530,231616,0,0,21,25,1,1,1,5.722222328,0,0,3,407,454,861,540,549,1089
16531,169280,0,0,22,25,1,1,0,5.722222328,0,0,2,443,489,932,558,532,1090
16534,264945,1,1,15,17,1,1,0,5.724999905,0,0,2,472,520,992,571,584,1155
16536,216536,1,1,17,14,0,1,0,5.727777958,0,0,3,419,459,878,516,529,1045
16537,169229,1,1,16,16,1,1,0,5.727777958,0,0,2,527,547,1074,651,676,1327
16539,169219,0,0,22,22,0,1,0,5.730555534,0,0,2,NA,NA,NA,558,542,1100
16542,212522,0,1,21,16,1,1,1,5.736111164,0,0,4,439,449,888,519,542,1061
16543,165199,0,0,19,22,1,1,0,5.738888741,0,0,4,458,484,942,571,557,1128
16544,164198,0,0,21,23,0,1,0,5.74444437,0,0,3,NA,NA,NA,477,515,992
16549,169229,1,1,17,17,1,1,0,5.752777576,0,0,2,503,602,1105,579,542,1121
16552,169229,0,0,25,21,0,1,NA,5.736111164,NA,0,2,443,484,927,507,512,1019
16553,201449,0,0,21,24,1,1,0,5.669444561,0,0,3,467,489,956,558,538,1096
16554,201449,0,0,21,25,0,1,0,5.694444656,0,0,3,478,484,962,590,532,1122
16555,180344,0,0,27,22,0,1,0,5.705555439,0,0,4,463,528,991,590,532,1122
16558,189378,1,0,15,23,0,1,0,5.205555439,0,0,3,460,500,960,651,578,1229
16560,244801,0,0,24,25,1,0,1,5.666666508,0,0,2,403,444,847,454,481,935
16561,166203,0,0,21,23,0,1,0,5.733333111,0,0,4,NA,NA,NA,482,532,1014
16563,180344,1,1,16,16,0,1,0,5.708333492,0,0,4,405,459,864,536,562,1098
16564,191411,0,0,17,22,1,1,1,5.683333397,0,0,3,442,463,905,485,532,1017
16567,203452,0,0,23,24,0,1,0,5.724999905,0,0,3,428,434,862,524,523,1047
16569,203452,0,0,21,23,0,1,0,5.730555534,0,0,3,455,489,944,579,553,1132
16570,203457,0,0,19,23,0,1,0,5.733333111,0,0,3,436,484,920,564,553,1117
16571,203457,0,0,19,24,1,0,1,5.752777576,0,0,3,514,506,1020,590,553,1143
16574,234628,1,1,15,13,1,1,0,5.588889122,0,0,3,463,494,957,590,562,1152
16575,189396,0,0,25,20,1,0,1,5.591666698,0,0,3,437,473,910,499,507,1006
16578,189396,0,0,24,20,1,1,1,5.602777958,0,0,3,400,434,834,477,512,989
16579,189396,0,0,25,20,0,1,1,5.605555534,0,0,3,424,536,960,579,572,1151
16580,189378,1,0,15,23,0,1,1,5.608333111,0,1,3,458,454,912,564,538,1102
16581,189396,0,0,24,20,1,1,0,5.608333111,0,0,3,421,459,880,480,500,980
16582,189396,0,0,24,23,1,1,0,5.613888741,0,0,3,428,423,851,488,545,1033
16583,189378,1,1,15,15,1,1,0,5.627777576,0,0,3,421,468,889,495,484,979
16584,189382,0,0,24,22,0,1,0,5.638888836,0,0,2,450,506,956,629,562,1191
16589,189382,0,0,23,22,1,1,0,5.441666603,0,0,2,443,489,932,604,545,1149
16590,189382,0,0,23,22,1,1,0,5.652777672,0,0,2,427,463,890,482,529,1011
16591,218562,0,0,17,24,0,1,0,5.658333302,0,0,4,455,489,944,579,557,1136
16592,173312,0,0,22,20,1,0,1,5.722222328,0,0,3,407,444,851,428,433,861
16593,208503,0,0,24,24,1,1,1,5.669444561,0,0,3,NA,NA,NA,516,505,1021
16594,225585,0,1,22,19,0,0,0,5.699999809,0,0,3,410,449,859,477,493,970
16596,201449,1,1,14,17,1,1,0,5.724999905,0,0,3,451,506,957,548,572,1120
16598,203452,0,0,23,22,1,1,0,5.697222233,0,0,3,410,468,878,507,549,1056
16600,203452,1,1,16,17,1,1,1,5.697222233,0,0,3,436,473,909,558,538,1096
16602,161183,1,1,14,14,1,1,0,5.733333111,0,0,3,460,576,1036,604,612,1216
16605,205488,0,0,23,23,1,1,0,5.74444437,0,0,2,428,434,862,536,515,1051
16606,128079,1,1,16,16,1,1,0,5.747222424,0,0,3,440,463,903,488,495,983
16608,212522,0,0,23,27,0,1,0,5.675000191,0,0,4,507,536,1043,571,584,1155
16609,205490,1,1,15,17,1,0,1,5.675000191,0,0,1,402,459,861,460,493,953
16612,205492,0,0,23,29,1,0,1,5.691666603,0,0,2,414,468,882,436,502,938
16614,212522,0,0,22,26,1,1,0,5.694444656,0,0,4,431,478,909,475,505,980
16615,244746,0,0,21,23,1,0,1,5.441666603,0,0,1,400,484,884,445,502,947
16617,205488,0,0,23,19,1,1,1,5.702777863,0,0,2,422,484,906,509,526,1035
16621,234628,0,0,23,21,1,1,0,5.727777958,0,0,3,440,489,929,507,497,1004
16622,205490,0,1,24,17,1,0,1,5.727777958,0,0,1,391,405,796,444,500,944
16623,212522,0,0,21,26,0,1,1,5.730555534,0,0,4,395,434,829,487,456,943
16624,203452,0,0,21,23,1,1,0,5.741666794,0,0,3,455,494,949,590,523,1113
16625,205492,0,0,23,29,1,0,1,5.741666794,0,0,2,439,473,912,462,545,1007
16628,259915,0,0,24,24,1,1,1,5.688889027,0,0,3,400,459,859,445,474,919
16629,208501,0,0,22,24,0,1,0,5.691666603,0,0,3,NA,NA,NA,579,510,1089
16630,221571,0,0,23,21,0,1,1,5.733333111,0,0,3,405,463,868,519,567,1086
16631,208501,0,0,22,23,1,1,0,5.738888741,0,0,3,483,559,1042,590,557,1147
16632,259915,0,0,26,24,0,1,0,5.705555439,0,0,3,408,449,857,497,484,981
16633,208503,1,1,14,13,1,1,0,5.736111164,0,0,3,497,513,1010,651,584,1235
16634,259915,0,0,24,24,0,1,0,5.738888741,0,0,3,419,468,887,519,520,1039
16635,230612,1,1,16,15,0,1,0,5.691666603,0,0,3,440,500,940,503,545,1048
16636,209510,1,1,14,14,0,1,0,5.708333492,0,0,3,430,473,903,516,532,1048
16637,209510,1,1,14,14,1,1,NA,5.713889122,NA,0,3,442,468,910,590,553,1143
16638,212522,1,1,12,17,0,1,1,5.672222137,0,0,4,472,506,978,629,601,1230
16640,193423,0,0,24,21,1,1,1,5.586111069,0,0,3,431,489,920,494,557,1051
16641,215533,1,1,14,15,1,1,0,5.594444275,0,0,3,476,528,1004,503,592,1095
16642,215533,0,0,23,23,0,1,0,5.597222328,0,0,3,467,576,1043,590,592,1182
16643,193422,1,1,16,18,0,1,0,5.616666794,0,0,3,434,463,897,505,484,989
16644,215533,0,0,24,23,0,1,0,5.625,0,0,3,448,506,954,590,584,1174
16645,215533,0,0,23,23,1,1,1,5.627777576,0,0,3,490,602,1092,604,676,1280
16647,215533,1,1,17,15,0,1,0,5.63055563,0,0,3,455,576,1031,536,562,1098
16649,215533,0,0,24,23,0,1,0,5.650000095,0,0,3,460,536,996,536,532,1068
16650,193423,1,1,17,14,0,0,1,5.652777672,0,0,3,393,354,747,447,468,915
16651,215533,0,0,24,23,0,1,0,5.658333302,0,0,3,439,528,967,540,542,1082
16653,231616,0,0,21,21,0,1,0,5.699999809,0,0,3,439,506,945,604,562,1166
16655,180344,0,0,27,22,0,1,0,5.669444561,0,0,4,451,473,924,505,510,1015
16656,180344,0,0,25,21,1,1,0,5.669444561,0,0,4,439,484,923,553,545,1098
16658,159171,1,1,16,15,1,1,0,5.672222137,0,0,3,465,484,949,514,507,1021
16662,159171,1,1,17,15,1,1,0,5.694444656,0,0,3,443,489,932,503,545,1048
16664,170295,0,0,22,23,0,1,0,7.027777672,0,0,3,465,547,1012,497,545,1042
16666,170295,1,1,13,18,0,1,0,5.705555439,0,1,3,414,434,848,NA,430,NA
16667,193422,1,1,16,18,1,1,1,5.716666698,0,0,3,427,506,933,533,526,1059
16668,170295,1,0,15,23,0,1,1,5.719444275,0,0,3,470,444,914,651,627,1278
16669,215533,1,1,14,16,1,0,0,5.724999905,0,0,3,421,459,880,544,584,1128
16670,180344,0,0,25,22,1,0,1,5.738888741,0,0,4,407,484,891,488,490,978
16671,193422,0,0,20,26,0,1,0,5.741666794,0,0,3,453,506,959,540,535,1075
16674,170295,1,1,15,18,0,1,0,5.644444466,0,0,3,483,520,1003,651,627,1278
16676,159171,0,0,24,26,0,1,0,5.663888931,0,0,3,427,478,905,494,542,1036
16678,193422,0,0,22,25,1,1,0,5.663888931,0,0,3,456,489,945,521,532,1053
16679,201449,0,0,21,24,1,1,0,5.672222137,0,0,3,461,536,997,590,584,1174
16680,209510,0,0,21,25,0,1,0,5.677777767,0,0,3,448,484,932,590,553,1143
16681,221571,0,0,23,24,0,1,0,5.683333397,0,0,3,397,418,815,503,493,996
16683,230612,1,1,16,15,1,1,0,5.691666603,0,0,3,455,547,1002,548,572,1120
16684,221571,0,0,21,24,0,1,0,5.699999809,0,0,3,405,412,817,459,479,938
16685,209510,1,1,14,14,0,1,0,5.702777863,0,0,3,490,576,1066,651,592,1243
16688,221571,1,1,15,15,0,1,0,5.716666698,0,0,3,430,429,859,604,545,1149
16689,209510,0,0,21,23,1,1,0,5.727777958,0,0,3,395,463,858,468,505,973
16695,259915,0,0,26,24,1,1,0,5.822222233,0,0,3,418,478,896,456,477,933
16696,259915,0,0,26,24,0,1,0,5.808333397,0,0,3,442,468,910,527,523,1050
16697,225585,1,1,13,19,1,1,0,5.655555725,0,0,3,424,459,883,468,502,970
16698,225585,0,1,22,19,1,1,0,5.661110878,0,0,3,442,513,955,544,545,1089
16699,161183,1,1,14,14,1,1,0,5.599999905,0,0,3,411,459,870,442,493,935
16701,231616,0,0,21,25,1,1,1,5.683333397,0,0,3,422,500,922,558,562,1120
16702,231616,0,0,21,25,0,1,1,5.683333397,0,0,3,447,449,896,571,562,1133
16703,231616,1,1,14,15,1,1,1,5.688889027,0,0,3,434,547,981,533,553,1086
16704,162184,0,0,19,20,1,1,1,5.722222328,0,0,3,391,478,869,501,545,1046
16705,231616,0,0,23,25,1,1,0,5.74444437,0,0,3,453,506,959,604,592,1196
16706,231616,0,0,23,21,0,1,1,5.75,0,0,3,440,528,968,590,545,1135
16707,209510,0,0,22,23,1,1,0,5.638888836,0,0,3,NA,NA,NA,457,472,929
16708,209510,0,0,24,24,1,1,0,5.663888931,0,0,3,411,423,834,472,470,942
16709,261927,0,0,22,21,1,1,0,5.75555563,0,0,3,433,494,927,485,495,980
16710,176329,0,0,22,23,0,1,1,5.677777767,0,0,3,453,506,959,533,542,1075
16711,176329,0,0,22,23,0,1,1,5.677777767,0,0,3,453,506,959,527,535,1062
16715,168214,0,0,23,25,1,1,0,5.711111069,0,0,3,422,405,827,457,502,959
16716,261927,0,0,24,21,1,1,0,5.722222328,0,0,3,391,459,850,441,488,929
16717,168214,0,0,22,25,0,1,0,5.733333111,0,0,3,443,478,921,571,515,1086
16718,162184,0,0,19,21,1,1,0,5.75,0,0,3,451,500,951,604,584,1188
16719,234628,1,1,16,13,0,0,0,5.694444656,0,0,3,427,459,886,512,507,1019
16720,189396,0,0,25,20,0,1,1,5.713889122,0,0,3,414,484,898,505,481,986
16721,234628,0,0,22,21,1,1,0,5.661110878,0,0,3,443,559,1002,579,538,1117
16722,234628,1,1,16,13,1,0,1,5.502777576,0,0,3,NA,NA,NA,487,515,1002
16723,234628,0,0,24,21,0,1,1,5.513888836,0,0,3,439,484,923,533,532,1065
16724,212522,0,0,23,26,0,1,1,5.574999809,0,0,4,402,454,856,459,472,931
16727,165199,0,0,22,22,0,1,0,5.713889122,0,0,4,456,506,962,564,627,1191
16728,123056,0,0,24,27,1,1,0,5.702777863,0,0,3,448,528,976,536,562,1098
16729,215533,1,1,17,16,1,1,0,5.672222137,0,0,3,472,602,1074,579,601,1180
16731,244776,0,0,24,25,1,0,1,5.675000191,0,0,1,414,434,848,NA,NA,NA
16732,244728,0,0,17,22,0,0,1,5.675000191,0,0,1,422,473,895,548,490,1038
16733,244745,1,0,15,18,1,1,0,5.677777767,0,0,2,460,489,949,558,486,1044
16734,244839,0,0,23,24,1,0,0,5.680555344,0,0,2,545,528,1073,629,567,1196
16735,244745,0,0,23,24,1,1,0,5.680555344,0,0,2,442,506,948,530,490,1020
16736,193422,0,0,22,25,1,1,0,5.680555344,0,0,3,436,500,936,482,518,1000
16738,244799,1,0,14,19,0,0,0,5.688889027,0,0,2,427,463,890,548,493,1041
16739,244697,1,1,16,17,0,0,1,5.688889027,0,0,1,434,473,907,521,526,1047
16741,244764,0,0,21,16,1,0,1,5.691666603,0,0,1,402,468,870,474,520,994
16744,244697,1,1,16,16,0,0,1,5.694444656,0,0,1,440,459,899,527,495,1022
16746,244723,0,0,25,22,0,0,1,5.697222233,0,0,1,434,484,918,483,472,955
16747,244839,0,0,21,22,0,0,1,5.697222233,0,0,2,425,528,953,469,507,976
16749,244736,1,1,15,15,1,0,1,5.699999809,0,0,1,463,602,1065,564,584,1148
16753,244796,0,0,15,24,0,0,1,5.708333492,0,0,1,495,520,1015,527,532,1059
16757,244776,1,1,15,17,0,0,1,5.719444275,0,0,1,447,513,960,604,526,1130
16758,244839,0,0,23,24,1,0,0,5.613888741,0,0,2,NA,NA,NA,492,520,1012
16767,244727,0,0,21,21,0,0,0,5.669444561,0,0,2,421,449,870,530,520,1050
16768,244774,1,1,17,17,0,0,1,5.669444561,0,0,1,434,489,923,519,542,1061
16769,244799,0,0,18,22,0,0,1,5.50555563,0,0,2,398,478,876,456,507,963
16773,244806,1,1,14,15,1,0,1,5.466666698,0,0,1,450,500,950,462,510,972
16774,244776,1,1,17,17,0,0,1,5.344444275,0,0,1,443,454,897,468,512,980
16776,244727,0,0,21,21,0,0,1,5.227777958,0,0,2,431,506,937,530,515,1045
16777,244736,1,1,15,15,1,0,1,5.150000095,0,0,1,428,468,896,475,493,968
16780,168214,0,0,22,25,0,1,1,5.727777958,0,0,3,NA,NA,NA,590,567,1157
16781,252885,0,0,20,28,0,1,0,5.680555344,0,0,3,421,468,889,444,515,959
16782,252885,0,0,20,27,1,1,1,5.688889027,0,0,3,419,449,868,490,468,958
16783,252885,0,0,20,27,0,0,0,5.697222233,0,0,3,442,439,881,544,502,1046
16785,252885,0,0,20,27,1,1,0,5.702777863,0,0,3,422,513,935,477,474,951
16786,216536,0,0,23,22,1,1,1,5.599999905,0,0,3,421,528,949,533,549,1082
16787,252885,0,0,20,27,0,1,0,5.724999905,0,0,3,NA,NA,NA,604,567,1171
16788,252885,0,0,20,28,1,0,1,5.622222424,0,0,3,430,473,903,474,502,976
16790,252885,0,0,20,27,0,1,0,5.636111259,0,0,3,433,478,911,533,518,1051
16792,252885,0,0,20,27,1,1,0,5.672222137,0,0,3,450,500,950,590,549,1139
16793,216536,1,1,17,14,0,1,0,5.727777958,0,0,3,NA,NA,NA,604,584,1188
16794,252885,0,0,20,27,0,1,0,5.727777958,0,0,3,445,449,894,NA,NA,NA
16798,257899,0,0,24,22,0,1,0,5.675000191,0,0,3,421,473,894,530,486,1016
16799,257905,1,1,13,15,0,1,1,5.677777767,0,0,4,456,494,950,530,584,1114
16800,257899,0,0,24,23,0,1,1,5.688889027,0,0,3,413,429,842,450,510,960
16801,257899,0,0,25,22,0,1,0,5.691666603,0,0,3,433,444,877,527,520,1047
16802,253888,0,0,17,20,1,1,1,5.697222233,0,0,3,419,473,892,485,512,997
16803,257905,0,0,21,23,0,1,1,5.708333492,0,0,4,419,429,848,474,497,971
16804,257899,1,1,17,15,0,1,0,5.711111069,0,0,3,430,468,898,590,542,1132
16806,257905,0,0,22,22,0,1,0,5.719444275,0,0,4,458,459,917,497,584,1081
16807,257905,0,0,21,22,0,1,1,5.733333111,0,0,4,451,473,924,590,553,1143
16808,257899,1,1,16,13,0,1,0,5.733333111,0,0,3,405,439,844,519,518,1037
16810,257905,0,1,21,15,1,1,0,5.752777576,0,0,4,465,528,993,604,612,1216
16812,228606,1,1,16,14,0,1,1,5.602777958,0,0,3,NA,NA,NA,558,535,1093
16813,170295,1,1,15,18,0,1,1,5.655555725,0,0,3,422,439,861,494,567,1061
16814,261927,0,1,23,17,1,1,0,5.738888741,0,0,3,514,520,1034,604,592,1196
16816,221574,0,0,20,22,1,0,0,5.694444656,0,0,3,428,454,882,536,535,1071
16817,221574,0,0,20,21,0,1,0,5.724999905,0,0,3,427,473,900,516,557,1073
16818,234628,1,1,16,13,1,1,0,5.733333111,0,0,3,427,484,911,651,592,1243
16819,264945,0,0,24,26,1,1,0,5.655555725,0,0,2,425,478,903,483,500,983
16820,234628,0,0,24,21,1,1,0,5.791666508,0,0,3,427,459,886,651,612,1263
16822,244806,0,0,25,23,0,0,1,5.477777958,0,0,1,487,473,960,480,486,966
16823,112038,0,0,19,28,1,1,1,5.761111259,0,0,4,411,473,884,564,488,1052
16824,112038,0,1,19,17,1,0,1,5.791666508,0,0,4,422,423,845,544,493,1037
16826,112038,0,0,19,28,1,0,0,5.819444656,0,0,4,400,444,844,527,486,1013
16827,123056,0,0,24,27,1,1,0,5.780555725,0,0,3,NA,NA,NA,505,520,1025
16828,130085,0,0,22,23,0,1,0,5.752777576,0,0,2,437,478,915,519,545,1064
16829,128076,0,1,23,14,0,1,0,5.75555563,0,0,2,431,484,915,540,545,1085
16831,130085,0,0,20,23,0,1,0,5.758333206,0,0,2,410,459,869,527,549,1076
16833,128076,0,0,23,21,1,1,0,5.763888836,0,0,2,436,468,904,487,500,987
16834,128079,0,0,21,23,1,1,0,5.777777672,0,0,3,442,444,886,501,502,1003
16835,130085,1,0,13,23,1,1,0,5.794444561,0,0,2,447,500,947,558,562,1120
16836,257899,0,0,23,22,1,1,0,5.800000191,0,0,3,518,484,1002,NA,612,NA
16837,128076,0,0,23,21,1,1,0,5.808333397,0,0,2,434,473,907,533,526,1059
16839,128076,0,0,24,21,1,1,0,5.816666603,0,1,2,418,459,877,564,535,1099
16840,128079,0,1,24,16,0,1,1,5.819444656,0,0,3,393,429,822,507,484,991
16841,128079,0,0,24,20,1,1,0,5.824999809,0,1,3,386,399,785,434,456,890
16843,161183,0,0,23,20,1,0,1,5.766666889,0,0,3,424,449,873,485,502,987
16844,203457,1,1,12,15,0,1,1,5.816666603,0,1,3,443,484,927,651,538,1189
16845,164198,0,0,21,24,1,1,0,5.75555563,0,0,3,433,439,872,477,505,982
16846,112038,1,1,16,17,0,1,0,5.763888836,0,0,4,411,449,860,453,495,948
16848,164198,0,0,21,23,1,1,1,5.788888931,0,0,3,407,418,825,NA,472,NA
16850,164198,1,1,13,13,0,1,0,5.819444656,0,0,3,503,528,1031,590,567,1157
16853,165199,0,0,22,22,0,0,0,5.772222042,0,0,4,425,459,884,527,523,1050
16854,168214,0,0,22,23,0,1,0,5.75555563,0,0,3,436,520,956,558,549,1107
16855,168211,0,0,23,30,1,1,0,5.761111259,0,0,3,448,478,926,NA,497,NA
16857,168211,0,0,24,30,0,1,0,5.772222042,0,0,3,430,559,989,NA,523,NA
16859,168211,0,0,24,30,0,1,1,5.788888931,0,0,3,436,500,936,NA,532,NA
16860,168214,0,0,23,25,1,1,0,5.797222137,0,0,3,437,468,905,503,512,1015
16861,168211,0,0,24,30,1,1,0,5.800000191,0,0,3,436,536,972,NA,567,NA
16863,234628,0,0,23,21,1,1,0,5.805555344,0,0,3,424,463,887,466,578,1044
16864,168211,1,1,16,17,1,1,0,5.808333397,0,1,3,408,439,847,NA,526,NA
16865,261927,0,1,23,17,1,1,1,5.816666603,0,0,3,402,439,841,478,486,964
16872,169219,1,1,13,17,1,1,0,5.761111259,0,0,2,434,506,940,501,526,1027
16874,169229,0,0,24,21,1,1,0,5.769444466,0,0,2,442,513,955,503,562,1065
16876,264945,1,1,15,17,0,1,0,5.775000095,0,0,2,451,528,979,651,532,1183
16878,169229,0,0,22,22,0,1,0,5.780555725,0,0,2,443,520,963,NA,549,NA
16879,209510,0,0,22,23,1,1,0,5.780555725,0,0,3,445,434,879,447,458,905
16881,169229,0,0,25,20,1,1,0,5.783333302,0,0,2,605,547,1152,651,601,1252
16884,262937,0,0,19,23,0,1,0,5.783333302,0,0,2,453,513,966,558,535,1093
16886,264945,1,1,15,17,1,1,0,5.791666508,0,0,2,461,506,967,558,562,1120
16888,169231,1,1,15,15,1,0,1,5.794444561,0,0,1,397,454,851,505,515,1020
16890,264945,0,0,23,27,1,0,0,5.794444561,0,0,2,430,449,879,507,518,1025
16894,169280,0,0,21,25,0,1,1,5.802777767,0,0,2,461,473,934,553,549,1102
16898,169229,0,0,22,22,1,1,1,5.811110973,0,0,2,427,463,890,509,507,1016
16899,169229,1,1,17,17,0,1,0,5.811110973,0,0,2,460,500,960,533,497,1030
16900,169280,1,1,15,16,0,1,0,5.813889027,0,0,2,453,500,953,544,535,1079
16902,169231,0,1,22,14,0,1,1,5.816666603,0,0,1,419,500,919,462,520,982
16903,169229,0,0,25,21,1,1,0,5.822222233,0,0,2,451,478,929,540,532,1072
16905,169280,0,0,21,25,1,0,1,5.830555439,0,0,2,424,444,868,453,497,950
16906,252885,0,0,20,28,0,1,0,5.830555439,0,0,3,437,468,905,490,538,1028
16910,201449,0,0,21,24,0,1,0,5.800000191,0,0,3,455,484,939,651,557,1208
16911,173312,0,0,22,22,0,1,0,5.758333206,0,0,3,492,500,992,544,612,1156
16912,173312,0,0,22,21,1,1,0,5.766666889,0,0,3,467,454,921,482,523,1005
16915,164198,0,0,21,23,1,1,0,5.75555563,0,0,3,408,412,820,459,495,954
16916,180344,1,1,16,16,0,1,1,5.75555563,0,0,4,433,468,901,527,557,1084
16917,180344,0,0,24,22,0,1,0,5.761111259,0,0,4,422,478,900,509,518,1027
16918,180344,1,1,16,16,0,1,1,5.800000191,0,0,4,NA,NA,NA,503,502,1005
16920,191411,0,0,19,21,1,1,1,5.775000095,0,0,3,456,484,940,488,465,953
16921,191411,1,1,13,16,0,1,0,5.780555725,0,0,3,433,444,877,451,433,884
16922,203457,0,0,19,23,0,1,0,5.794444561,0,0,3,443,468,911,629,526,1155
16923,191411,1,1,13,16,1,1,0,5.819444656,0,0,3,422,454,876,451,461,912
16925,189378,1,0,15,23,0,1,0,5.688889027,0,0,3,410,444,854,485,493,978
16927,189378,1,1,15,15,1,1,0,5.697222233,0,1,3,443,454,897,475,515,990
16928,189378,0,0,20,23,1,1,0,5.699999809,0,0,3,414,449,863,495,497,992
16929,189382,0,0,24,22,1,1,0,5.705555439,0,0,2,413,473,886,482,529,1011
16931,189396,0,0,25,20,1,1,0,5.713889122,0,1,3,418,506,924,516,532,1048
16934,189378,0,0,19,23,0,1,0,5.733333111,0,1,3,425,478,903,558,557,1115
16935,189378,0,0,19,23,0,0,1,5.741666794,0,0,3,433,478,911,553,572,1125
16937,189378,0,0,19,23,0,1,0,5.74444437,0,0,3,402,439,841,447,488,935
16938,189378,0,0,20,23,1,1,0,5.747222424,0,0,3,407,478,885,536,535,1071
16940,189396,1,1,17,15,1,1,0,5.747222424,0,0,3,NA,NA,NA,471,493,964
16942,191411,0,0,19,22,0,1,1,5.758333206,0,0,3,472,513,985,571,578,1149
16944,191411,0,0,19,21,0,1,1,5.658333302,0,0,3,472,506,978,482,553,1035
16945,170295,1,1,13,18,0,1,1,5.761111259,0,0,3,422,412,834,651,572,1223
16948,225585,0,0,23,26,1,1,0,5.788888931,0,0,3,434,459,893,540,518,1058
16949,244727,0,0,21,23,0,0,0,5.769444466,0,0,2,439,468,907,NA,NA,NA
16951,201449,0,0,22,25,0,1,0,5.797222137,0,0,3,453,513,966,651,592,1243
16952,201449,0,0,22,24,1,1,0,5.813889027,0,0,3,413,449,862,474,484,958
16953,201449,0,1,22,15,0,1,0,5.819444656,0,0,3,447,536,983,571,578,1149
16954,203452,0,0,23,23,0,1,0,5.758333206,0,0,3,433,444,877,488,523,1011
16955,203452,1,1,17,17,0,0,1,5.791666508,0,0,3,410,468,878,519,532,1051
16956,203452,1,0,17,23,1,1,1,5.827777863,0,0,3,400,429,829,444,486,930
16958,205492,1,1,16,18,0,0,1,5.758333206,0,0,2,480,520,1000,507,529,1036
16959,161176,0,0,24,26,1,1,0,5.772222042,0,0,3,430,513,943,487,557,1044
16967,128079,1,1,16,15,1,1,1,5.758333206,0,0,3,414,459,873,519,526,1045
16975,128076,0,1,24,14,0,1,0,5.797222137,0,1,2,395,439,834,505,578,1083
16976,205492,0,0,23,29,0,0,1,5.800000191,0,0,2,428,463,891,509,512,1021
16978,205492,0,0,23,29,1,0,0,5.800000191,0,0,2,437,536,973,475,545,1020
16979,208501,0,0,22,24,1,1,1,5.75555563,0,0,3,419,468,887,466,495,961
16981,208503,0,0,23,20,0,1,0,5.761111259,0,0,3,403,418,821,521,507,1028
16982,259915,0,1,26,14,1,1,0,5.766666889,0,0,3,430,473,903,483,505,988
16983,259915,0,0,24,24,1,1,1,5.766666889,0,0,3,416,449,865,434,468,902
16984,208501,1,1,15,17,1,1,0,5.766666889,0,0,3,403,500,903,477,532,1009
16987,208503,0,0,24,20,1,1,0,5.772222042,0,0,3,405,444,849,519,532,1051
16988,208501,1,1,15,17,0,1,0,5.805555344,0,0,3,424,576,1000,553,584,1137
16990,208503,0,0,24,20,1,1,1,5.824999809,0,0,3,424,423,847,495,488,983
16991,208503,0,0,23,20,1,1,1,5.805555344,0,0,3,393,423,816,474,481,955
16992,208501,0,0,22,24,1,1,0,5.808333397,0,0,3,421,444,865,521,518,1039
16994,221571,0,0,21,24,1,1,0,5.816666603,0,0,3,408,454,862,468,490,958
16996,209510,1,1,14,14,0,1,0,5.75,0,0,3,448,484,932,590,562,1152
16997,209510,0,0,22,25,0,1,1,5.769444466,0,0,3,440,439,879,482,477,959
16998,221571,1,1,16,15,1,0,1,5.772222042,0,0,3,427,494,921,544,557,1101
16999,209510,0,0,21,24,1,1,0,5.730555534,0,0,3,419,434,853,448,520,968
17001,169280,1,1,15,16,1,1,0,5.758333206,0,0,2,442,506,948,604,532,1136
17002,212522,1,1,13,16,0,1,1,5.777777672,0,0,4,424,459,883,472,477,949
17003,212522,0,0,22,26,1,1,0,5.805555344,0,0,4,425,506,931,564,545,1109
17004,215533,0,0,23,23,1,1,0,5.669444561,0,0,3,445,494,939,553,562,1115
17007,215533,0,0,23,23,0,1,0,5.699999809,0,0,3,538,602,1140,629,612,1241
17008,215533,0,0,23,22,0,1,0,5.705555439,0,0,3,436,528,964,544,578,1122
17009,215533,0,0,24,23,1,1,1,5.705555439,0,0,3,431,429,860,469,500,969
17011,159171,0,0,24,26,1,1,0,5.763888836,0,0,3,483,559,1042,579,653,1232
17012,170295,1,1,15,18,0,1,0,5.769444466,0,0,3,460,454,914,651,584,1235
17014,208503,0,0,23,20,0,1,1,5.811110973,0,0,3,448,478,926,579,553,1132
17015,159171,0,0,24,26,0,1,1,5.780555725,0,0,3,434,468,902,487,523,1010
17017,159171,1,1,16,16,1,1,1,5.775000095,0,0,3,448,506,954,448,468,916
17018,180344,0,0,25,21,1,1,0,5.791666508,0,0,4,431,454,885,468,510,978
17019,170295,0,0,22,22,0,1,1,5.794444561,0,0,3,439,494,933,471,532,1003
17020,159171,0,0,27,23,0,1,0,5.797222137,0,0,3,453,500,953,519,572,1091
17021,215533,0,0,24,23,1,1,0,5.819444656,0,0,3,411,468,879,487,523,1010
17022,180344,0,0,27,20,0,1,0,5.738888741,0,0,4,445,536,981,492,505,997
17023,159171,0,0,22,23,0,1,0,5.741666794,0,0,3,510,559,1069,579,553,1132
17024,159171,0,0,22,23,1,1,0,5.74444437,0,0,3,503,528,1031,548,545,1093
17025,193422,0,0,20,26,1,1,0,5.74444437,0,0,3,422,489,911,466,567,1033
17027,230612,0,0,22,20,1,1,0,5.75,0,0,3,476,576,1052,571,627,1198
17030,221571,0,0,23,24,0,0,1,5.777777672,0,0,3,376,405,781,436,465,901
17032,209510,1,1,14,14,1,1,0,5.777777672,0,0,3,419,449,868,558,545,1103
17033,221571,1,1,15,15,1,1,1,5.786110878,0,0,3,405,429,834,475,493,968
17034,209510,0,0,21,25,1,1,0,5.708333492,0,0,3,422,459,881,485,479,964
17035,208501,0,0,22,24,0,1,0,5.797222137,0,0,3,443,520,963,604,584,1188
17036,209510,0,0,21,23,0,1,0,5.797222137,0,0,3,422,434,856,548,532,1080
17038,221571,0,1,23,15,1,0,1,5.802777767,0,0,3,398,405,803,492,529,1021
17040,209510,0,0,24,24,0,1,0,5.830555439,0,0,3,424,484,908,505,584,1089
17041,225585,0,0,22,26,0,1,0,5.802777767,0,0,3,407,434,841,439,470,909
17043,225585,0,1,23,18,1,1,0,5.705555439,0,0,3,NA,NA,NA,629,545,1174
17044,225585,1,1,13,19,1,1,0,5.708333492,0,0,3,405,434,839,463,481,944
17045,225585,0,1,23,18,1,0,0,5.741666794,0,0,3,447,500,947,492,523,1015
17047,228606,1,1,16,14,0,1,0,5.786110878,0,0,3,510,626,1136,604,601,1205
17049,228606,1,1,16,14,0,0,1,5.802777767,0,0,3,418,412,830,478,490,968
17052,228606,0,0,24,21,0,1,0,5.827777863,0,0,3,422,468,890,579,526,1105
17054,231616,0,0,21,25,1,1,0,5.777777672,0,0,3,468,536,1004,629,557,1186
17055,231616,1,1,14,15,0,1,1,5.827777863,0,0,3,437,444,881,441,477,918
17056,230612,1,1,16,15,1,0,1,5.800000191,0,0,3,460,500,960,482,493,975
17057,230612,1,1,16,15,1,1,0,5.802777767,0,0,3,453,576,1029,536,627,1163
17058,230612,0,0,23,23,1,1,1,5.719444275,0,0,3,442,520,962,480,562,1042
17059,231616,0,0,21,21,1,1,1,5.75555563,0,0,3,408,459,867,604,502,1106
17060,189396,0,0,25,21,0,1,0,5.241666794,0,0,3,411,454,865,604,523,1127
17064,234628,0,0,24,21,0,1,0,5.611111164,0,0,3,458,494,952,651,612,1263
17068,244839,0,1,23,16,1,0,0,5.752777576,0,0,2,500,626,1126,651,653,1304
17071,244736,0,0,21,21,0,0,1,5.752777576,0,0,1,439,536,975,494,535,1029
17073,244774,1,1,17,17,0,0,1,5.75555563,0,0,1,425,449,874,499,461,960
17074,244831,0,0,27,24,1,1,1,5.75555563,0,0,2,410,468,878,494,456,950
17075,244801,0,0,24,24,0,1,0,5.75555563,0,0,2,NA,NA,NA,466,472,938
17076,244764,0,1,21,12,1,0,0,5.758333206,0,0,1,439,500,939,571,601,1172
17077,244697,0,0,27,20,0,0,1,5.758333206,0,0,1,NA,NA,NA,544,532,1076
17078,230612,1,1,16,15,0,1,1,5.758333206,0,0,3,456,494,950,530,545,1075
17082,244776,0,0,22,22,1,0,1,5.766666889,0,0,1,NA,NA,NA,462,493,955
17084,257905,1,1,13,15,0,1,0,5.763888836,0,0,4,453,528,981,564,578,1142
17085,180344,0,0,24,22,1,1,0,5.772222042,0,0,4,NA,NA,NA,536,542,1078
17086,244708,0,0,21,22,1,0,1,5.780555725,0,0,1,403,473,876,497,493,990
17087,193422,0,0,20,25,0,1,0,5.780555725,0,0,3,430,484,914,553,490,1043
17089,244774,0,0,26,24,1,0,1,5.786110878,0,0,1,407,449,856,441,446,887
17090,244697,1,1,16,17,0,0,1,5.202777863,0,0,1,NA,NA,NA,519,535,1054
17092,244745,0,0,23,24,0,0,0,5.791666508,0,0,2,448,489,937,492,474,966
17093,244831,0,0,27,24,1,1,1,5.791666508,0,0,2,448,449,897,540,477,1017
17096,244839,1,1,16,16,0,0,1,5.794444561,0,0,2,518,559,1077,629,584,1213
17100,244839,0,0,23,26,0,0,1,5.805555344,0,0,2,NA,459,NA,451,444,895
17101,244776,0,0,24,25,0,0,1,5.75555563,0,0,1,422,489,911,460,502,962
17102,244776,0,0,23,22,0,0,1,5.808333397,0,0,1,402,454,856,459,456,915
17106,244799,1,1,14,16,0,0,0,5.824999809,0,0,2,463,547,1010,590,627,1217
17109,244806,0,0,25,23,0,0,0,5.833333492,0,0,1,NA,NA,NA,447,520,967
17110,244839,0,0,23,24,0,0,0,5.694444656,0,0,2,NA,449,NA,497,518,1015
17112,244764,0,0,21,19,1,0,1,5.730555534,0,0,1,413,489,902,471,518,989
17113,244736,0,0,19,24,0,0,1,5.733333111,0,0,1,427,484,911,433,454,887
17114,244799,1,1,14,16,1,0,1,5.736111164,0,0,2,436,444,880,533,529,1062
17115,244776,1,1,17,17,1,0,0,5.736111164,0,0,1,467,520,987,505,535,1040
17119,244831,0,0,27,24,0,0,1,5.75,0,0,2,424,459,883,490,493,983
17120,244755,0,1,22,15,0,0,1,5.591666698,0,0,1,400,423,823,457,472,929
17121,244839,1,0,15,22,1,0,1,5.638888836,0,0,2,NA,NA,NA,507,562,1069
17123,244728,0,1,20,13,1,0,1,5.775000095,0,0,1,407,468,875,521,500,1021
17124,252885,0,0,20,27,1,1,0,5.783333302,0,0,3,503,463,966,651,584,1235
17125,216536,1,1,17,14,1,1,0,5.788888931,0,0,3,437,520,957,629,653,1282
17127,252885,0,0,20,28,0,1,0,5.816666603,0,0,3,476,520,996,571,627,1198
17130,257899,0,0,25,22,0,1,0,5.741666794,0,0,3,419,418,837,474,474,948
17131,169219,0,1,20,17,0,1,0,5.722222328,0,0,2,554,547,1101,651,578,1229
17132,216536,0,0,22,23,1,1,0,5.788888931,0,0,3,450,536,986,524,553,1077
17133,216536,0,0,23,24,0,1,0,5.791666508,0,0,3,497,576,1073,629,584,1213
17134,216536,0,0,24,22,0,1,0,5.819444656,0,0,3,433,473,906,558,567,1125
17137,253888,0,0,17,23,0,1,1,5.766666889,0,0,3,437,513,950,533,557,1090
17140,257905,1,1,12,15,1,1,0,5.783333302,0,0,4,460,473,933,527,512,1039
17143,253888,0,0,17,20,1,1,1,5.797222137,0,0,3,433,513,946,505,553,1058
17148,261927,0,1,22,17,1,1,0,5.761111259,0,0,3,418,468,886,540,549,1089
17150,221574,0,0,20,21,0,1,0,5.802777767,0,0,3,408,459,867,487,486,973
17152,234628,0,0,24,21,1,1,0,5.833333492,0,0,3,455,463,918,533,538,1071
17155,216536,0,0,22,23,0,1,0,5.836111069,0,0,3,448,463,911,530,526,1056
17159,221571,0,0,23,22,0,1,0,5.811110973,0,0,3,391,365,756,NA,NA,NA
17161,264945,0,0,24,27,0,1,0,5.824999809,0,0,2,430,484,914,524,532,1056
17162,264945,0,0,24,26,0,1,0,5.833333492,0,0,2,421,473,894,590,529,1119
17163,218562,0,0,17,24,0,1,0,5.788888931,0,0,4,424,454,878,651,549,1200
17164,189378,0,0,19,23,1,1,0,5.752777576,0,0,3,413,429,842,477,520,997
17166,189396,0,0,25,20,1,1,0,5.766666889,0,0,3,434,449,883,524,493,1017
17167,189396,0,0,24,20,0,1,1,5.772222042,0,0,3,395,434,829,466,454,920
17168,189378,0,0,20,23,1,1,0,5.772222042,0,0,3,398,418,816,448,474,922
17169,234628,1,1,15,13,0,1,0,5.775000095,0,0,3,424,484,908,495,535,1030
17170,189396,1,1,17,15,1,1,1,5.775000095,0,0,3,431,439,870,505,520,1025
17171,189378,0,0,19,23,1,1,0,5.777777672,0,0,3,437,494,931,512,520,1032
17173,189396,0,0,24,21,0,1,1,5.780555725,0,0,3,386,444,830,487,488,975
17174,189378,1,0,15,23,0,1,0,5.788888931,0,0,3,390,459,849,462,484,946
17175,189378,0,0,19,23,1,1,0,5.791666508,0,0,3,431,444,875,527,526,1053
17179,123056,1,1,17,19,0,1,0,5.811110973,0,0,3,428,500,928,544,545,1089
17181,189382,1,1,13,17,0,1,0,5.819444656,0,0,2,467,500,967,540,538,1078
17183,189396,0,1,25,17,1,1,1,5.830555439,0,0,3,382,418,800,460,502,962
17184,189378,0,0,19,23,1,1,0,5.833333492,0,0,3,422,444,866,488,510,998
17185,189382,0,0,24,22,1,1,0,5.49444437,0,0,2,431,468,899,499,518,1017
17186,189382,0,0,24,22,1,1,1,5.813889027,0,0,2,470,494,964,604,572,1176
17187,191411,0,0,19,22,0,1,1,5.791666508,0,0,3,439,454,893,475,505,980
17188,212522,0,1,21,17,1,1,1,5.836111069,0,0,4,398,412,810,474,535,1009
17190,128076,1,1,13,14,0,1,0,5.883333206,0,1,2,419,439,858,564,523,1087
17192,230612,0,0,22,23,1,1,0,5.811110973,0,0,3,425,463,888,463,538,1001
17194,225585,1,1,13,18,0,1,0,5.791666508,0,0,3,400,429,829,465,474,939
17195,225585,0,1,22,19,1,1,0,5.800000191,0,0,3,439,449,888,519,553,1072
17197,261927,0,1,23,17,0,1,1,5.822222233,0,0,3,NA,NA,NA,512,502,1014
17200,261927,0,0,24,21,0,1,0,5.833333492,0,0,3,465,489,954,604,515,1119
17201,234628,0,0,23,22,0,1,0,5.800000191,0,0,3,431,444,875,512,497,1009
17202,244776,1,1,17,17,1,0,0,4.836111069,0,0,1,465,506,971,441,500,941
17203,244697,1,1,15,16,0,0,1,5.836111069,0,0,1,450,459,909,530,523,1053
17205,244780,0,0,23,25,0,0,1,5.836111069,0,0,1,440,500,940,447,474,921
17206,244831,0,0,27,24,0,1,1,5.777777672,0,0,2,451,494,945,564,518,1082
17207,244806,0,0,26,23,1,0,0,5.780555725,0,0,1,439,468,907,512,538,1050
17208,212522,0,0,22,26,0,1,1,5.658333302,0,0,4,433,513,946,503,542,1045
17209,244728,0,0,20,22,1,0,1,5.805555344,0,0,1,418,500,918,450,512,962
17213,244697,1,1,15,16,0,0,1,5.816666603,0,0,1,405,489,894,460,495,955
17218,244697,1,1,16,17,0,0,1,5.822222233,0,0,1,442,459,901,494,505,999
17222,244697,0,0,27,26,0,0,1,5.830555439,0,0,1,398,423,821,436,456,892
17228,244764,0,0,21,16,0,0,1,5.474999905,0,0,1,427,473,900,530,502,1032
17229,244776,0,1,23,15,0,0,1,5.366666794,0,0,1,437,444,881,471,529,1000
17230,244780,0,0,23,25,0,0,1,5.197222233,0,0,1,461,626,1087,462,479,941
17232,216536,1,1,17,14,1,1,0,5.836111069,0,0,3,430,506,936,548,601,1149
17233,169229,0,0,25,21,1,1,0,5.122222424,0,0,2,418,489,907,487,526,1013
17234,257905,0,1,21,15,1,1,0,5.758333206,0,0,4,NA,NA,NA,488,529,1017
17235,257905,0,0,21,22,0,1,1,5.777777672,0,0,4,427,439,866,480,500,980
17236,253888,0,0,17,20,0,1,0,5.805555344,0,0,3,NA,NA,NA,472,486,958
17237,257905,0,0,21,22,1,1,0,5.811110973,0,0,4,465,484,949,519,495,1014
17238,257899,0,0,23,23,0,1,0,5.816666603,0,0,3,428,473,901,503,507,1010
17239,257905,1,1,12,15,0,1,0,5.816666603,0,0,4,527,536,1063,590,578,1168
17240,216536,1,1,17,17,1,1,1,5.680555344,0,0,3,410,459,869,478,512,990
17242,168214,0,0,22,25,1,1,1,5.188889027,0,0,3,492,528,1020,604,612,1216
17243,112038,1,1,16,17,0,1,1,5.186110973,0,0,4,402,412,814,439,454,893
17244,180344,1,1,16,16,0,0,0,5.691666603,0,0,4,397,434,831,NA,NA,NA
17245,191411,0,0,19,21,1,1,1,5.772222042,0,0,3,436,484,920,474,490,964
17246,191411,0,0,17,21,0,1,1,5.758333206,0,0,3,411,444,855,460,463,923
17248,215533,0,0,24,23,1,1,1,5.752777576,0,0,3,433,473,906,469,477,946
17249,193423,1,1,16,15,0,1,0,5.75555563,0,0,3,451,602,1053,558,538,1096
17250,193423,1,1,16,15,1,1,0,5.761111259,0,0,3,448,536,984,553,545,1098
17251,193423,0,0,24,21,0,1,1,5.763888836,0,0,3,434,468,902,512,526,1038
17252,193422,1,0,16,22,1,1,0,5.766666889,0,0,3,418,439,857,475,497,972
17253,215533,0,0,23,23,1,1,0,5.775000095,0,0,3,NA,NA,NA,540,502,1042
17254,215533,0,0,24,23,0,1,1,5.775000095,0,0,3,450,494,944,604,553,1157
17255,215533,1,1,14,16,0,1,0,5.777777672,0,0,3,467,536,1003,651,567,1218
17256,193422,1,1,16,18,1,0,1,5.813889027,0,0,3,455,547,1002,558,627,1185
17260,244697,0,0,27,20,1,0,1,5.830555439,0,0,1,418,473,891,499,500,999
17261,244728,0,0,20,22,1,0,1,5.622222424,0,0,1,428,494,922,604,553,1157
17263,244806,0,0,25,23,0,0,0,5.508333206,0,0,1,478,484,962,483,488,971
17264,244806,0,0,27,23,0,0,1,5.491666794,0,0,1,456,528,984,495,532,1027
17265,244796,1,0,12,17,1,0,0,5.363888741,0,0,1,NA,NA,NA,536,538,1074
17266,244806,0,0,25,23,1,0,1,5.25555563,0,0,1,490,602,1092,519,578,1097
17267,244697,0,0,27,21,0,0,1,5.313889027,0,0,1,439,489,928,512,557,1069
17268,244723,1,1,17,15,1,0,1,5.327777863,0,0,1,427,547,974,527,545,1072
17269,244708,0,0,24,24,1,0,1,5.133333206,0,0,1,425,513,938,499,549,1048
17271,244774,0,1,22,17,1,0,0,5.252777576,0,0,1,500,489,989,519,523,1042
17273,244780,0,0,23,24,0,0,1,5.449999809,0,0,1,518,626,1144,536,535,1071
17274,180344,0,0,27,20,1,0,1,7.083333492,0,0,4,421,463,884,456,500,956
17275,203457,1,1,12,15,1,1,0,7.041666508,0,0,3,451,576,1027,579,592,1171
17276,169229,1,1,16,16,0,1,0,5.152777672,0,0,2,434,434,868,488,515,1003
17278,244723,1,1,17,15,1,0,1,5.602777958,0,0,1,NA,NA,NA,NA,NA,NA
17279,244723,0,0,26,21,1,0,1,5.516666889,0,0,1,413,439,852,447,490,937
17280,244806,0,0,27,22,1,0,1,6.013888836,0,0,1,460,547,1007,503,512,1015
17282,244780,0,0,23,25,1,0,1,5.824999809,0,0,1,400,494,894,439,456,895
17284,244708,1,1,16,16,1,0,1,5.816666603,0,0,1,436,473,909,503,535,1038
17286,244799,0,0,21,20,0,0,1,5.730555534,0,0,2,410,463,873,499,529,1028
17287,244774,0,0,26,23,1,0,1,5.641666889,0,0,1,416,489,905,447,470,917
17289,244806,0,0,27,22,1,0,1,5.563889027,0,0,1,478,528,1006,497,505,1002
17292,257905,0,0,22,22,1,1,1,5.699999809,0,0,4,436,478,914,501,557,1058
17293,189396,0,0,24,21,0,1,1,5.569444656,0,0,3,395,412,807,450,436,886
17296,162184,0,0,19,20,1,1,1,5.280555725,0,0,3,431,528,959,590,557,1147
17305,244806,0,0,27,23,1,0,1,5.425000191,0,0,1,467,528,995,488,529,1017
17306,244806,0,0,27,23,0,0,0,5.461111069,0,0,1,487,547,1034,509,526,1035
17307,244727,0,0,21,21,1,0,0,5.480555534,0,0,2,419,473,892,472,NA,NA
17308,244806,1,1,14,15,1,0,1,5.377777576,0,0,1,453,444,897,495,535,1030
17309,244774,0,0,22,24,1,0,1,5.416666508,0,0,1,443,468,911,463,451,914
17311,244736,0,0,21,24,0,0,1,5.094444275,0,0,1,NA,NA,NA,463,523,986
17312,221574,1,1,13,13,1,1,0,5.163888931,0,0,3,390,459,849,490,529,1019
17314,244806,0,0,25,22,0,0,1,5.641666889,0,0,1,447,500,947,436,488,924
17315,203452,0,0,21,22,0,1,1,5.622222424,0,0,3,427,444,871,454,479,933
17317,221571,0,0,21,21,0,1,0,5.433333397,0,0,3,413,473,886,519,526,1045
17318,244708,0,0,24,25,0,0,0,5.772222042,0,0,1,422,449,871,509,505,1014
17320,244697,0,0,27,19,1,0,1,5.638888836,0,0,1,434,473,907,514,488,1002
17321,244776,1,1,15,17,1,0,1,5.61944437,0,0,1,436,468,904,495,512,1007
17322,244723,0,0,26,26,0,0,1,5.663888931,0,0,1,414,444,858,540,523,1063
17327,244755,0,0,22,21,1,0,1,5.483333111,0,0,1,450,520,970,487,488,975
17328,244839,0,0,23,22,1,0,1,5.169444561,0,0,2,434,547,981,503,529,1032
17330,215533,0,1,23,16,0,0,0,5.702777863,0,0,3,NA,NA,NA,516,526,1042
17331,244723,1,1,17,15,0,0,1,5.830555439,0,0,1,390,423,813,503,535,1038
17332,212522,1,1,12,17,1,1,0,5.161110878,0,0,4,427,478,905,548,529,1077
17333,244736,0,0,19,20,0,0,1,5.166666508,0,0,1,497,547,1044,480,507,987
17334,244780,0,0,23,25,1,0,1,5.202777863,0,0,1,554,602,1156,447,497,944
17336,244799,1,1,14,16,0,0,0,5.516666889,0,0,2,443,536,979,544,592,1136
17338,244755,0,0,20,21,1,0,1,5.627777576,0,0,1,425,506,931,536,515,1051
17339,244755,0,0,20,21,0,0,1,5.666666508,0,0,1,400,449,849,494,474,968
17340,244745,1,1,15,18,1,0,0,5.716666698,0,0,2,430,494,924,447,512,959
17341,128079,0,0,24,23,1,0,1,5.74444437,0,0,3,424,439,863,558,497,1055
17342,244806,0,1,25,15,0,0,1,5.213889122,0,0,1,490,536,1026,516,520,1036
17344,244806,0,0,27,22,1,0,1,5.541666508,0,0,1,483,520,1003,536,549,1085
17346,128076,0,0,24,21,1,1,0,5.719444275,0,0,2,419,429,848,438,461,899
17350,244839,1,1,15,16,0,0,0,5.099999905,0,0,2,450,576,1026,629,553,1182
17351,161183,0,0,23,23,1,1,1,5.163888931,0,0,3,421,429,850,442,470,912
17353,244796,1,0,13,17,0,0,1,5.283333302,0,0,1,421,478,899,524,518,1042
17354,244736,0,0,21,21,0,0,1,5.344444275,0,0,1,421,513,934,463,502,965
17355,244708,1,1,16,16,1,0,1,5.363888741,0,0,1,402,392,794,480,474,954
17356,244776,0,0,22,25,1,0,1,5.441666603,0,0,1,437,473,910,441,461,902
17357,244799,1,1,14,16,0,0,0,5.805555344,0,0,2,416,473,889,553,562,1115
17360,244728,0,0,17,22,0,0,1,5.411110878,0,0,1,428,473,901,480,507,987
17361,244723,1,1,17,15,0,0,1,5.613888741,0,0,1,445,494,939,544,545,1089
17362,130085,1,1,13,17,1,1,1,5.111111164,0,0,2,433,484,917,509,510,1019
17363,161183,0,0,22,22,1,1,0,5.199999809,0,0,3,522,536,1058,604,676,1280
17365,168211,1,0,16,29,1,1,0,5.133333206,0,0,3,445,484,929,NA,520,NA
17366,169231,0,0,23,21,0,0,0,5.219444275,0,0,1,424,468,892,494,520,1014
17369,244774,0,0,26,23,1,0,1,5.569444656,0,0,1,410,494,904,439,468,907
17370,244776,1,1,17,17,1,0,1,5.74444437,0,0,1,440,489,929,468,538,1006
17371,205492,0,0,23,29,1,1,1,5.24444437,0,0,2,425,454,879,430,456,886
17374,244727,0,0,21,23,0,0,0,5.202777863,0,0,2,554,576,1130,651,612,1263
17375,244776,0,0,23,25,1,0,1,5.211111069,0,0,1,434,463,897,530,526,1056
17376,123056,0,0,24,25,1,1,0,5.258333206,0,0,3,NA,NA,NA,477,526,1003
17377,244755,0,0,20,21,1,0,1,5.661110878,0,0,1,408,429,837,451,468,919
17378,264945,0,0,23,27,1,1,0,5.594444275,0,0,2,480,500,980,590,567,1157
17379,169229,1,1,17,16,1,1,0,5.763888836,0,0,2,468,494,962,558,627,1185
17380,244723,0,0,25,26,0,0,1,5.11944437,0,0,1,430,536,966,NA,NA,NA
17381,244755,0,0,22,23,0,0,1,5.466666698,0,0,1,455,547,1002,485,481,966
17382,221571,1,1,16,14,0,0,1,5.702777863,0,0,3,384,423,807,NA,444,NA
17383,244776,1,1,15,17,0,0,1,5.444444656,0,0,1,407,375,782,499,520,1019
17386,203452,0,0,23,23,1,1,1,5.783333302,0,0,3,407,459,866,488,520,1008
17387,244697,0,0,27,20,1,0,1,5.805555344,0,0,1,428,478,906,533,526,1059
17388,173312,0,0,22,20,0,0,1,5.741666794,0,0,3,422,412,834,421,449,870
17390,244774,0,0,26,20,0,0,1,5.216666698,0,0,1,436,478,914,487,493,980
17392,252885,1,1,14,17,1,0,0,5.433333397,0,0,3,443,528,971,564,553,1117
17395,244839,1,1,16,16,0,0,1,5.25555563,0,0,2,NA,459,NA,590,572,1162
17396,244839,0,0,23,24,0,0,0,5.305555344,0,0,2,495,626,1121,564,627,1191
17398,244728,0,0,17,22,0,0,1,5.416666508,0,0,1,410,405,815,450,465,915
17399,244728,0,1,20,13,0,0,1,5.394444466,0,0,1,422,468,890,519,507,1026
17401,244736,0,0,21,22,1,0,1,5.486111164,0,0,1,448,478,926,431,510,941
17402,244776,0,0,22,25,1,0,1,5.644444466,0,0,1,407,423,830,478,474,952
17404,244728,0,0,17,22,0,0,1,5.158333302,0,0,1,434,459,893,472,507,979
17406,244697,1,1,16,16,1,0,1,5.836111069,0,0,1,421,423,844,516,512,1028
17409,244806,0,0,26,23,0,0,1,5.266666889,0,0,1,458,536,994,471,542,1013
17410,244806,1,1,14,15,0,0,1,5.266666889,0,0,1,458,536,994,492,515,1007
17414,244755,1,1,16,15,0,0,0,5.291666508,0,0,1,NA,NA,NA,524,532,1056
17415,191411,0,0,19,21,0,1,1,5.591666698,0,0,3,416,449,865,501,505,1006
17416,244774,1,1,16,17,0,0,1,5.238888741,0,0,1,414,478,892,465,470,935
17418,244780,0,1,23,17,1,0,0,5.636111259,0,0,1,456,528,984,519,520,1039
17421,159171,1,1,17,15,0,1,1,5.694444656,0,0,3,430,468,898,501,532,1033
17422,231616,0,0,23,25,1,1,1,5.544444561,0,0,3,NA,NA,NA,425,404,829
17426,123056,0,0,24,27,0,1,0,5.105555534,0,0,3,NA,NA,NA,495,542,1037
17428,244697,0,0,27,21,0,0,1,5.108333111,0,0,1,411,444,855,483,486,969
17429,203457,0,0,19,24,0,1,1,5.13055563,0,1,3,440,489,929,519,535,1054
17432,244839,1,1,16,16,0,0,0,5.708333492,0,0,2,422,494,916,527,567,1094
17433,169219,0,1,20,17,1,1,0,5.11944437,0,0,2,463,536,999,629,676,1305
17434,201449,0,0,21,26,0,1,1,5.169444561,0,0,3,437,500,937,579,549,1128
17435,244806,0,0,27,22,1,0,1,5.116666794,0,0,1,468,468,936,439,444,883
17437,189396,1,1,17,17,0,1,0,5.099999905,0,0,3,460,536,996,604,592,1196
17438,170295,0,0,22,22,0,0,1,5.136111259,0,0,3,422,463,885,492,510,1002
17439,201449,0,0,22,25,0,1,0,5.099999905,0,0,3,428,473,901,483,538,1021
17442,128079,1,1,16,15,0,0,1,5.147222042,0,0,3,414,434,848,509,497,1006
17447,170295,1,0,13,23,0,1,0,5.086111069,0,0,3,431,484,915,629,578,1207
17448,193422,0,0,22,26,0,1,0,5.111111164,0,0,3,470,520,990,590,532,1122
17450,180344,0,0,24,22,0,0,1,5.086111069,0,0,4,436,459,895,516,515,1031
17451,161183,1,1,14,15,1,1,0,5.730555534,0,0,3,485,506,991,629,601,1230
17452,180344,0,0,27,22,0,1,0,5.147222042,0,0,4,437,547,984,524,526,1050
17453,221574,0,0,20,22,0,1,0,5.13055563,0,0,3,455,473,928,590,526,1116
17454,231616,0,0,21,25,0,1,1,5.102777958,0,0,3,428,528,956,521,584,1105
17455,244728,1,1,17,13,1,0,1,5.275000095,0,0,1,425,444,869,451,454,905
17457,244839,0,0,23,22,0,0,0,5.091666698,0,0,2,428,520,948,530,549,1079
17458,244723,0,0,26,21,0,0,1,5.336111069,0,0,1,411,423,834,474,484,958
17459,244764,0,0,21,19,0,0,1,5.133333206,0,0,1,419,444,863,453,479,932
17460,189396,0,1,24,15,1,1,0,5.611111164,0,0,3,384,384,768,423,436,859
17461,257905,0,0,21,22,0,1,0,5.102777958,0,0,4,450,489,939,521,557,1078
17463,244774,0,0,26,26,1,0,0,5.349999905,0,0,1,451,500,951,507,529,1036
17464,244799,0,0,18,22,0,0,1,5.383333206,0,0,2,400,434,834,453,493,946
17465,244745,0,0,28,24,0,1,1,5.486111164,0,0,2,443,494,937,527,515,1042
17469,244727,0,0,21,21,0,0,1,5.533333302,0,0,2,434,468,902,509,490,999
17472,244806,0,0,25,22,0,0,1,5.572222233,0,0,1,472,602,1074,524,578,1102
17475,244708,1,1,16,16,1,0,1,5.577777863,0,0,1,422,434,856,466,529,995
17476,244780,0,0,23,25,1,0,1,5.583333492,0,0,1,472,559,1031,438,456,894
17477,230612,0,0,22,23,1,1,0,5.144444466,0,0,3,455,559,1014,629,612,1241
17479,231616,1,1,14,15,0,1,0,5.172222137,0,0,3,440,576,1016,483,500,983
17480,244708,0,0,22,25,0,0,1,5.616666794,0,0,1,411,468,879,468,493,961
17484,244708,0,0,24,25,0,0,1,5.683333397,0,0,1,413,454,867,530,490,1020
17485,165199,0,0,19,22,1,1,0,5.761111259,0,0,4,448,500,948,604,535,1139
17486,244708,0,1,22,15,0,0,1,5.702777863,0,0,1,431,418,849,579,526,1105
17489,169229,0,0,25,21,1,1,0,5.36944437,0,0,2,NA,NA,NA,497,542,1039
17490,244708,0,0,22,22,0,0,1,5.452777863,0,0,1,408,468,876,516,493,1009
17491,221571,1,1,16,14,1,1,0,5.183333397,0,0,3,430,468,898,465,526,991
17492,244708,0,1,24,14,0,0,1,5.172222137,0,0,1,407,439,846,492,486,978
17493,244708,0,0,22,25,0,0,1,5.102777958,0,0,1,414,439,853,490,529,1019
17494,244755,1,1,15,15,1,0,1,5.691666603,0,0,1,518,602,1120,590,553,1143
17498,244796,1,0,12,17,1,0,1,5.305555344,0,0,1,410,463,873,468,458,926
17500,244755,0,0,22,21,0,0,1,5.530555725,0,0,1,430,484,914,462,477,939
17501,244708,0,0,24,25,0,0,1,5.227777958,0,0,1,418,439,857,558,542,1100
17506,180344,0,0,24,22,1,1,0,5.705555439,0,0,4,NA,NA,NA,524,567,1091
17507,205490,0,0,24,24,1,0,1,5.302777767,0,0,1,439,478,917,590,584,1174
17508,244745,1,1,15,18,0,0,0,5.913888931,0,0,2,NA,NA,NA,564,538,1102
17511,244708,0,0,22,25,0,0,1,5.333333492,0,0,1,398,454,852,428,484,912
17513,262937,1,1,14,15,1,1,0,5.324999809,0,0,2,465,602,1067,590,612,1202
17514,244708,0,0,24,22,1,0,1,5.105555534,0,0,1,411,454,865,482,484,966
17515,244708,0,0,24,22,0,0,1,5.344444275,0,0,1,398,412,810,475,472,947
17516,244708,0,0,22,22,1,0,1,5.411110878,0,0,1,402,459,861,512,510,1022
17517,244708,0,0,22,25,0,0,1,5.372222424,0,0,1,393,434,827,503,510,1013
17519,244708,0,0,22,25,1,0,1,5.430555344,0,0,1,403,473,876,465,515,980
17520,244708,0,0,24,24,1,0,0,5.413888931,0,0,1,421,449,870,468,486,954
17523,244755,0,0,22,23,0,0,1,5.458333492,0,0,1,433,520,953,NA,NA,NA
17526,170295,0,0,22,22,0,1,0,5.827777863,0,0,3,495,528,1023,579,542,1121
17528,244723,0,0,26,26,0,0,1,5.566666603,0,0,1,403,392,795,485,497,982
17529,244697,0,0,26,21,0,0,1,5.772222042,0,0,1,NA,459,NA,492,495,987
17531,244831,0,0,22,24,0,0,1,5.330555439,0,0,2,434,494,928,579,538,1117
17532,244799,0,0,18,20,0,0,1,5.572222233,0,0,2,408,454,862,492,512,1004
17533,218562,1,1,14,14,0,1,1,5.669444561,0,0,4,472,528,1000,571,495,1066
17534,257905,1,1,13,15,0,1,0,5.402777672,0,0,4,450,559,1009,629,562,1191
17537,169280,0,0,22,25,0,1,0,5.547222137,0,0,2,430,459,889,533,490,1023
17540,189378,1,1,15,15,0,1,0,5.150000095,0,0,3,424,412,836,505,520,1025
17542,244839,0,0,23,24,0,0,1,5.258333206,0,0,2,NA,500,NA,448,578,1026
17543,244708,0,0,22,24,1,0,1,5.766666889,0,0,1,391,434,825,460,451,911
17544,244723,1,1,17,15,1,0,1,5.411110878,0,0,1,418,494,912,490,549,1039
17546,244780,0,0,23,25,0,0,1,5.397222042,0,0,1,503,559,1062,448,495,943
17547,221571,0,0,21,22,0,0,1,5.347222328,0,0,3,413,444,857,536,549,1085
17550,244746,1,1,16,15,0,0,1,5.786110878,0,0,1,451,473,924,548,549,1097
17551,244780,1,1,17,17,0,0,0,5.805555344,0,0,1,458,536,994,450,507,957
17552,244736,0,0,21,22,1,0,1,5.483333111,0,0,1,455,513,968,514,584,1098
17553,218562,0,0,17,24,1,1,0,5.183333397,0,0,4,416,489,905,521,562,1083
17554,173312,0,0,22,21,0,1,0,5.247222424,0,0,3,510,547,1057,604,578,1182
17556,244774,1,1,17,17,0,0,1,5.580555439,0,0,1,467,547,1014,553,553,1106
17557,189396,0,0,25,21,0,1,0,5.199999809,0,0,3,398,454,852,527,523,1050
17558,205488,0,1,24,14,1,1,0,5.344444275,0,1,2,NA,489,NA,468,488,956
17559,221571,0,0,23,23,1,1,0,5.316666603,0,0,3,402,418,820,428,477,905
17561,244839,0,0,23,24,1,0,0,5.466666698,0,0,2,414,528,942,507,584,1091
17562,161183,0,0,21,22,0,1,1,5.213889122,0,0,3,NA,NA,NA,NA,NA,NA
17564,244839,0,0,23,26,0,0,1,5.580555439,0,0,2,NA,NA,NA,497,535,1032
17566,244774,1,1,17,17,0,0,1,5.555555344,0,0,1,413,449,862,505,474,979
17572,244736,0,0,21,24,1,0,1,5.205555439,0,0,1,418,423,841,416,470,886
17576,244755,0,0,22,23,0,0,1,5.694444656,0,0,1,461,536,997,516,484,1000
17577,173312,0,0,22,21,0,1,0,5.197222233,0,0,3,472,494,966,540,572,1112
17578,228606,0,0,25,20,1,0,0,5.761111259,0,0,3,436,459,895,503,507,1010
17579,212522,1,1,13,16,1,1,0,5.199999809,0,0,4,439,506,945,451,538,989
17580,244780,0,0,23,25,1,0,1,5.616666794,0,0,1,470,559,1029,447,436,883
17582,244806,0,0,26,22,1,0,1,5.205555439,0,0,1,418,463,881,462,484,946
17588,212522,0,0,22,27,0,1,0,5.205555439,0,0,4,453,489,942,478,512,990
17589,244708,0,0,22,25,1,0,1,5.522222042,0,0,1,416,439,855,431,451,882
17590,244708,0,0,21,25,0,0,1,5.605555534,0,0,1,395,418,813,456,479,935
17591,180344,0,0,25,22,1,1,0,5.227777958,0,0,4,436,520,956,530,592,1122
17592,244839,1,1,16,17,1,0,1,5.452777863,0,0,2,497,576,1073,629,578,1207
17595,228606,0,0,24,20,1,1,0,5.155555725,0,0,3,437,484,921,503,512,1015
17598,189378,1,0,15,23,1,1,0,5.430555344,0,0,3,393,412,805,450,468,918
17600,244806,0,0,25,22,1,0,1,5.177777767,0,0,1,483,500,983,480,523,1003
17601,209510,0,0,22,23,1,1,0,5.605555534,0,0,3,NA,NA,NA,629,549,1178
17602,244727,0,1,21,13,0,0,1,5.652777672,0,0,2,425,468,893,536,529,1065
17605,201449,1,1,15,17,0,1,1,5.647222042,0,0,3,434,473,907,524,505,1029
17607,215533,0,0,23,23,0,1,1,5.224999905,0,0,3,414,418,832,444,456,900
17608,244831,0,0,22,24,1,1,0,5.327777863,0,0,2,402,439,841,439,449,888
17611,169229,1,1,16,16,0,1,0,5.116666794,0,0,2,442,484,926,544,578,1122
17612,244723,0,0,25,23,0,0,1,5.677777767,0,0,1,418,434,852,483,495,978
17613,180344,0,0,24,22,1,0,1,5.211111069,0,0,4,455,506,961,NA,NA,NA
17614,257905,1,1,12,15,1,1,0,5.611111164,0,0,4,468,494,962,558,523,1081
17615,209510,0,0,24,23,0,1,0,5.480555534,0,0,3,419,484,903,527,529,1056
17616,169280,1,1,15,17,0,1,0,5.275000095,0,0,2,445,473,918,536,542,1078
17617,244806,1,1,14,15,0,0,1,5.50555563,0,0,1,NA,NA,NA,474,510,984
17620,244708,0,0,22,24,0,0,1,5.491666794,0,0,1,405,434,839,450,490,940
17621,244806,1,1,14,15,1,0,1,5.150000095,0,0,1,437,459,896,499,526,1025
17622,244755,0,0,22,23,1,0,1,5.188889027,0,0,1,428,500,928,503,493,996
17624,180344,0,0,24,20,1,0,1,5.158333302,0,0,4,NA,NA,NA,507,529,1036
17625,244799,0,0,18,20,0,0,1,5.152777672,0,0,2,430,468,898,540,549,1089
17626,261927,0,0,24,21,0,1,0,5.538888931,0,0,3,442,576,1018,571,572,1143
17627,128076,0,0,24,21,1,1,0,5.758333206,0,0,2,397,449,846,459,458,917
17628,244796,1,1,13,17,0,0,1,5.102777958,0,0,1,431,478,909,509,538,1047
17630,128076,0,0,23,21,0,1,1,5.780555725,0,0,2,433,506,939,499,495,994
17635,244839,0,1,23,16,0,0,0,5.5,0,0,2,NA,602,NA,579,584,1163
17641,244708,0,0,22,24,1,0,1,5.513888836,0,0,1,410,454,864,474,474,948
17642,244708,0,0,24,22,1,0,1,5.166666508,0,0,1,410,418,828,466,490,956
17645,244708,0,0,22,22,0,0,1,5.547222137,0,0,1,427,489,916,524,572,1096
17647,203457,0,0,16,24,0,1,0,5.341666698,0,0,3,431,473,904,488,510,998
17650,234628,0,0,24,21,0,1,0,5.386111259,0,0,3,439,489,928,629,562,1191
17651,212522,0,0,22,27,0,1,0,5.422222137,0,0,4,NA,536,NA,651,578,1229
17653,244708,0,0,24,25,1,0,1,5.597222328,0,0,1,398,459,857,451,481,932
17658,205490,0,0,24,24,0,0,0,5.502777576,0,0,1,450,463,913,651,612,1263
17659,128079,0,0,24,20,0,1,0,5.613888741,0,0,3,400,439,839,492,512,1004
17660,212522,1,1,13,17,1,1,0,5.827777863,0,0,4,465,513,978,590,601,1191
17661,203452,0,0,23,22,1,1,0,5.705555439,0,0,3,439,473,912,553,526,1079
17663,244708,0,0,24,25,0,0,1,5.138888836,0,0,1,402,423,825,497,493,990
17673,244727,0,1,21,18,1,0,1,5.105555534,0,0,2,408,439,847,475,523,998
17677,259915,0,1,26,14,0,1,NA,5.205555439,NA,0,3,480,528,1008,651,NA,NA
17678,244745,0,0,27,24,1,1,NA,5.394444466,NA,0,2,421,478,899,NA,458,NA
17679,244745,0,0,27,24,1,1,0,5.405555725,0,0,2,402,444,846,436,433,869
17681,244727,0,0,21,21,1,0,1,5.394444466,0,0,2,390,473,863,501,542,1043
17687,244745,0,0,27,24,0,0,NA,5.613888741,NA,0,2,419,489,908,463,479,942
17694,180344,0,0,24,20,0,0,1,5.272222042,0,0,4,425,468,893,530,515,1045
17695,244728,1,1,17,13,0,0,0,5.786110878,0,0,1,402,384,786,447,465,912
17698,244799,1,0,14,19,0,0,1,5.766666889,0,0,2,433,468,901,558,526,1084
17700,244839,0,0,23,26,1,0,1,5.836111069,0,0,2,NA,536,NA,571,572,1143
17702,208503,1,1,14,13,0,1,1,5.397222042,0,0,3,416,463,879,512,529,1041
17703,208503,0,0,24,20,0,1,1,5.261111259,0,0,3,384,405,789,442,465,907
17709,169280,1,1,15,16,0,1,0,6.922222137,0,0,2,460,494,954,536,545,1081
17712,259915,1,1,14,14,0,1,0,5.555555344,0,0,3,NA,NA,NA,540,584,1124
17715,259915,0,0,26,24,1,1,0,5.419444561,0,0,3,403,459,862,499,472,971
17722,262937,0,0,19,23,0,1,0,5.824999809,0,0,2,437,528,965,499,518,1017
17723,262937,0,0,19,23,0,1,0,5.311110973,0,0,2,497,559,1056,604,567,1171
17724,262937,0,0,22,24,0,1,0,5.283333302,0,0,2,455,559,1014,629,557,1186
17727,208501,1,1,14,17,0,1,1,5.122222424,0,0,3,480,547,1027,564,572,1136
17728,221571,0,0,23,24,0,0,1,5.724999905,0,0,3,388,412,800,423,433,856
17729,221571,0,0,23,23,1,0,1,5.097222328,0,0,3,378,392,770,425,436,861
17730,221571,0,0,23,22,1,0,1,5.530555725,0,0,3,384,384,768,NA,NA,NA
17731,221571,0,0,21,21,0,1,0,5.102777958,0,0,3,428,484,912,564,572,1136
17733,244727,0,0,21,21,0,0,0,5.224999905,0,0,2,447,513,960,501,484,985
17736,244755,0,0,22,21,1,0,1,5.663888931,0,0,1,424,478,902,474,479,953
17737,244774,0,0,26,24,0,0,1,5.513888836,0,0,1,424,520,944,471,520,991
17741,244796,0,0,19,24,1,0,1,5.297222137,0,0,1,408,418,826,447,465,912
17742,180344,0,0,27,21,0,0,1,5.680555344,0,0,4,421,439,860,579,523,1102
17743,244745,1,0,15,24,1,0,1,5.647222042,0,0,2,NA,NA,NA,503,542,1045
17745,169229,1,1,17,17,0,1,0,5.366666794,0,0,2,461,528,989,540,500,1040
17747,169229,1,1,16,16,0,0,0,5.422222137,0,0,2,436,484,920,475,523,998
17749,252885,0,0,20,28,1,1,1,5.158333302,0,0,3,450,520,970,558,578,1136
17753,218562,0,0,17,24,0,1,0,5.377777576,0,0,4,518,520,1038,629,562,1191
17756,218562,0,0,17,24,0,1,0,5.461111069,0,0,4,461,484,945,553,562,1115
17757,218562,0,0,17,24,0,0,1,5.258333206,0,0,4,422,463,885,474,461,935
17759,218562,1,1,13,14,1,1,0,5.336111069,0,0,4,434,489,923,530,567,1097
17760,218562,1,1,13,13,0,1,0,5.127777576,0,0,4,451,500,951,516,538,1054
17766,244801,1,0,16,24,1,0,1,5.605555534,0,0,2,427,489,916,462,523,985
17769,205490,1,1,15,17,1,0,1,5.288888931,0,0,1,NA,NA,NA,487,523,1010
17776,168214,0,0,22,23,0,1,1,5.086111069,0,0,3,467,520,987,579,549,1128
17777,225585,0,1,21,19,0,1,1,5.233333111,0,0,3,433,500,933,465,538,1003
17778,252885,0,0,20,27,0,1,0,5.822222233,0,0,3,465,506,971,564,567,1131
17784,244831,1,1,17,14,1,0,1,5.647222042,0,0,2,391,412,803,448,474,922
17787,244736,0,0,21,22,1,0,1,5.341666698,0,0,1,439,506,945,482,542,1024
17788,244736,0,0,21,22,0,0,1,5.144444466,0,0,1,384,423,807,475,523,998
17816,244708,1,1,16,15,1,0,1,5.488888741,0,0,1,430,405,835,462,470,932
17820,193423,0,0,24,26,0,1,0,5.263888836,0,0,3,458,506,964,604,545,1149
17827,161183,0,0,23,22,0,1,1,5.724999905,0,0,3,425,454,879,564,545,1109
17852,264945,0,0,22,27,1,0,0,5.216666698,0,0,2,419,463,882,490,535,1025
17853,169229,1,1,16,17,0,0,0,5.25555563,0,0,2,418,489,907,604,502,1106
18119,130085,0,0,20,23,0,1,0,7.027777672,0,0,2,448,500,948,540,562,1102
18120,205491,0,0,22,18,0,1,0,7.083333492,0,0,2,440,520,960,514,601,1115
18123,244780,0,0,23,25,0,0,1,7.030555725,0,0,1,538,602,1140,544,538,1082
18124,244745,1,1,15,18,1,1,0,6.897222042,0,0,2,465,494,959,516,497,1013
18127,244831,0,1,22,14,0,1,0,6.933333397,0,0,2,419,444,863,527,515,1042
18128,168211,0,0,24,30,1,1,0,6.933333397,0,0,3,510,559,1069,NA,578,NA
18138,230612,0,0,23,20,0,1,0,7.047222137,0,0,3,463,559,1022,548,584,1132
18139,253888,0,0,18,23,0,1,0,6.936110973,0,0,3,418,506,924,533,549,1082
18141,244697,0,0,27,21,1,0,1,6.683333397,0,0,1,418,473,891,494,523,1017
18142,257905,0,0,21,22,0,1,0,7.036110878,0,0,4,456,489,945,604,542,1146
18143,257905,0,0,21,23,1,1,0,7.072222233,0,0,4,485,576,1061,604,578,1182
18148,203452,0,0,21,24,0,1,1,6.916666508,0,0,3,443,489,932,536,529,1065
18155,203457,0,0,19,23,0,1,1,7.077777863,0,0,3,445,478,923,553,518,1071
18156,203457,0,0,16,23,1,1,1,7.022222042,0,1,3,455,494,949,536,502,1038
18157,215533,0,0,23,23,1,1,1,6.997222424,0,0,3,436,473,909,519,535,1054
18172,244799,0,0,21,24,1,0,0,6,0,0,2,NA,NA,NA,480,507,987
18173,205490,0,0,24,24,1,0,1,7.016666889,0,1,1,416,434,850,505,518,1023
18175,159171,1,1,17,15,0,1,1,7.033333302,0,0,3,497,536,1033,579,578,1157
18179,161176,0,0,24,26,1,1,1,7.038888931,0,0,3,408,463,871,466,NA,NA
18180,189382,0,0,23,22,0,1,0,6.441666603,0,0,2,447,500,947,519,549,1068
18181,205492,1,1,16,18,1,0,1,6.977777958,0,0,2,450,513,963,487,545,1032
18182,257905,0,0,21,22,1,1,1,6.563889027,1,0,4,413,439,852,450,495,945
18183,209510,1,1,14,14,1,1,0,6.997222424,0,0,3,427,459,886,477,545,1022
18186,203452,0,0,19,24,1,1,1,5.108333111,0,0,3,463,602,1065,590,592,1182
18193,201449,0,0,22,26,1,0,1,5.169444561,0,0,3,439,439,878,527,518,1045
18198,189396,0,0,24,21,0,1,0,5.24444437,0,0,3,436,500,936,503,515,1018
18199,262937,0,1,22,16,0,1,0,5.155555725,0,0,2,605,536,1141,604,572,1176
18200,215533,0,1,23,18,0,1,0,5.13055563,0,0,3,472,489,961,571,526,1097
18207,244755,0,0,20,21,0,0,1,5.208333492,0,0,1,443,484,927,519,490,1009
18210,123056,0,0,24,27,1,1,1,5.105555534,0,0,3,416,454,870,492,505,997
18212,203457,0,1,19,15,0,1,0,5.194444656,0,0,3,455,494,949,NA,NA,NA
18214,253888,0,0,18,20,0,1,0,5.458333492,0,0,3,427,559,986,571,592,1163
18215,215533,1,1,17,15,0,1,0,5.650000095,0,0,3,456,602,1058,521,601,1122
18217,261927,0,0,22,21,0,1,0,5.319444656,0,0,3,447,528,975,536,538,1074
18218,244727,1,1,17,13,0,0,1,5.377777576,0,0,2,440,463,903,NA,NA,NA
18219,216536,1,1,17,14,0,1,0,5.472222328,0,0,3,414,500,914,604,562,1166
18220,212522,0,0,21,26,1,1,1,5.125,0,0,4,433,528,961,485,510,995
18222,244806,1,1,14,15,1,0,1,5.355555534,0,0,1,434,528,962,471,549,1020
18225,159171,0,0,24,23,0,0,1,5.311110973,0,0,3,474,500,974,485,523,1008
18227,253888,1,1,13,13,1,1,0,5.436110973,0,0,3,419,473,892,453,518,971
18231,244697,1,1,16,16,0,0,1,5.777777672,0,0,1,408,434,842,540,520,1060
18235,130085,0,0,22,23,1,1,0,5.477777958,0,0,2,425,489,914,516,578,1094
18238,130085,0,0,20,24,0,1,0,5.583333492,0,0,2,447,520,967,604,653,1257
18239,253888,0,0,18,23,1,1,1,5.558333397,0,0,3,428,489,917,477,512,989
18242,180344,1,1,16,16,0,1,0,5.391666889,0,0,4,416,449,865,516,572,1088
18244,180344,0,0,25,20,0,0,1,5.683333397,0,0,4,443,506,949,590,529,1119
18245,169229,1,1,17,16,1,0,0,5.477777958,0,0,2,463,484,947,524,557,1081
18247,169229,1,1,16,16,1,0,0,5.425000191,0,0,2,451,494,945,514,526,1040
18248,208501,1,1,15,20,0,1,0,5.527777672,0,0,3,433,484,917,527,549,1076
18249,257905,0,0,22,22,0,1,0,5.819444656,0,0,4,460,489,949,629,653,1282
18251,159171,0,0,24,23,1,1,0,5.622222424,0,0,3,NA,NA,NA,505,542,1047
18253,244839,0,0,23,26,0,0,1,5.569444656,0,0,2,390,478,868,482,502,984
18258,244727,1,1,17,13,0,0,1,5.752777576,0,0,2,402,478,880,548,532,1080
18259,162184,1,1,12,14,0,1,1,5.697222233,0,1,3,419,444,863,527,510,1037
18260,193422,0,0,20,25,0,1,1,5.711111069,0,0,3,NA,439,NA,480,481,961
18261,212522,0,0,23,26,1,1,1,5.669444561,0,0,4,419,506,925,477,562,1039
18262,159171,0,0,22,23,1,1,0,5.483333111,0,0,3,492,520,1012,571,557,1128
18264,262937,1,1,13,16,1,1,0,5.416666508,0,0,2,467,473,940,553,526,1079
18265,209510,0,0,22,23,1,1,0,5.791666508,0,0,3,411,444,855,453,493,946
18267,234628,0,0,24,21,0,1,1,5.780555725,0,0,3,442,459,901,579,538,1117
18272,205488,0,0,23,23,0,0,0,5.800000191,0,0,2,456,449,905,553,515,1068
18273,189378,0,0,19,23,0,1,0,5.175000191,0,0,3,437,494,931,564,612,1176
18278,228606,1,1,16,14,1,0,1,5.091666698,0,0,3,427,434,861,527,557,1084
18282,244780,0,0,23,25,1,0,1,5.163888931,0,0,1,436,506,942,454,493,947
18284,244745,0,0,27,24,0,0,0,5.199999809,0,0,2,483,626,1109,530,529,1059
18292,244799,1,0,14,19,0,0,1,5.449999809,0,0,2,431,547,978,540,542,1082
18295,203452,0,0,19,24,0,1,0,5.555555344,0,0,3,460,520,980,604,592,1196
18297,244801,1,1,16,17,1,1,1,5.605555534,0,0,2,NA,NA,NA,507,535,1042
18299,244697,1,1,15,17,1,0,1,5.602777958,0,0,1,453,478,931,544,549,1093
18300,166203,0,0,21,21,1,1,1,5.625,0,0,4,413,468,881,457,500,957
18301,262937,1,1,14,15,1,1,0,5.647222042,0,0,2,NA,NA,NA,629,592,1221
18305,205490,0,0,24,24,1,0,1,5.702777863,0,1,1,400,412,812,509,515,1024
18312,215533,0,0,23,23,1,0,1,5.152777672,0,0,3,427,473,900,472,484,956
18314,244745,0,0,28,24,0,1,0,5.102777958,0,0,2,436,513,949,478,477,955
18317,169229,1,1,16,16,0,1,1,5.24444437,0,0,2,456,500,956,503,553,1056
18320,170295,1,1,13,18,0,1,1,5.655555725,0,0,3,428,454,882,651,601,1252
18327,252885,1,1,14,17,1,1,0,5.127777576,0,0,3,431,500,931,475,518,993
18362,162184,0,0,19,21,0,1,1,5.783333302,0,1,3,411,468,879,471,520,991
18385,230612,0,0,23,23,0,1,1,5.711111069,0,0,3,474,536,1010,604,567,1171
18389,244799,1,0,14,19,0,1,0,5.805555344,0,0,2,456,536,992,604,578,1182
18394,162184,1,1,12,13,1,1,1,5.147222042,0,0,3,416,489,905,466,529,995
18516,180344,0,0,27,20,0,1,0,5.383333206,0,0,4,455,506,961,558,468,1026
18615,257905,0,0,22,22,1,1,0,7.044444561,0,0,4,439,489,928,564,601,1165
18616,257905,1,1,13,15,1,1,0,7.044444561,0,0,4,467,489,956,579,562,1141
18620,244839,1,0,15,22,1,0,0,5.191666603,0,0,2,442,547,989,579,601,1180
18621,228606,1,0,16,21,1,1,1,6.736111164,1,0,3,463,602,1065,558,584,1142
18631,168211,0,0,24,30,1,1,0,6.824999809,0,0,3,461,536,997,NA,507,NA
18637,215533,0,0,23,23,1,1,0,6.916666508,0,0,3,490,626,1116,604,612,1216
18643,244799,1,1,14,16,0,0,0,6.927777767,0,0,2,430,434,864,512,512,1024
18645,193423,1,1,17,14,1,1,1,6.927777767,0,0,3,391,418,809,447,490,937
18647,193422,1,1,16,18,0,1,1,6.952777863,0,0,3,538,547,1085,629,572,1201
18650,159171,1,1,16,15,1,1,1,7.072222233,0,0,3,605,576,1181,651,612,1263
18651,173312,1,1,14,16,0,1,0,7.016666889,0,0,3,483,520,1003,604,493,1097
18662,221571,1,1,16,14,1,1,0,7.058333397,0,0,3,400,418,818,426,441,867
18663,230612,0,0,22,20,1,1,1,7.083333492,0,0,3,431,528,959,507,542,1049
18664,244801,1,1,16,17,1,1,0,6.705555439,1,0,2,421,459,880,451,468,919
18665,189378,1,1,15,15,1,1,1,7.050000191,0,0,3,434,434,868,505,529,1034
18668,169229,0,0,22,20,0,1,0,5.163888931,0,0,2,NA,NA,NA,468,562,1030
18669,221571,0,0,23,24,1,0,1,5.169444561,0,0,3,400,444,844,465,490,955
18671,180344,0,0,27,22,1,1,1,5.150000095,0,0,4,448,559,1007,558,545,1103
18672,189378,1,1,15,15,1,1,1,5.658333302,0,0,3,433,500,933,519,557,1076
18682,161176,1,0,16,26,0,1,1,5.491666794,0,0,3,NA,NA,NA,507,481,988
18686,215533,1,1,17,16,1,1,0,5.13055563,0,0,3,456,520,976,558,542,1100
18687,215533,1,1,17,16,1,1,0,5.141666889,0,0,3,448,559,1007,590,601,1191
18688,193422,1,1,16,18,1,1,0,5.144444466,0,0,3,453,520,973,579,578,1157
18689,244774,0,0,22,20,1,0,1,5.161110878,0,0,1,495,484,979,448,497,945
18693,244697,1,1,15,17,0,0,1,5.172222137,0,0,1,414,463,877,495,512,1007
18695,193423,1,0,17,26,1,1,1,5.319444656,0,0,3,447,513,960,485,495,980
18696,215533,1,1,17,16,1,1,0,5.611111164,0,0,3,545,559,1104,604,601,1205
18699,168211,0,0,24,29,0,1,1,5.327777863,0,0,3,436,528,964,NA,532,NA
18701,244745,1,0,15,18,1,1,1,5.502777576,0,0,2,470,528,998,571,542,1113
18702,244776,0,0,23,22,1,0,1,5.288888931,0,0,1,433,500,933,453,510,963
18703,244697,1,1,16,16,1,0,1,5.430555344,0,0,1,439,484,923,492,532,1024
18704,244764,0,0,21,19,0,0,0,5.458333492,0,0,1,439,513,952,492,538,1030
18705,159171,0,0,22,23,1,1,1,5.208333492,0,0,3,500,513,1013,579,553,1132
18707,161183,0,0,21,21,1,1,1,5.333333492,0,0,3,403,478,881,507,578,1085
18708,244723,0,0,26,23,0,0,1,5.338889122,0,0,1,402,449,851,468,502,970
18710,244727,0,0,21,21,1,0,1,5.261111259,0,0,2,408,418,826,456,468,924
18713,193422,0,0,20,25,1,1,0,5.469444275,0,0,3,468,484,952,629,562,1191
18714,244806,0,0,26,22,0,0,1,5.430555344,0,0,1,424,484,908,463,NA,NA
18715,244746,0,0,19,23,1,0,1,5.483333111,0,0,1,428,449,877,548,601,1149
18718,244806,1,1,14,15,0,0,0,5.383333206,0,0,1,437,454,891,509,523,1032
18721,201449,0,1,22,17,1,1,1,5.527777672,0,0,3,411,478,889,NA,NA,NA
18722,244728,1,1,17,13,0,0,1,5.613888741,0,0,1,425,459,884,457,486,943
18723,215533,0,0,23,23,0,1,1,5.519444466,0,0,3,425,478,903,530,512,1042
18729,208503,1,1,14,13,0,1,1,5.63055563,0,0,3,419,449,868,530,553,1083
18736,244764,1,1,13,12,0,0,1,5.586111069,0,0,1,421,463,884,536,545,1081
18739,244801,0,0,24,25,0,1,0,5.716666698,0,0,2,448,506,954,474,532,1006
18742,244776,1,1,15,17,0,0,0,5.75,0,0,1,474,602,1076,571,584,1155
18745,261927,0,1,23,17,1,1,0,5.697222233,0,0,3,424,463,887,490,505,995
18747,166203,0,0,25,23,1,1,1,5.322222233,0,0,4,378,418,796,NA,468,NA
18748,221571,0,0,23,24,0,1,1,5.813889027,0,0,3,398,418,816,430,454,884
18750,189382,0,0,23,22,0,1,0,5.24444437,0,0,2,450,494,944,604,526,1130
18751,130085,0,0,22,23,0,1,0,5.258333206,0,0,2,414,500,914,590,545,1135
18752,201449,1,1,15,17,0,1,0,5.449999809,0,0,3,470,559,1029,604,612,1216
18756,261927,1,1,16,17,0,1,0,5.452777863,0,0,3,461,547,1008,604,567,1171
18757,162184,1,1,12,14,0,1,1,5.180555344,0,0,3,434,520,954,553,584,1137
18758,162184,1,1,12,13,0,1,1,5.194444656,0,0,3,410,473,883,512,549,1061
18759,162184,1,1,12,13,1,1,1,5.177777767,0,0,3,410,484,894,488,562,1050
18760,162184,0,0,20,21,1,1,1,5.488888741,0,0,3,434,506,940,564,545,1109
18761,208501,1,1,15,17,1,1,1,5.308333397,0,0,3,411,506,917,482,538,1020
18764,244745,0,0,28,18,0,1,0,5.527777672,0,0,2,439,478,917,499,529,1028
18766,244796,1,1,13,17,1,0,1,5.425000191,0,0,1,430,468,898,540,505,1045
18768,180344,0,0,24,22,1,0,1,5.202777863,0,0,4,NA,NA,NA,544,572,1116
18769,193423,1,1,17,14,0,1,0,5.552777767,0,0,3,NA,NA,NA,512,523,1035
18770,205492,1,1,17,18,0,0,0,5.247222424,0,0,2,NA,484,NA,478,520,998
18771,212522,1,1,13,17,1,1,1,5.191666603,0,0,4,433,489,922,482,545,1027
18772,212522,0,0,23,27,0,1,1,5.324999809,0,0,4,422,500,922,478,532,1010
18773,128076,0,0,24,21,1,1,0,5.136111259,0,0,2,433,506,939,483,510,993
18833,244806,0,0,25,17,0,0,1,5.211111069,0,0,1,430,473,903,514,500,1014
18862,244746,0,0,19,23,1,0,1,5.647222042,0,0,1,443,484,927,444,456,900
18865,244723,0,0,26,23,1,0,1,5.819444656,0,0,1,405,399,804,448,507,955
18867,244723,0,0,26,23,1,0,1,5.772222042,0,0,1,400,434,834,451,456,907
18870,244774,0,0,22,26,1,0,1,5.625,0,NA,1,439,489,928,469,456,925
18871,244723,1,1,17,15,0,0,1,5.661110878,0,0,1,397,412,809,604,545,1149
18880,244723,1,1,17,15,0,0,1,5.833333492,0,0,1,447,520,967,544,557,1101
18884,112038,1,1,16,17,0,0,1,6.949999809,0,0,4,433,478,911,590,545,1135
18887,261927,0,0,24,21,0,1,0,5.638888836,0,0,3,442,468,910,548,502,1050
18889,261927,0,0,22,21,0,1,0,5.533333302,0,0,3,424,484,908,558,562,1120
18891,244723,0,0,26,21,1,0,1,5.722222328,0,0,1,386,434,820,459,484,943
18896,244746,1,1,16,15,1,0,1,6.99444437,0,0,1,448,478,926,482,538,1020
18897,244723,1,1,17,15,0,0,1,6.941666603,0,0,1,436,506,942,499,542,1041
18898,244723,1,1,17,15,1,0,1,6.933333397,0,0,1,433,478,911,533,549,1082
18899,209510,0,0,21,24,1,1,1,6.983333111,0,0,3,431,473,904,501,562,1063
18903,244774,0,0,22,24,0,0,1,6.944444656,0,0,1,450,520,970,527,505,1032
18907,244806,0,0,25,22,0,0,1,5.772222042,0,0,1,431,506,937,466,500,966
18910,244796,0,0,19,24,1,0,1,5.61944437,0,0,1,408,454,862,463,553,1016
18912,244723,0,0,25,21,0,0,1,5.427777767,0,0,1,413,439,852,488,481,969
18917,244723,0,0,26,26,1,0,1,5.094444275,0,0,1,397,434,831,469,502,971
18924,244723,0,0,26,23,0,0,1,7.025000095,0,0,1,434,478,912,480,553,1033
18927,225585,0,1,21,19,0,1,0,5.588889122,0,0,3,386,412,798,478,502,980
18939,244774,1,1,17,17,0,0,0,7.044444561,0,0,1,455,484,939,494,505,999
18942,244723,1,1,17,15,0,0,1,6.944444656,0,0,1,407,434,841,439,505,944
18949,244723,1,1,17,15,1,0,1,5.361111164,0,0,1,443,484,927,509,518,1027
18952,244796,0,0,15,17,0,0,1,7.052777767,0,0,1,434,478,912,530,507,1037
18957,244755,0,1,22,14,1,0,1,5.180555344,0,0,1,451,500,951,533,542,1075
18960,244831,1,1,17,14,1,1,1,5.127777576,0,0,2,436,547,983,540,553,1093
18964,169219,0,0,22,22,0,1,0,5.433333397,0,0,2,460,506,966,604,584,1188
18966,166203,1,1,16,13,0,1,0,6.986111164,0,0,4,450,513,963,604,542,1146
18970,225585,0,1,23,18,0,1,1,5.277777672,0,0,3,430,459,889,485,526,1011
18972,112038,0,0,19,28,0,0,1,6.680555344,1,0,4,414,506,920,536,510,1046
18973,244796,0,0,19,24,1,0,1,5.197222233,0,0,1,428,506,934,471,507,978
18976,244806,0,0,25,22,1,0,1,7.019444466,0,0,1,453,500,953,NA,470,NA
18978,244806,0,0,25,23,1,0,1,5.252777576,0,0,1,451,494,945,483,474,957
18979,244727,1,1,17,13,0,0,0,5.230555534,0,0,2,460,500,960,604,557,1161
18980,244774,1,1,16,17,1,0,1,5.724999905,0,0,1,433,513,946,524,512,1036
18981,244755,0,0,20,21,1,0,0,5.675000191,0,0,1,424,463,887,462,495,957
18982,244755,1,1,15,12,1,0,1,6.00555563,0,0,1,470,626,1096,524,612,1136
18984,166203,0,0,21,21,1,1,0,5.216666698,0,0,4,507,576,1083,590,578,1168
18985,244796,1,1,13,17,0,0,1,6.836111069,0,0,1,414,423,837,463,479,942
18989,244755,0,1,20,14,1,0,1,5.136111259,0,0,1,405,468,873,468,486,954
18991,225585,0,0,21,26,1,1,0,5.602777958,0,0,3,490,506,996,629,520,1149
19007,225585,1,1,13,19,1,1,1,6.383333206,1,0,3,433,478,911,494,515,1009
19008,244723,1,1,17,15,1,0,1,6.916666508,0,0,1,448,513,961,544,553,1097
19009,261927,0,0,24,21,1,1,1,5.222222328,0,0,3,413,468,881,490,549,1039
19010,166203,0,0,21,21,0,0,1,5.469444275,0,0,4,416,454,870,477,505,982
19013,244746,1,1,16,15,0,0,0,5.199999809,0,0,1,503,520,1023,536,562,1098
19014,244746,1,0,16,23,0,0,1,5.586111069,0,0,1,408,489,897,477,549,1026
19015,244723,1,1,17,15,0,0,1,5.272222042,0,0,1,413,454,867,509,526,1035
19016,244723,1,1,17,15,0,0,1,5.5,0,0,1,445,489,934,564,529,1093
19017,244796,0,0,15,24,1,0,1,5.313889027,0,0,1,456,478,934,483,495,978
19018,244780,0,0,23,25,0,0,1,5.650000095,0,0,1,467,547,1014,540,520,1060
19019,244839,1,1,16,16,0,0,1,5.713889122,0,0,2,450,528,978,651,601,1252
19021,166203,1,0,15,21,0,1,1,5.288888931,0,0,4,397,423,820,430,472,902
19022,166203,0,1,25,13,0,1,1,5.561110973,0,0,4,434,459,893,497,502,999
19023,166203,0,0,25,23,0,1,1,5.669444561,0,0,4,461,478,939,629,542,1171
19024,244796,0,0,19,17,0,0,1,5.277777672,0,0,1,439,513,952,514,562,1076
19026,244774,0,0,22,26,0,0,1,5.569444656,0,0,1,522,484,1006,447,456,903
19035,261927,0,0,22,21,1,1,0,7.016666889,0,0,3,NA,NA,NA,590,572,1162
19040,244755,0,0,20,21,0,0,1,5.297222137,0,0,1,421,468,889,514,500,1014
19041,244723,0,0,26,21,1,0,1,5.286110878,0,0,1,405,429,834,474,507,981
19042,244728,0,0,17,22,0,0,1,5.455555439,0,0,1,431,459,890,492,486,978
19044,244806,0,0,25,22,0,0,1,5.086111069,0,0,1,490,602,1092,579,572,1151
19046,244723,0,0,26,26,1,0,1,5.452777863,0,0,1,419,459,878,512,497,1009
19047,244723,0,1,26,15,1,0,1,5.791666508,0,0,1,422,412,834,501,512,1013
19048,244774,1,1,16,17,0,0,1,5.761111259,0,0,1,463,576,1039,590,549,1139
19049,244796,0,0,15,24,0,0,1,5.447222233,0,0,1,393,399,792,450,468,918
19050,244723,0,0,26,21,1,0,1,7.00555563,0,0,1,411,468,879,487,486,973
19051,244746,0,0,21,23,1,0,1,5.269444466,0,0,1,421,463,884,530,567,1097
19054,244774,1,1,17,17,1,0,1,5.266666889,0,0,1,422,463,885,480,553,1033
19056,244755,0,0,22,21,0,0,1,5.430555344,0,0,1,411,418,829,475,474,949
19062,244774,0,0,22,26,1,0,1,6.302777767,0,0,1,453,489,942,495,518,1013
19063,244736,1,1,15,15,0,0,1,5.355555534,0,0,1,443,576,1019,527,542,1069
19065,244723,0,0,26,23,1,0,1,5.277777672,0,0,1,403,444,847,495,526,1021
19075,166203,0,0,21,23,1,1,1,6.655555725,1,0,4,419,500,919,477,529,1006
19076,244736,1,1,15,15,1,0,1,5.458333492,0,0,1,450,520,970,492,523,1015
19077,112038,0,1,19,17,1,0,1,5.622222424,0,0,4,397,412,809,436,488,924
19078,112038,1,1,16,17,0,0,0,5.419444561,0,0,4,408,468,876,548,523,1071
19080,244774,1,1,17,17,0,0,1,5.113888741,0,0,1,414,434,848,478,481,959
19081,244736,1,1,15,15,1,0,1,6.988888741,0,0,1,442,520,962,483,545,1028
19083,244723,0,0,26,21,0,0,1,5.563889027,0,0,1,405,429,834,442,463,905
19084,244806,0,0,25,22,1,0,1,5.680555344,0,0,1,456,418,874,445,441,886
19085,244736,0,0,19,22,0,0,1,5.819444656,0,0,1,476,528,1004,477,529,1006
19090,244796,1,0,12,17,0,0,1,5.794444561,0,0,1,403,454,857,521,526,1047
19092,244746,1,1,16,15,0,0,1,6.966666698,0,0,1,455,520,975,564,584,1148
19094,168211,0,1,24,19,0,1,1,5.480555534,0,0,3,474,559,1033,NA,562,NA
19097,244723,0,0,26,21,1,0,1,5.572222233,0,0,1,398,423,821,485,497,982
19099,252885,0,0,20,27,0,1,1,5.625,0,0,3,NA,NA,NA,444,449,893
19100,244736,1,1,15,15,0,0,1,6.599999905,0,0,1,431,468,899,474,523,997
19103,262937,1,1,14,15,0,1,0,5.741666794,0,0,2,440,500,940,485,549,1034
19105,166203,1,1,16,13,0,0,1,5.511111259,0,0,4,414,439,853,505,532,1037
19108,261927,0,1,23,17,1,1,1,5.50555563,0,0,3,393,434,827,485,470,955
19110,261927,0,1,24,17,1,1,0,6.24444437,1,0,3,391,444,835,436,444,880
19112,244723,0,0,26,21,1,0,1,6.808333397,1,0,1,411,449,860,469,493,962
19114,244746,0,0,21,24,0,0,1,5.699999809,0,0,1,458,494,952,482,484,966
19115,244736,0,0,19,21,0,0,1,5.516666889,0,0,1,500,528,1028,540,526,1066
19117,244723,0,0,25,22,1,0,1,5.533333302,0,0,1,414,454,868,468,502,970
19118,244723,1,1,17,15,1,0,1,5.547222137,0,0,1,422,454,876,495,472,967
19123,244723,1,1,17,15,0,0,1,5.822222233,0,0,1,411,484,895,488,538,1026
19125,244831,1,1,17,14,1,0,1,5.644444466,0,0,2,456,506,962,564,557,1121
19127,244736,0,0,21,24,1,0,1,6.844444275,1,0,1,411,444,855,414,444,858
19129,244755,1,1,15,15,0,0,1,5.361111164,0,0,1,497,576,1073,505,474,979
19130,244806,0,0,25,22,0,0,1,5.644444466,0,0,1,461,602,1063,514,532,1046
19131,244723,0,0,26,21,0,0,1,5.716666698,0,0,1,393,463,856,460,497,957
19134,244746,0,0,19,24,1,0,1,5.455555439,0,0,1,408,454,862,472,488,960
19135,225585,0,1,23,19,1,1,0,5.811110973,0,0,3,416,513,929,536,578,1114
19136,244746,1,1,16,15,1,0,1,5.108333111,0,0,1,468,500,968,524,567,1091
19139,244727,1,1,17,18,1,0,0,5.205555439,0,0,2,443,484,927,548,549,1097
19140,262937,1,1,13,16,1,1,0,6.838889122,0,0,2,439,494,933,519,553,1072
19149,261927,0,0,23,21,0,1,0,5.172222137,0,0,3,424,468,892,488,507,995
19236,218562,0,0,17,24,1,1,0,6.955555439,0,0,4,427,520,947,558,553,1111
19258,244708,1,1,16,16,0,0,1,5.63055563,0,0,1,443,444,887,465,512,977
19274,244806,0,0,25,23,0,0,1,5.525000095,0,0,1,440,576,1016,516,549,1065
19283,262937,0,0,22,23,0,1,0,7.019444466,0,0,2,437,506,943,490,515,1005
19300,208503,0,0,24,20,1,1,1,5.275000095,0,0,3,405,478,883,548,532,1080
19316,205491,0,0,22,18,0,1,0,5.327777863,0,0,2,414,520,934,521,592,1113
19329,168214,1,1,14,17,0,1,1,5.163888931,0,0,3,439,520,959,579,653,1232
19333,252885,0,0,20,27,1,0,1,5.672222137,0,0,3,NA,NA,NA,533,507,1040
19397,169229,1,1,16,17,0,1,0,5.269444466,0,0,2,458,478,936,571,507,1078
19431,221571,0,0,21,22,1,1,0,6.805555344,0,0,3,545,489,1034,651,612,1263
19433,244799,0,0,21,22,1,0,0,5.777777672,0,0,2,443,528,971,540,545,1085
19435,257899,0,0,24,22,1,1,1,6.713889122,1,0,3,408,506,914,494,535,1029
19437,159171,1,1,17,16,1,1,0,7.052777767,0,0,3,490,528,1018,590,557,1147
19438,193422,0,0,20,25,1,1,0,6.844444275,0,0,3,565,547,1112,604,601,1205
19439,262937,1,1,14,16,1,1,0,7.016666889,0,0,2,467,626,1093,629,627,1256
19444,228606,0,0,24,21,0,1,0,6.838889122,0,0,3,421,489,910,519,557,1076
19449,193423,0,0,22,22,1,1,0,6.961111069,0,0,3,414,528,942,488,557,1045
19452,164198,1,1,13,13,0,1,0,6.980555534,0,0,3,500,559,1059,629,578,1207
19456,169219,1,1,13,17,1,1,0,6.925000191,0,0,2,418,429,847,446,521,967
19459,234628,0,0,22,22,0,1,1,5.363888741,0,0,3,440,459,899,499,529,1028
19460,205488,0,0,23,19,1,1,0,5.277777672,0,0,2,NA,NA,NA,512,545,1057
19461,244831,0,0,22,24,1,1,0,5.666666508,0,0,2,419,459,878,512,523,1035
19462,201449,0,0,21,25,1,1,0,5.263888836,0,0,3,467,494,961,579,557,1136
19465,264945,1,1,15,17,1,1,0,5.636111259,0,0,2,485,576,1061,629,627,1256
19467,165199,0,0,19,22,0,1,0,5.699999809,0,0,4,461,489,950,604,584,1188
19468,264945,0,0,23,27,1,1,0,5.383333206,0,0,2,455,463,918,530,520,1050
19469,159171,1,1,17,16,0,1,1,5.358333111,0,0,3,440,513,953,480,515,995
19470,161176,1,1,16,17,0,1,1,5.150000095,0,0,3,437,494,931,590,562,1152
19474,264945,0,0,23,27,1,1,0,5.580555439,0,0,2,411,468,879,524,535,1059
19475,221571,0,0,23,21,1,1,0,5.247222424,0,0,3,405,449,854,533,592,1125
19476,189378,0,0,20,23,0,1,1,5.622222424,0,0,3,428,449,877,494,502,996
19477,244708,1,1,16,16,0,0,1,5.752777576,0,0,1,434,434,868,516,515,1031
19478,244708,1,1,16,16,0,0,1,5.758333206,0,0,1,458,439,897,482,549,1031
19479,259915,1,1,14,14,0,1,1,5.38055563,0,0,3,407,449,856,471,512,983
19483,164198,0,0,21,23,0,1,0,5.383333206,0,0,3,458,506,964,604,549,1153
19484,193423,0,0,22,19,1,1,0,5.622222424,0,0,3,416,454,870,459,468,927
19486,189382,1,1,13,17,1,1,0,5.663888931,0,0,2,467,463,930,590,535,1125
19487,262937,0,0,22,24,0,1,0,5.686110973,0,0,2,453,513,966,564,545,1109
19492,244728,1,1,17,13,1,0,1,5.433333397,0,0,1,NA,NA,NA,417,449,866
19494,244697,0,0,27,21,0,0,1,5.411110878,0,0,1,NA,NA,NA,474,486,960
19496,173312,0,0,22,20,1,1,0,5.736111164,0,0,3,434,468,902,514,526,1040
19497,201449,1,1,15,17,0,1,1,5.711111069,0,0,3,470,536,1006,571,601,1172
19501,244708,0,0,21,24,0,0,1,5.36944437,0,0,1,395,449,844,478,484,962
19502,244806,0,0,25,23,1,0,1,5.400000095,0,0,1,463,576,1039,478,567,1045
19506,112038,1,1,16,17,1,0,1,5.761111259,0,0,4,NA,NA,NA,436,444,880
19507,205488,1,0,17,23,1,1,0,5.272222042,0,0,2,458,489,947,482,520,1002
19509,128079,0,0,24,20,0,0,1,5.477777958,0,1,3,382,454,836,456,488,944
19512,180344,0,0,24,22,1,0,1,5.74444437,0,0,4,419,384,803,NA,NA,NA
19518,262937,1,1,14,15,1,1,0,5.361111164,0,0,2,450,494,944,499,545,1044
19519,221574,0,0,20,22,1,1,0,5.747222424,0,0,3,NA,NA,NA,NA,NA,NA
19522,161176,0,0,24,27,1,1,1,5.544444561,0,0,3,416,494,910,485,567,1052
19524,212522,1,1,13,16,1,1,1,5.669444561,0,0,4,430,489,919,471,507,978
19526,169231,0,0,23,19,0,1,0,5.488888741,0,0,1,445,478,923,564,557,1121
19595,244806,1,0,14,23,0,0,1,5.672222137,0,0,1,431,520,951,521,584,1105
19625,189378,0,0,20,23,0,1,0,8.069444656,1,0,3,416,478,894,472,510,982
19640,244774,0,0,26,23,0,0,1,5.094444275,0,0,1,NA,NA,NA,462,458,920
19660,169229,0,0,24,21,1,1,0,5.433333397,0,0,2,455,520,975,540,562,1102
19704,225585,1,1,13,18,1,1,0,5.341666698,0,0,3,421,478,899,548,515,1063
19723,244806,0,0,25,22,0,0,1,5.11944437,0,0,1,447,547,994,507,549,1056
19774,262937,0,0,22,24,0,0,0,7.036110878,0,0,2,565,528,1093,604,545,1149
19778,244745,0,0,23,24,1,1,1,7.077777863,0,0,2,NA,NA,NA,516,542,1058
19781,169219,1,1,13,17,1,1,0,6.88055563,0,0,2,NA,NA,NA,629,627,1256
19782,168211,0,0,24,30,0,1,0,6.983333111,0,0,3,483,547,1030,NA,NA,NA
19787,189378,1,1,15,15,0,1,0,7.041666508,0,0,3,413,463,876,540,523,1063
19790,264945,1,1,15,17,1,1,0,7.041666508,0,0,2,448,528,976,521,572,1093
19791,205490,0,0,24,24,1,0,0,6.099999905,0,0,1,411,405,816,533,518,1051
19792,161183,0,0,21,23,0,1,1,6.991666794,0,0,3,445,547,992,509,512,1021
19794,244806,0,0,27,22,0,0,1,5.377777576,0,0,1,465,489,954,477,512,989
19799,252885,0,0,20,27,1,0,1,5.211111069,0,0,3,434,468,902,521,510,1031
19804,244745,0,0,27,18,1,1,1,5.761111259,0,0,2,445,513,958,540,512,1052
19806,169231,1,1,15,15,0,1,1,5.491666794,0,0,1,424,478,902,519,486,1005
19809,159171,0,0,27,23,0,1,0,5.458333492,0,0,3,467,500,967,492,502,994
19812,189396,0,0,24,21,1,0,0,5.352777958,0,0,3,421,500,921,564,518,1082
19813,189378,1,0,15,23,1,1,0,5.511111259,0,0,3,433,468,901,530,526,1056
19816,244723,0,0,26,22,0,0,1,5.547222137,0,0,1,421,434,855,477,486,963
19817,253888,0,0,18,20,1,1,1,5.633333206,0,0,3,442,454,896,590,526,1116
19822,257899,0,1,23,13,0,1,1,5.644444466,0,0,3,433,459,892,509,518,1027
19823,257899,1,1,16,13,0,1,0,5.688889027,0,0,3,437,459,896,571,557,1128
19824,161176,1,1,16,17,0,1,0,5.752777576,0,0,3,411,468,879,507,535,1042
19826,189378,0,0,19,23,0,1,0,5.783333302,0,0,3,425,500,925,521,545,1066
19827,203452,1,1,16,17,1,1,0,5.777777672,0,0,3,545,576,1121,651,601,1252
19828,257899,1,1,16,15,1,1,0,5.794444561,0,0,3,NA,NA,NA,483,553,1036
19829,159171,0,0,24,26,1,1,1,6.008333206,0,0,3,422,478,900,474,549,1023
19831,173312,1,1,14,16,0,0,0,5.786110878,0,0,3,478,439,917,514,461,975
19835,189378,1,1,15,17,0,1,0,5.313889027,0,0,3,431,444,875,533,529,1062
19837,264945,0,0,23,26,0,1,0,5.594444275,0,0,2,NA,NA,NA,604,523,1127
19866,225585,0,1,21,18,0,1,1,5.513888836,0,0,3,437,449,886,514,529,1043
19884,216536,0,0,24,23,0,1,NA,6.930555344,NA,0,3,456,463,919,503,557,1060
19887,161183,0,0,23,26,0,1,1,5.219444275,0,0,3,408,459,867,505,458,963
19895,231616,0,0,23,25,1,1,0,5.563889027,0,0,3,445,528,973,519,542,1061
19912,164198,0,0,21,24,0,1,0,5.583333492,0,0,3,437,463,900,536,535,1071
20052,161176,1,1,16,17,0,1,0,5.677777767,0,0,3,439,513,952,571,578,1149
20066,244801,0,0,24,24,1,1,0,6.913888931,0,0,2,NA,NA,NA,503,510,1013
20097,162184,0,0,20,21,1,1,1,7.997222424,1,0,3,405,484,889,442,502,944
20099,253888,0,0,18,23,1,1,0,6.525000095,1,0,3,NA,547,NA,558,592,1150
20102,228606,1,1,16,14,1,0,1,6.230555534,0,0,3,445,513,958,516,542,1058
20103,244745,0,0,23,26,1,1,1,6.727777958,0,0,2,445,478,923,503,479,982
20104,161176,1,1,17,17,1,1,1,6.327777863,1,0,3,425,489,914,495,518,1013
20105,228606,0,0,25,22,1,1,0,6.652777672,0,0,3,507,500,1007,651,592,1243
20106,228606,1,1,16,14,1,1,0,6.666666508,0,0,3,472,602,1074,579,627,1206
20109,162184,1,1,12,14,1,1,1,6.777777672,1,0,3,400,405,805,NA,446,NA
20110,169219,1,1,13,17,0,1,0,6.877777576,0,0,2,510,576,1086,629,676,1305
20111,228606,0,0,24,20,0,1,1,6.941666603,0,0,3,474,494,968,604,557,1161
20112,228606,1,0,16,20,1,1,1,6.949999809,0,0,3,436,536,972,564,584,1148
20113,228606,1,1,16,14,1,1,0,6.916666508,0,0,3,433,500,933,553,584,1137
20115,123056,0,0,24,27,0,1,0,6.908333302,0,0,3,NA,NA,NA,604,526,1130
20116,169219,0,0,22,22,1,1,0,6.949999809,0,0,2,NA,NA,NA,590,612,1202
20118,169219,0,0,20,22,1,1,0,6.977777958,0,0,2,443,559,1002,488,562,1050
20119,162184,0,1,20,13,1,1,1,6.986111164,0,0,3,418,473,891,469,523,992
20120,161183,0,0,22,21,1,1,0,6.938889027,0,0,3,456,506,962,590,592,1182
20121,161176,1,1,16,17,0,1,0,6.925000191,0,0,3,428,489,917,604,529,1133
20122,161183,0,0,21,22,1,1,0,6.961111069,0,0,3,495,559,1054,629,612,1241
20123,169280,1,1,15,16,1,1,1,7.030555725,0,0,2,440,478,918,494,526,1020
20124,203452,0,0,19,24,0,1,0,6.919444561,0,0,3,472,489,961,651,526,1177
20125,161183,0,0,23,20,1,1,1,7.030555725,0,0,3,439,559,998,548,592,1140
20128,162184,0,0,19,20,1,1,1,6.972222328,0,1,3,398,449,847,478,493,971
20129,161183,0,0,23,21,0,1,1,7.044444561,0,0,3,427,489,916,590,578,1168
20130,161176,0,0,24,26,1,1,1,7.002777576,0,0,3,408,423,831,469,477,946
20131,161176,0,0,24,27,1,1,1,7.002777576,0,0,3,390,454,844,492,532,1024
20132,161176,1,1,17,17,0,1,0,6.99444437,0,0,3,455,484,939,571,562,1133
20133,161176,1,1,17,17,0,1,0,6.936110973,0,0,3,400,459,859,604,562,1166
20134,205492,0,0,23,29,1,0,0,6.947222233,0,0,2,437,494,931,519,535,1054
20135,191411,0,0,17,21,0,1,0,7.077777863,0,0,3,443,473,916,514,486,1000
20138,228606,0,0,25,22,0,1,0,6.977777958,0,0,3,440,602,1042,604,612,1216
20143,162184,0,0,19,21,1,1,1,6.436110973,1,1,3,411,468,879,NA,477,NA
20144,123056,0,0,23,25,1,1,1,6.644444466,0,0,3,414,454,868,434,451,885
20145,244799,1,1,14,17,0,0,0,6.427777767,1,0,2,434,536,970,544,523,1067
20146,216536,0,0,24,28,1,1,1,7.050000191,0,0,3,411,478,889,459,518,977
20147,216536,0,0,24,23,0,1,1,5.566666603,0,0,3,410,478,888,466,542,1008
20148,231616,1,1,14,15,1,1,1,7.047222137,0,0,3,500,547,1047,524,545,1069
20151,161176,0,0,24,26,0,1,1,6.849999905,1,0,3,410,449,859,441,472,913
20152,205491,1,1,15,17,1,1,0,6.974999905,0,0,2,408,473,881,524,535,1059
20153,205491,0,0,23,22,0,1,0,7.044444561,0,0,2,425,463,888,519,523,1042
20156,161183,1,1,14,14,0,0,1,6.983333111,0,0,3,474,576,1050,651,567,1218
20157,169229,0,0,25,22,1,1,0,6.930555344,0,0,2,495,576,1071,651,627,1278
20160,169229,0,0,25,21,1,1,0,5.091666698,0,0,2,450,489,939,495,510,1005
20162,161176,0,0,24,26,1,1,0,5.136111259,0,0,3,424,500,924,536,535,1071
20163,161183,1,1,14,14,1,1,1,5.150000095,0,0,3,NA,NA,NA,544,601,1145
20164,161176,0,0,24,26,1,1,0,5.169444561,0,0,3,407,449,856,439,486,925
20167,128076,0,0,24,21,1,1,0,5.136111259,0,0,2,455,528,983,553,545,1098
20168,161183,0,0,22,23,0,1,1,5.097222328,0,0,3,395,429,824,505,535,1040
20170,205488,0,1,24,15,1,0,0,5.222222328,0,0,2,430,506,936,505,567,1072
20171,159171,1,1,16,16,1,0,1,5.144444466,0,0,3,393,484,877,444,484,928
20172,168214,1,1,14,17,1,1,1,5.277777672,0,0,3,421,463,884,487,532,1019
20173,161176,1,1,16,17,1,1,0,5.238888741,0,0,3,497,520,1017,571,578,1149
20174,161176,0,0,24,26,0,1,0,5.36944437,0,0,3,411,459,870,505,481,986
20175,161176,0,0,24,26,1,1,0,5.336111069,0,0,3,427,484,911,512,526,1038
20176,205491,0,0,23,22,1,1,0,5.336111069,0,0,2,427,449,876,536,542,1078
20177,161183,0,0,22,20,0,1,1,5.330555439,0,0,3,407,494,901,NA,NA,NA
20178,221571,0,0,23,23,1,0,0,5.333333492,0,0,3,405,444,849,469,529,998
20179,161183,1,1,14,15,0,1,1,5.338889122,0,0,3,514,559,1073,590,601,1191
20180,161176,0,0,24,27,1,1,1,5.444444656,0,0,3,395,494,889,428,490,918
20182,161183,1,1,14,15,0,1,1,5.413888931,0,0,3,NA,NA,NA,571,584,1155
20183,161183,0,0,23,20,1,1,0,5.397222042,0,0,3,448,494,942,558,584,1142
20186,161176,1,0,17,26,0,1,1,5.313889027,0,0,3,453,528,981,571,592,1163
20187,161183,0,0,23,20,0,1,0,5.461111069,0,0,3,461,536,997,579,572,1151
20188,161183,0,0,22,22,1,1,1,5.411110878,0,0,3,463,528,991,564,578,1142
20189,161176,0,0,24,27,1,1,0,5.452777863,0,0,3,427,520,947,540,538,1078
20192,180344,0,0,25,20,0,1,0,5.458333492,0,0,4,538,506,1044,629,526,1155
20193,162184,0,0,20,20,0,1,1,5.502777576,0,0,3,416,513,929,579,584,1163
20194,216536,1,1,17,14,0,1,0,5.511111259,0,0,3,437,500,937,590,584,1174
20195,161176,1,1,17,17,1,1,0,5.425000191,0,0,3,408,454,862,512,532,1044
20196,161183,0,0,23,22,1,1,1,5.513888836,0,0,3,413,412,825,NA,NA,NA
20197,161176,0,0,24,26,0,1,0,5.519444466,0,0,3,451,489,940,564,549,1113
20198,161176,1,1,16,17,1,1,0,5.541666508,0,0,3,405,429,834,509,495,1004
20199,225585,1,1,13,19,0,1,0,5.586111069,0,0,3,430,489,919,475,512,987
20202,161176,0,0,24,26,1,1,0,5.594444275,0,0,3,458,520,978,571,592,1163
20203,161176,1,0,17,27,1,1,0,5.594444275,0,0,3,460,536,996,553,592,1145
20204,161183,0,0,21,23,0,1,1,5.594444275,0,0,3,465,489,954,540,507,1047
20206,161183,0,0,23,23,1,1,1,5.580555439,0,0,3,397,429,826,NA,NA,NA
20207,161183,0,0,23,22,1,1,0,5.616666794,0,0,3,455,513,968,579,562,1141
20208,161176,0,0,24,26,1,1,NA,5.666666508,NA,0,3,421,528,949,553,NA,NA
20209,161176,0,0,24,26,0,1,1,5.677777767,0,0,3,398,418,816,480,472,952
20211,161183,1,1,14,14,0,1,1,5.691666603,0,0,3,450,547,997,579,578,1157
20212,161176,0,0,24,26,0,1,0,5.694444656,0,0,3,428,500,928,540,549,1089
20213,161183,1,1,14,15,1,1,1,5.672222137,0,0,3,403,459,862,530,549,1079
20217,161183,0,0,22,22,0,1,1,5.738888741,0,0,3,470,506,976,651,592,1243
20218,161176,1,0,17,26,1,1,1,5.622222424,0,0,3,407,429,836,434,461,895
20219,161176,0,0,24,26,0,1,1,5.730555534,0,0,3,416,489,905,509,557,1066
20220,162184,0,0,19,21,0,1,0,5.824999809,0,0,3,425,459,884,651,520,1171
20221,161183,0,0,23,20,1,1,1,5.783333302,0,0,3,411,449,860,NA,NA,NA
20226,244764,0,0,21,23,1,0,1,5.783333302,0,0,1,424,449,873,469,468,937
20228,231616,0,0,21,25,0,1,1,5.263888836,0,0,3,434,459,893,524,578,1102
20229,162184,0,0,20,20,1,1,1,5.361111164,0,0,3,431,489,920,544,572,1116
20230,161176,0,0,24,26,1,1,0,5.805555344,0,0,3,430,459,889,530,520,1050
20231,161176,0,0,24,26,1,1,1,5.822222233,0,0,3,402,473,875,527,529,1056
20232,161176,1,0,16,26,1,1,0,5.830555439,0,0,3,400,459,859,519,518,1037
20233,231616,0,0,23,21,1,1,1,5.294444561,0,0,3,476,536,1012,629,612,1241
20234,228606,0,0,25,21,1,1,0,5.316666603,0,0,3,565,576,1141,629,592,1221
20236,228606,0,0,25,21,1,1,0,5.197222233,0,0,3,440,484,924,514,545,1059
20237,228606,0,0,24,21,1,1,0,5.233333111,0,0,3,439,500,939,629,572,1201
20238,228606,1,0,16,21,1,1,0,5.283333302,0,0,3,430,489,919,527,592,1119
20240,228606,0,0,24,20,0,1,0,5.269444466,0,0,3,419,473,892,527,542,1069
20241,244799,0,0,21,22,0,0,1,5.358333111,0,0,2,407,459,866,457,502,959
20242,228606,0,0,24,21,0,1,0,5.347222328,0,0,3,487,547,1034,651,627,1278
20249,161176,1,0,16,26,0,1,NA,5.683333397,NA,0,3,NA,NA,NA,460,481,941
20250,173312,0,0,22,21,0,1,1,5.383333206,0,0,3,463,449,912,505,518,1023
20252,168211,0,0,24,30,0,1,0,5.525000095,0,0,3,434,559,993,NA,549,NA
20254,162184,0,0,20,20,1,1,1,5.441666603,0,0,3,411,468,879,480,512,992
20255,162184,0,0,20,20,1,1,1,5.305555344,0,0,3,463,559,1022,604,601,1205
20256,225585,0,0,21,26,0,1,0,5.669444561,0,0,3,413,484,897,475,486,961
20258,244745,0,0,27,24,1,0,1,5.586111069,0,0,2,428,500,928,629,481,1110
20259,216536,0,0,23,22,1,1,0,5.508333206,0,0,3,413,444,857,488,523,1011
20260,161176,1,0,17,27,1,1,0,5.169444561,0,0,3,483,536,1019,590,567,1157
20261,161176,1,0,17,26,1,1,0,5.786110878,0,0,3,408,439,847,447,463,910
20262,161176,0,0,24,27,0,1,0,5.308333397,0,0,3,416,489,905,629,549,1178
20268,161183,0,0,23,22,1,1,1,5.175000191,1,0,3,437,478,915,NA,NA,NA
20269,161183,0,0,22,21,1,1,1,5.300000191,0,0,3,460,484,944,579,612,1191
20270,161183,0,0,22,26,0,1,1,5.699999809,0,0,3,413,412,825,494,441,935
20273,161183,1,1,14,15,0,1,1,5.761111259,0,0,3,428,468,896,553,538,1091
20275,225585,0,0,21,26,0,1,1,5.222222328,0,0,3,447,500,947,558,505,1063
20323,193423,0,0,24,22,0,1,NA,5.230555534,NA,0,3,467,576,1043,590,572,1162
20514,159171,0,0,27,26,1,1,0,6.699999809,0,0,3,472,484,956,533,562,1095
20519,205491,0,0,22,18,1,1,0,6.894444466,1,0,2,411,449,860,497,497,994
20520,130085,1,1,17,17,1,1,0,7.038888931,0,0,2,467,536,1003,629,676,1305
20521,253888,1,1,13,13,1,1,0,6.561110973,1,0,3,451,484,935,519,538,1057
20522,244801,0,0,24,25,1,1,0,5.319444656,0,0,2,440,536,976,499,549,1048
20525,161176,1,0,16,26,1,1,0,5.108333111,0,0,3,436,506,942,604,578,1182
20526,170295,0,0,22,23,1,1,1,5.175000191,0,0,3,451,602,1053,558,601,1159
20527,257899,0,0,24,23,1,1,0,5.127777576,0,0,3,424,468,892,492,500,992
20529,128076,1,1,13,14,1,1,1,5.516666889,0,0,2,431,484,915,482,557,1039
20530,203457,0,0,19,23,1,1,0,5.650000095,0,1,3,448,489,937,544,526,1070
20532,130085,1,0,17,23,1,1,0,5.277777672,0,0,2,434,494,928,503,584,1087
20535,244745,1,0,15,18,0,1,0,5.800000191,0,0,2,451,500,951,564,488,1052
20536,244801,1,1,16,17,0,1,0,5.180555344,0,0,2,442,500,942,544,526,1070
20541,203457,0,0,16,24,0,1,0,5.297222137,0,0,3,NA,NA,NA,536,493,1029
20643,193422,0,0,22,26,0,1,1,6.969444275,0,0,3,476,513,989,558,532,1090
20790,159171,0,0,27,26,0,1,1,6.597222328,0,0,3,437,468,905,465,532,997
20793,205491,1,1,15,17,0,1,0,6.927777767,0,0,2,434,506,940,571,584,1155
20799,221571,1,1,15,15,0,1,1,6.150000095,1,0,3,411,434,845,485,502,987
20803,216536,0,0,24,23,1,1,1,5.516666889,0,0,3,431,463,894,512,584,1096
20813,244776,1,1,17,17,0,0,1,5.775000095,0,0,1,433,473,906,465,472,937
20814,257899,0,1,23,15,0,1,0,5.324999809,0,0,3,410,454,864,482,510,992
20865,208501,0,0,22,24,0,1,1,5.669444561,0,0,3,403,412,815,483,490,973
20866,161176,0,0,24,27,0,1,0,5.747222424,0,0,3,397,434,831,505,520,1025
20867,203452,0,0,23,24,0,1,1,5.583333492,0,0,3,408,444,852,483,512,995
20868,230612,0,0,23,20,0,1,1,6.058333397,0,0,3,485,602,1087,629,549,1178
20869,168214,1,1,14,19,0,1,1,5.511111259,0,0,3,460,513,973,NA,NA,NA
20890,244776,0,1,24,17,0,0,0,6.958333492,0,0,1,461,468,929,590,549,1139
20891,244780,0,0,23,22,0,0,1,7.008333206,0,0,1,437,536,973,NA,NA,NA
20896,161176,0,0,24,26,1,1,1,5.763888836,0,0,3,393,429,822,419,465,884
20947,208503,0,0,24,20,1,1,0,5.683333397,0,0,3,411,399,810,544,472,1016
21034,162184,0,0,20,20,0,1,0,5.461111069,0,0,3,627,602,1229,629,612,1241
21077,244755,1,1,15,15,0,0,1,5.602777958,0,0,1,445,478,923,460,463,923
21078,244755,0,0,22,21,0,0,1,5.230555534,0,0,1,405,434,839,423,468,891
21095,168211,0,0,24,30,1,1,1,6.616666794,0,0,3,443,547,990,NA,538,NA
21096,208503,0,0,23,20,0,1,0,6.966666698,0,0,3,460,576,1036,651,601,1252
21097,208501,1,1,15,20,1,0,1,6.558333397,0,0,3,NA,NA,NA,462,495,957
21098,208501,1,1,14,20,0,1,1,6.213889122,1,0,3,NA,NA,NA,430,463,893
21099,228606,1,1,16,14,1,0,0,6.688889027,0,0,3,476,602,1078,604,592,1196
21100,164198,0,0,21,24,1,1,0,7.019444466,0,0,3,430,439,869,507,526,1033
21101,193423,0,0,24,25,0,1,1,6.972222328,0,0,3,410,429,839,454,490,944
21104,234628,1,1,16,13,1,1,1,6.75555563,1,0,3,450,494,944,571,562,1133
21105,234628,0,0,24,21,1,1,0,6.944444656,0,0,3,503,513,1016,651,612,1263
21106,112038,0,1,19,17,1,0,1,6.580555439,1,0,4,407,459,866,521,510,1031
21107,231616,0,0,21,21,0,1,1,6.988888741,0,0,3,451,576,1027,629,567,1196
21108,231616,0,0,21,21,1,1,1,6.974999905,0,0,3,411,473,884,530,532,1062
21109,231616,0,0,23,21,0,1,0,6.972222328,0,0,3,455,506,961,629,526,1155
21110,176329,1,1,12,15,0,1,1,7.011111259,0,0,3,442,468,910,488,515,1003
21111,176329,1,1,12,15,1,1,0,6.691666603,0,0,3,NA,NA,NA,NA,NA,NA
21112,176329,1,1,14,15,0,1,0,7.013888836,0,0,3,460,576,1036,480,549,1029
21113,176329,1,1,14,15,0,1,1,6.986111164,0,0,3,407,439,846,460,510,970
21114,176329,1,1,14,15,1,1,0,7.036110878,0,0,3,497,626,1123,651,562,1213
21116,176329,0,0,23,22,1,1,0,7.038888931,0,0,3,433,468,901,548,535,1083
21117,176329,0,0,23,22,0,1,0,7.019444466,0,0,3,468,473,941,629,612,1241
21118,176329,0,0,23,23,0,1,0,7.038888931,0,0,3,455,576,1031,536,529,1065
21119,176329,0,0,23,22,1,1,1,6.800000191,0,0,3,431,459,890,524,549,1073
21120,176329,0,1,22,15,0,1,0,7.086111069,0,0,3,497,576,1073,629,601,1230
21121,176329,0,0,22,23,1,1,1,7.066666603,0,0,3,465,626,1091,564,592,1156
21122,176329,0,0,22,22,1,1,1,7.058333397,0,0,3,448,506,954,590,567,1157
21123,176329,0,0,22,23,1,1,1,6.758333206,0,0,3,450,536,986,536,529,1065
21124,176329,0,0,22,22,0,1,1,6.952777863,0,0,3,458,559,1017,544,612,1156
21125,176329,0,0,22,22,0,1,1,7.036110878,0,0,3,495,576,1071,629,592,1221
21126,176329,0,0,22,22,0,1,1,7.052777767,0,0,3,455,513,968,604,557,1161
21127,176329,1,1,12,15,1,1,1,7.038888931,0,0,3,436,489,925,490,520,1010
21133,212522,0,0,22,26,0,1,1,6.605555534,0,0,4,NA,NA,NA,499,520,1019
21134,257899,1,1,17,15,0,1,0,7.077777863,0,0,3,455,478,933,651,549,1200
21135,169231,0,1,23,15,0,1,0,6.922222137,0,0,1,430,473,903,519,538,1057
21136,218562,0,0,17,24,1,1,0,6.772222042,0,0,4,428,536,964,516,592,1108
21137,218562,0,0,17,24,0,0,0,7.086111069,0,0,4,443,528,971,558,510,1068
21138,218562,1,1,14,14,1,1,1,6.947222233,0,0,4,460,536,996,558,601,1159
21143,244755,0,0,22,21,0,0,1,7.069444656,0,0,1,437,478,915,428,463,891
21144,244801,0,0,24,25,1,0,1,6.702777863,1,0,2,391,392,783,414,422,836
21146,244806,1,1,14,15,1,0,1,6.927777767,0,0,1,413,478,891,530,505,1035
21147,205491,1,0,14,18,1,1,0,6.838889122,0,0,2,487,547,1034,571,584,1155
21151,191411,0,0,17,21,1,1,1,6.786110878,0,0,3,NA,478,NA,462,484,946
21153,161183,0,0,23,22,1,1,1,6.919444561,0,0,3,395,439,834,482,486,968
21156,168211,0,0,23,30,1,1,1,6.436110973,0,0,3,428,463,891,NA,NA,NA
21157,168211,1,1,16,19,1,1,1,6.969444275,0,0,3,NA,NA,NA,NA,584,NA
21159,216536,1,1,17,14,0,1,1,7.008333206,0,0,3,483,528,1011,651,627,1278
21160,244776,1,0,15,22,0,0,0,6.997222424,0,0,1,437,494,931,530,486,1016
21162,180344,0,0,25,22,1,1,0,6.930555344,0,0,4,425,489,914,492,523,1015
21164,244708,0,0,24,24,0,0,1,6.688889027,1,0,1,407,418,825,465,474,939
21165,257899,0,1,23,15,0,1,1,7.080555439,0,0,3,433,444,877,579,612,1191
21166,123056,0,0,23,27,1,1,0,6.338889122,1,0,3,421,500,921,NA,523,NA
21169,259915,1,1,14,14,0,1,0,6.919444561,0,0,3,400,459,859,494,557,1051
21170,193423,0,0,22,21,0,1,1,7.019444466,0,0,3,434,459,893,512,502,1014
21171,209510,1,1,14,14,1,0,0,6.963889122,0,0,3,503,478,981,651,612,1263
21175,262937,1,1,14,16,0,0,0,6.702777863,0,0,2,476,506,982,590,557,1147
21179,205488,1,1,17,14,1,0,1,6.902777672,1,0,2,451,454,905,571,510,1081
21181,264945,0,0,23,26,1,1,0,6.855555534,0,0,2,476,513,989,604,592,1196
21185,253888,0,0,18,20,1,1,0,6.949999809,0,0,3,NA,NA,NA,474,549,1023
21191,212522,1,1,12,17,1,1,0,6.972222328,0,0,4,434,602,1036,629,592,1221
21193,193423,0,0,22,19,1,1,0,6.977777958,0,0,3,453,536,989,553,601,1154
21196,230612,1,1,16,15,0,1,1,6.972222328,0,0,3,NA,NA,NA,579,578,1157
21201,264945,0,0,22,26,1,1,0,7.027777672,0,0,2,445,449,894,492,512,1004
21202,112038,0,0,19,28,0,1,1,7.083333492,0,0,4,421,528,949,540,523,1063
21203,209510,1,1,14,14,1,1,0,7.036110878,0,0,3,437,454,891,579,535,1114
21206,234628,1,1,15,13,0,1,1,7.083333492,0,0,3,450,484,934,564,535,1099
21210,221574,1,1,13,13,1,1,0,7.025000095,0,0,3,463,559,1022,564,578,1142
21211,193423,1,1,17,14,0,0,0,6.888888836,0,0,3,NA,NA,NA,558,542,1100
21215,168211,0,0,24,29,0,1,0,5.38055563,0,0,3,436,513,949,NA,NA,NA
21217,162184,1,1,12,13,0,1,1,5.236111164,0,0,3,403,473,876,521,578,1099
21219,208503,0,0,24,20,1,1,1,5.527777672,0,0,3,408,506,914,497,510,1007
21220,208501,1,1,15,17,0,1,0,5.161110878,0,0,3,439,559,998,533,557,1090
21221,159171,0,0,27,26,0,0,1,5.661110878,0,0,3,405,439,844,482,518,1000
21223,169219,0,0,20,22,0,1,0,5.597222328,0,0,2,425,513,938,494,584,1078
21225,164198,0,0,21,24,0,1,0,5.224999905,0,0,3,463,500,963,553,553,1106
21228,234628,0,0,24,21,0,1,0,5.297222137,0,0,3,472,494,966,536,584,1120
21229,112038,1,1,16,17,0,0,0,5.963889122,0,0,4,405,429,834,540,505,1045
21231,128076,0,1,23,15,1,1,0,5.458333492,0,0,2,413,459,872,487,549,1036
21232,231616,0,0,21,21,1,1,0,5.091666698,0,0,3,422,536,958,579,553,1132
21233,231616,0,0,23,25,1,1,0,5.602777958,0,0,3,414,463,877,439,472,911
21234,176329,1,1,12,15,0,1,1,5.355555534,0,0,3,461,468,929,524,612,1136
21235,176329,1,1,12,15,0,1,1,5.497222424,0,0,3,430,468,898,514,479,993
21236,176329,1,1,14,15,0,1,1,5.194444656,0,0,3,458,559,1017,521,542,1063
21237,176329,1,1,14,15,1,1,1,5.577777863,0,0,3,427,484,911,468,490,958
21238,176329,1,1,14,15,1,1,0,5.441666603,0,0,3,463,559,1022,564,545,1109
21239,176329,1,1,14,15,0,1,0,5.569444656,0,0,3,492,602,1094,590,584,1174
21240,176329,1,1,14,15,1,1,1,5.158333302,0,0,3,468,576,1044,604,545,1149
21242,176329,1,1,14,15,1,1,1,5.324999809,0,0,3,565,559,1124,NA,NA,NA
21243,176329,1,1,14,15,0,1,1,5.525000095,0,0,3,416,484,900,459,481,940
21245,176329,0,0,23,23,1,1,0,5.577777863,0,0,3,440,478,918,536,562,1098
21247,176329,0,1,23,15,1,1,0,5.488888741,0,0,3,437,463,900,564,526,1090
21248,176329,0,0,23,23,0,1,1,5.655555725,0,0,3,440,468,908,564,532,1096
21249,176329,0,0,23,22,1,1,1,5.519444466,0,0,3,456,513,969,604,601,1205
21251,176329,0,0,23,23,0,1,1,5.363888741,0,0,3,439,423,862,453,451,904
21252,176329,0,0,23,22,1,1,1,5.508333206,0,0,3,414,454,868,527,529,1056
21253,176329,0,0,23,22,0,1,1,5.36944437,0,0,3,421,454,875,482,500,982
21254,176329,0,0,23,22,1,1,1,5.561110973,0,0,3,443,520,963,651,612,1263
21255,176329,0,0,23,23,0,1,1,5.227777958,0,0,3,424,484,908,564,529,1093
21256,176329,0,0,23,23,0,1,1,5.516666889,0,0,3,461,468,929,558,538,1096
21257,176329,0,0,23,22,0,1,1,5.122222424,0,0,3,434,468,902,NA,NA,NA
21258,176329,0,0,23,23,1,1,1,5.266666889,0,0,3,NA,NA,NA,579,612,1191
21260,176329,0,0,23,23,0,1,1,5.141666889,0,0,3,407,506,913,564,523,1087
21262,176329,0,0,22,22,0,1,1,5.644444466,0,0,3,495,559,1054,579,601,1180
21264,176329,0,0,22,23,0,1,1,5.650000095,0,0,3,440,468,908,439,470,909
21266,176329,0,0,22,23,0,1,1,5.508333206,0,0,3,425,489,914,512,490,1002
21267,176329,0,0,22,23,1,1,0,5.469444275,0,0,3,507,576,1083,629,612,1241
21268,176329,0,0,22,22,0,1,1,5.819444656,0,0,3,474,513,987,590,549,1139
21271,176329,0,0,22,22,1,1,1,5.263888836,0,0,3,451,449,900,475,481,956
21274,176329,1,1,12,15,1,1,1,5.36944437,0,0,3,421,454,875,492,463,955
21275,189382,0,0,23,22,1,1,0,5.775000095,0,0,2,422,449,871,492,510,1002
21276,203452,0,0,23,23,1,1,1,5.544444561,0,0,3,433,468,901,604,538,1142
21283,205492,1,1,17,18,0,0,1,5.474999905,0,0,2,478,506,984,530,549,1079
21284,161183,0,0,23,22,0,0,1,5.463889122,0,0,3,431,494,925,590,562,1152
21285,253888,0,0,17,23,1,1,0,5.677777767,0,0,3,NA,468,NA,492,470,962
21289,218562,0,0,17,24,1,1,1,5.730555534,0,0,4,434,506,940,548,612,1160
21290,218562,0,0,17,24,0,1,0,5.341666698,0,0,4,442,513,955,579,562,1141
21291,218562,0,0,17,24,0,1,0,5.127777576,0,0,4,451,500,951,514,567,1081
21292,218562,0,0,17,24,1,1,0,5.24444437,0,0,4,439,506,945,519,535,1054
21294,218562,1,1,14,14,0,0,1,5.427777767,0,0,4,440,500,940,571,572,1143
21295,218562,1,1,14,13,1,1,1,5.116666794,0,0,4,456,602,1058,492,515,1007
21297,209510,0,0,24,25,1,1,0,5.413888931,0,0,3,424,513,937,530,549,1079
21298,209510,0,0,24,25,1,1,0,5.297222137,0,0,3,451,473,924,439,463,902
21299,209510,0,0,24,23,1,1,0,5.341666698,0,0,3,419,444,863,453,502,955
21300,209510,0,0,24,24,1,1,0,5.599999905,0,0,3,436,444,880,519,542,1061
21301,209510,0,0,24,23,0,1,0,5.147222042,0,0,3,467,513,980,651,545,1196
21302,209510,0,0,24,23,1,1,1,5.133333206,0,0,3,405,454,859,509,505,1014
21303,209510,1,1,14,14,1,1,0,5.133333206,0,0,3,434,454,888,540,520,1060
21304,209510,0,0,22,23,1,0,1,5.433333397,0,0,3,425,429,854,519,468,987
21305,203457,1,0,12,24,0,1,1,5.783333302,0,0,3,410,454,864,477,490,967
21306,209510,0,0,21,23,0,1,1,5.644444466,0,0,3,419,423,842,462,500,962
21308,209510,0,0,21,25,1,1,0,5.216666698,0,0,3,451,444,895,558,518,1076
21309,244806,0,1,27,15,0,0,1,5.613888741,0,0,1,478,536,1014,447,463,910
21310,244806,0,0,27,22,0,0,1,5.333333492,0,0,1,450,506,956,501,572,1073
21311,244806,0,0,27,22,0,0,1,5.780555725,0,0,1,483,536,1019,527,562,1089
21312,244806,0,0,27,22,0,0,1,5.608333111,0,0,1,461,536,997,444,454,898
21314,244806,0,0,27,22,0,0,1,5.530555725,0,0,1,414,468,882,448,461,909
21316,244806,0,0,27,23,1,0,1,5.527777672,0,0,1,434,494,928,NA,NA,NA
21317,244806,0,0,27,22,0,0,1,6.966666698,0,0,1,NA,NA,NA,485,515,1000
21318,244806,0,1,27,15,0,0,1,6.991666794,0,0,1,465,559,1024,519,529,1048
21319,244801,0,0,24,25,1,1,0,5.155555725,0,0,2,442,520,962,501,493,994
21323,244801,0,0,24,25,0,0,1,5.277777672,0,0,2,408,494,902,472,474,946
21325,244801,0,0,24,24,0,1,0,5.11944437,0,0,2,439,528,967,466,493,959
21326,244755,0,1,22,14,0,0,1,5.652777672,0,0,1,461,513,974,497,500,997
21327,244755,0,0,22,21,1,0,1,5.727777958,0,0,1,424,434,858,460,484,944
21328,244755,0,0,22,21,0,0,1,5.694444656,1,0,1,436,536,972,483,468,951
21333,244801,0,0,24,24,0,0,0,5.172222137,0,0,2,405,459,864,475,502,977
21335,244806,1,1,14,15,0,0,1,5.772222042,0,0,1,421,506,927,516,578,1094
21336,230612,0,0,23,23,1,1,1,5.313889027,0,0,3,437,513,950,524,578,1102
21337,230612,0,0,23,20,0,1,1,5.363888741,0,0,3,472,576,1048,590,578,1168
21340,205492,1,1,16,18,0,0,1,5.308333397,0,0,2,518,576,1094,544,567,1111
21341,203457,0,1,19,15,1,1,0,5.469444275,0,0,3,427,459,886,590,572,1162
21343,189396,0,0,25,21,0,1,1,5.408333302,0,0,3,NA,NA,NA,527,510,1037
21347,161183,0,0,22,27,0,1,1,5.327777863,0,0,3,414,444,858,463,500,963
21348,261927,0,1,23,17,1,1,0,5.5,0,0,3,474,559,1033,590,612,1202
21349,264945,0,0,22,26,1,1,0,5.472222328,0,0,2,447,454,901,604,526,1130
21353,168211,0,0,24,30,1,1,0,5.25555563,0,0,3,439,478,917,NA,NA,NA
21355,168211,0,0,24,30,1,1,1,5.438889027,0,0,3,445,528,973,NA,NA,NA
21356,218562,1,1,14,13,0,1,0,5.086111069,0,0,4,500,576,1076,629,578,1207
21357,218562,0,0,17,24,0,1,0,5.25555563,0,0,4,434,520,954,519,567,1086
21358,216536,0,0,22,23,0,1,0,5.291666508,0,0,3,436,500,936,521,553,1074
21360,169219,1,1,13,17,0,1,0,5.63055563,0,0,2,NA,NA,NA,579,553,1132
21366,244755,1,1,16,15,1,0,0,5.347222328,0,0,1,418,536,954,524,512,1036
21367,244708,0,0,24,25,1,0,1,5.661110878,0,0,1,NA,434,NA,412,446,858
21371,259915,0,0,26,24,1,1,1,5.49444437,0,0,3,456,528,984,519,567,1086
21372,244831,0,0,22,24,0,0,1,5.758333206,0,0,2,NA,NA,NA,475,493,968
21373,189396,0,0,25,21,0,1,1,5.769444466,0,0,3,NA,NA,NA,579,518,1097
21375,259915,0,0,26,24,0,1,1,5.836111069,0,0,3,427,463,890,454,481,935
21376,208501,0,0,22,24,1,1,0,5.763888836,0,0,3,447,489,936,553,601,1154
21377,264945,0,0,22,26,1,1,0,5.150000095,0,0,2,455,520,975,512,518,1030
21378,189396,0,0,25,20,0,1,0,5.927777767,0,0,3,433,494,927,536,515,1051
21380,225585,1,1,13,19,1,1,1,5.572222233,0,0,3,422,463,885,469,505,974
21381,169219,0,0,22,21,0,1,0,5.605555534,0,1,2,518,536,1054,590,584,1174
21384,253888,1,1,13,13,1,0,0,5.625,0,0,3,461,494,955,590,572,1162
21385,257899,1,1,17,15,0,1,1,5.097222328,0,0,3,421,468,889,604,601,1205
21386,262937,0,0,22,23,0,1,0,5.394444466,0,0,2,440,528,968,503,529,1032
21387,168211,0,0,24,30,1,1,0,5.602777958,0,0,3,442,547,989,NA,523,NA
21388,191411,0,0,19,21,1,1,1,5.088889122,0,0,3,NA,NA,NA,579,584,1163
21389,123056,0,0,23,25,0,1,0,5.572222233,0,0,3,451,478,929,553,578,1131
21391,161183,0,0,23,21,1,1,1,5.166666508,0,0,3,425,506,931,536,584,1120
21395,189382,0,0,23,22,1,1,0,5.155555725,0,0,2,428,463,891,527,507,1034
21397,193422,0,0,20,26,0,1,0,5.294444561,0,0,3,497,559,1056,604,578,1182
21398,253888,1,1,13,13,1,1,0,5.763888836,0,1,3,414,434,848,466,470,936
21399,165199,1,1,13,14,0,1,0,5.233333111,0,0,4,448,513,961,533,545,1078
21400,262937,0,0,19,23,1,1,0,5.322222233,0,0,2,455,478,933,571,549,1120
21401,234628,0,0,23,21,1,0,1,5.394444466,0,0,3,451,439,890,571,495,1066
21403,164198,0,0,21,24,1,1,0,5.213889122,0,0,3,419,459,878,509,505,1014
21404,244697,0,0,27,22,1,0,1,5.516666889,0,0,1,NA,NA,NA,444,470,914
21408,201449,0,0,21,25,1,1,1,5.386111259,0,0,3,472,559,1031,604,592,1196
21414,130085,1,1,17,17,1,1,0,5.352777958,0,0,2,434,454,888,507,507,1014
21416,262937,0,0,22,24,1,1,0,5.366666794,0,0,2,565,602,1167,590,578,1168
21417,225585,0,1,22,18,0,1,1,5.108333111,0,0,3,398,463,861,472,510,982
21418,212522,1,1,12,16,0,1,1,5.711111069,0,0,4,419,463,882,463,479,942
21422,209510,0,0,24,24,0,1,1,5.186110973,0,0,3,431,513,944,530,572,1102
21423,189378,0,0,20,23,1,1,0,5.208333492,0,0,3,605,559,1164,604,592,1196
21424,162184,0,0,19,20,1,1,0,5.247222424,0,0,3,405,484,889,536,567,1103
21425,173312,1,1,14,16,0,1,0,5.175000191,0,0,3,476,513,989,533,505,1038
21426,257899,1,1,17,15,0,1,0,5.24444437,0,0,3,414,463,877,564,562,1126
21427,205488,0,0,23,19,0,1,0,5.752777576,0,0,2,431,439,870,501,495,996
21428,212522,0,0,23,27,0,1,1,5.391666889,0,0,4,424,449,873,558,502,1060
21429,168211,0,0,24,30,0,1,0,5.199999809,0,0,3,450,547,997,NA,535,NA
21433,209510,0,0,22,25,1,1,0,5.333333492,0,0,3,490,459,949,524,532,1056
21436,215533,1,1,14,15,0,1,0,5.413888931,0,0,3,448,513,961,524,557,1081
21438,170295,0,0,22,23,1,1,1,5.663888931,0,0,3,467,528,995,651,572,1223
21439,189382,0,0,24,22,1,1,0,5.263888836,0,0,2,463,473,936,524,512,1036
21440,262937,0,0,19,24,0,1,0,5.561110973,0,0,2,485,536,1021,590,532,1122
21442,162184,0,0,19,21,0,1,1,5.327777863,0,1,3,408,418,826,436,479,915
21443,253888,0,0,17,20,0,1,1,5.752777576,0,0,3,NA,NA,NA,494,512,1006
21444,253888,0,0,17,23,1,1,1,5.708333492,0,0,3,416,459,875,507,520,1027
21445,203457,1,1,12,15,0,1,0,5.722222328,0,0,3,440,439,879,544,526,1070
21449,264945,1,1,15,17,1,1,0,5.516666889,0,0,2,451,528,979,590,515,1105
21450,189382,1,0,14,22,1,1,0,5.788888931,0,0,2,458,463,921,553,523,1076
21451,209510,0,0,21,24,1,1,0,5.63055563,0,0,3,395,439,834,485,512,997
21453,128076,0,0,23,21,1,1,0,5.808333397,0,0,2,440,484,924,519,535,1054
21457,234628,1,1,15,13,1,1,0,5.819444656,0,0,3,455,536,991,629,584,1213
21460,164198,0,0,21,24,0,1,0,5.416666508,0,0,3,468,513,981,579,601,1180
21461,264945,0,0,23,26,0,1,0,5.666666508,0,0,2,442,478,920,514,512,1026
21463,168214,1,1,14,17,1,1,1,5.502777576,0,0,3,424,463,887,NA,NA,NA
21464,201449,0,0,22,24,0,1,1,5.688889027,0,0,3,403,434,837,474,474,948
21465,212522,0,0,21,27,0,1,1,5.49444437,0,0,4,451,439,890,474,479,953
21468,209510,1,1,14,14,1,1,0,5.525000095,0,0,3,408,449,857,451,505,956
21472,216536,1,1,17,14,0,1,0,5.541666508,0,0,3,425,478,903,629,592,1221
21474,128076,0,1,23,15,1,1,0,5.608333111,0,0,2,NA,NA,NA,485,553,1038
21478,203452,0,0,23,22,0,1,1,5.824999809,0,0,3,428,484,912,516,512,1028
21479,164198,0,0,21,24,0,1,1,5.791666508,0,0,3,418,423,841,462,493,955
21480,257905,0,0,21,22,1,1,0,5.800000191,0,0,4,478,478,956,651,572,1223
21481,128076,1,1,13,14,0,1,0,5.775000095,0,0,2,427,463,890,629,567,1196
21482,193423,0,0,24,21,0,1,0,5.547222137,0,0,3,431,484,915,590,538,1128
21484,234628,0,0,24,21,0,1,0,5.591666698,0,0,3,460,478,938,564,535,1099
21486,191411,0,0,19,22,1,1,1,5.855555534,NA,0,3,467,506,973,548,515,1063
21490,159171,0,0,27,23,0,0,1,5.894444466,0,0,3,NA,489,NA,558,553,1111
21493,193423,0,0,22,21,0,1,1,5.283333302,0,0,3,433,468,901,503,515,1018
21496,234628,0,0,22,22,1,1,1,5.097222328,0,0,3,470,520,990,544,567,1111
21498,123056,0,0,23,27,0,1,1,5.094444275,0,0,3,421,454,875,NA,NA,NA
21504,165199,0,0,22,22,1,1,0,5.805555344,0,0,4,450,506,956,480,567,1047
21505,234628,1,1,15,13,1,1,0,5.313889027,0,0,3,445,468,913,629,545,1174
21506,112038,0,0,19,28,1,1,1,5.75,0,0,4,414,449,863,480,490,970
21526,169229,1,1,16,16,0,1,0,7.388888836,0,0,2,437,412,849,497,441,938
21558,159171,0,0,27,23,0,1,1,5.308333397,0,0,3,407,473,880,487,545,1032
21560,215533,1,0,17,23,0,1,1,5.13055563,0,0,3,403,429,832,487,515,1002
21565,180344,0,0,27,22,0,1,1,5.811110973,0,0,4,437,494,931,490,507,997
21570,244728,0,1,20,13,0,0,1,5.741666794,0,0,1,424,449,873,492,479,971
